// ffx_frameinterpolation_compute_game_vector_field_inpainting_pyramid_pass_wave64_16bit_e7b28ecb93fa63683c34992cd607ecc7.h.
// Auto generated by FidelityFX-SC.

static const char* g_ffx_frameinterpolation_compute_game_vector_field_inpainting_pyramid_pass_wave64_16bit_e7b28ecb93fa63683c34992cd607ecc7_CBVResourceNames[] = {  "cbFI", "cbInpaintingPyramid", };
static const uint32_t g_ffx_frameinterpolation_compute_game_vector_field_inpainting_pyramid_pass_wave64_16bit_e7b28ecb93fa63683c34992cd607ecc7_CBVResourceBindings[] = {  0, 1, };
static const uint32_t g_ffx_frameinterpolation_compute_game_vector_field_inpainting_pyramid_pass_wave64_16bit_e7b28ecb93fa63683c34992cd607ecc7_CBVResourceCounts[] = {  1, 1, };
static const uint32_t g_ffx_frameinterpolation_compute_game_vector_field_inpainting_pyramid_pass_wave64_16bit_e7b28ecb93fa63683c34992cd607ecc7_CBVResourceSpaces[] = {  1, 1, };

static const char* g_ffx_frameinterpolation_compute_game_vector_field_inpainting_pyramid_pass_wave64_16bit_e7b28ecb93fa63683c34992cd607ecc7_TextureSRVResourceNames[] = {  "r_game_motion_vector_field_x", "r_game_motion_vector_field_y", };
static const uint32_t g_ffx_frameinterpolation_compute_game_vector_field_inpainting_pyramid_pass_wave64_16bit_e7b28ecb93fa63683c34992cd607ecc7_TextureSRVResourceBindings[] = {  0, 1, };
static const uint32_t g_ffx_frameinterpolation_compute_game_vector_field_inpainting_pyramid_pass_wave64_16bit_e7b28ecb93fa63683c34992cd607ecc7_TextureSRVResourceCounts[] = {  1, 1, };
static const uint32_t g_ffx_frameinterpolation_compute_game_vector_field_inpainting_pyramid_pass_wave64_16bit_e7b28ecb93fa63683c34992cd607ecc7_TextureSRVResourceSpaces[] = {  1, 1, };

static const char* g_ffx_frameinterpolation_compute_game_vector_field_inpainting_pyramid_pass_wave64_16bit_e7b28ecb93fa63683c34992cd607ecc7_TextureUAVResourceNames[] = {  "rw_inpainting_pyramid0", "rw_inpainting_pyramid1", "rw_inpainting_pyramid2", "rw_inpainting_pyramid3", "rw_inpainting_pyramid4", "rw_inpainting_pyramid5", "rw_inpainting_pyramid6", "rw_inpainting_pyramid7", "rw_inpainting_pyramid8", "rw_inpainting_pyramid9", "rw_inpainting_pyramid10", "rw_inpainting_pyramid11", };
static const uint32_t g_ffx_frameinterpolation_compute_game_vector_field_inpainting_pyramid_pass_wave64_16bit_e7b28ecb93fa63683c34992cd607ecc7_TextureUAVResourceBindings[] = {  1, 2, 3, 4, 5, 6, 7, 8, 9, 10, 11, 12, };
static const uint32_t g_ffx_frameinterpolation_compute_game_vector_field_inpainting_pyramid_pass_wave64_16bit_e7b28ecb93fa63683c34992cd607ecc7_TextureUAVResourceCounts[] = {  1, 1, 1, 1, 1, 1, 1, 1, 1, 1, 1, 1, };
static const uint32_t g_ffx_frameinterpolation_compute_game_vector_field_inpainting_pyramid_pass_wave64_16bit_e7b28ecb93fa63683c34992cd607ecc7_TextureUAVResourceSpaces[] = {  1, 1, 1, 1, 1, 1, 1, 1, 1, 1, 1, 1, };

static const char* g_ffx_frameinterpolation_compute_game_vector_field_inpainting_pyramid_pass_wave64_16bit_e7b28ecb93fa63683c34992cd607ecc7_BufferUAVResourceNames[] = {  "rw_counters", };
static const uint32_t g_ffx_frameinterpolation_compute_game_vector_field_inpainting_pyramid_pass_wave64_16bit_e7b28ecb93fa63683c34992cd607ecc7_BufferUAVResourceBindings[] = {  0, };
static const uint32_t g_ffx_frameinterpolation_compute_game_vector_field_inpainting_pyramid_pass_wave64_16bit_e7b28ecb93fa63683c34992cd607ecc7_BufferUAVResourceCounts[] = {  1, };
static const uint32_t g_ffx_frameinterpolation_compute_game_vector_field_inpainting_pyramid_pass_wave64_16bit_e7b28ecb93fa63683c34992cd607ecc7_BufferUAVResourceSpaces[] = {  1, };

static const uint32_t g_ffx_frameinterpolation_compute_game_vector_field_inpainting_pyramid_pass_wave64_16bit_e7b28ecb93fa63683c34992cd607ecc7_size = 36248;

static const unsigned char g_ffx_frameinterpolation_compute_game_vector_field_inpainting_pyramid_pass_wave64_16bit_e7b28ecb93fa63683c34992cd607ecc7_data[] = {
0x44,0x58,0x42,0x43,0xcb,0x8e,0xb2,0xe7,0x68,0x63,0xfa,0x93,0x2c,0x99,0x34,0x3c,
0xc7,0xec,0x07,0xd6,0x01,0x00,0x00,0x00,0x98,0x8d,0x00,0x00,0x06,0x00,0x00,0x00,
0x38,0x00,0x00,0x00,0xac,0x0c,0x00,0x00,0xbc,0x0c,0x00,0x00,0xcc,0x0c,0x00,0x00,
0xec,0x8c,0x00,0x00,0xfc,0x8c,0x00,0x00,0x52,0x44,0x45,0x46,0x6c,0x0c,0x00,0x00,
0x03,0x00,0x00,0x00,0xd4,0x03,0x00,0x00,0x11,0x00,0x00,0x00,0x3c,0x00,0x00,0x00,
0x00,0x05,0x53,0x43,0x00,0x01,0x00,0x00,0x44,0x0c,0x00,0x00,0x52,0x44,0x31,0x31,
0x3c,0x00,0x00,0x00,0x18,0x00,0x00,0x00,0x20,0x00,0x00,0x00,0x28,0x00,0x00,0x00,
0x24,0x00,0x00,0x00,0x0c,0x00,0x00,0x00,0x00,0x00,0x00,0x00,0x5c,0x02,0x00,0x00,
0x02,0x00,0x00,0x00,0x04,0x00,0x00,0x00,0x04,0x00,0x00,0x00,0xff,0xff,0xff,0xff,
0x00,0x00,0x00,0x00,0x01,0x00,0x00,0x00,0x01,0x00,0x00,0x00,0x79,0x02,0x00,0x00,
0x02,0x00,0x00,0x00,0x04,0x00,0x00,0x00,0x04,0x00,0x00,0x00,0xff,0xff,0xff,0xff,
0x01,0x00,0x00,0x00,0x01,0x00,0x00,0x00,0x01,0x00,0x00,0x00,0x96,0x02,0x00,0x00,
0x06,0x00,0x00,0x00,0x06,0x00,0x00,0x00,0x01,0x00,0x00,0x00,0x04,0x00,0x00,0x00,
0x00,0x00,0x00,0x00,0x01,0x00,0x00,0x00,0x01,0x00,0x00,0x00,0xa2,0x02,0x00,0x00,
0x04,0x00,0x00,0x00,0x05,0x00,0x00,0x00,0x04,0x00,0x00,0x00,0xff,0xff,0xff,0xff,
0x01,0x00,0x00,0x00,0x01,0x00,0x00,0x00,0x0d,0x00,0x00,0x00,0xb9,0x02,0x00,0x00,
0x04,0x00,0x00,0x00,0x05,0x00,0x00,0x00,0x04,0x00,0x00,0x00,0xff,0xff,0xff,0xff,
0x02,0x00,0x00,0x00,0x01,0x00,0x00,0x00,0x0d,0x00,0x00,0x00,0xd0,0x02,0x00,0x00,
0x04,0x00,0x00,0x00,0x05,0x00,0x00,0x00,0x04,0x00,0x00,0x00,0xff,0xff,0xff,0xff,
0x03,0x00,0x00,0x00,0x01,0x00,0x00,0x00,0x0d,0x00,0x00,0x00,0xe7,0x02,0x00,0x00,
0x04,0x00,0x00,0x00,0x05,0x00,0x00,0x00,0x04,0x00,0x00,0x00,0xff,0xff,0xff,0xff,
0x04,0x00,0x00,0x00,0x01,0x00,0x00,0x00,0x0d,0x00,0x00,0x00,0xfe,0x02,0x00,0x00,
0x04,0x00,0x00,0x00,0x05,0x00,0x00,0x00,0x04,0x00,0x00,0x00,0xff,0xff,0xff,0xff,
0x05,0x00,0x00,0x00,0x01,0x00,0x00,0x00,0x0d,0x00,0x00,0x00,0x15,0x03,0x00,0x00,
0x04,0x00,0x00,0x00,0x05,0x00,0x00,0x00,0x04,0x00,0x00,0x00,0xff,0xff,0xff,0xff,
0x06,0x00,0x00,0x00,0x01,0x00,0x00,0x00,0x0d,0x00,0x00,0x00,0x2c,0x03,0x00,0x00,
0x04,0x00,0x00,0x00,0x05,0x00,0x00,0x00,0x04,0x00,0x00,0x00,0xff,0xff,0xff,0xff,
0x07,0x00,0x00,0x00,0x01,0x00,0x00,0x00,0x0d,0x00,0x00,0x00,0x43,0x03,0x00,0x00,
0x04,0x00,0x00,0x00,0x05,0x00,0x00,0x00,0x04,0x00,0x00,0x00,0xff,0xff,0xff,0xff,
0x08,0x00,0x00,0x00,0x01,0x00,0x00,0x00,0x0d,0x00,0x00,0x00,0x5a,0x03,0x00,0x00,
0x04,0x00,0x00,0x00,0x05,0x00,0x00,0x00,0x04,0x00,0x00,0x00,0xff,0xff,0xff,0xff,
0x09,0x00,0x00,0x00,0x01,0x00,0x00,0x00,0x0d,0x00,0x00,0x00,0x71,0x03,0x00,0x00,
0x04,0x00,0x00,0x00,0x05,0x00,0x00,0x00,0x04,0x00,0x00,0x00,0xff,0xff,0xff,0xff,
0x0a,0x00,0x00,0x00,0x01,0x00,0x00,0x00,0x0d,0x00,0x00,0x00,0x88,0x03,0x00,0x00,
0x04,0x00,0x00,0x00,0x05,0x00,0x00,0x00,0x04,0x00,0x00,0x00,0xff,0xff,0xff,0xff,
0x0b,0x00,0x00,0x00,0x01,0x00,0x00,0x00,0x0d,0x00,0x00,0x00,0xa0,0x03,0x00,0x00,
0x04,0x00,0x00,0x00,0x05,0x00,0x00,0x00,0x04,0x00,0x00,0x00,0xff,0xff,0xff,0xff,
0x0c,0x00,0x00,0x00,0x01,0x00,0x00,0x00,0x0d,0x00,0x00,0x00,0xb8,0x03,0x00,0x00,
0x00,0x00,0x00,0x00,0x00,0x00,0x00,0x00,0x00,0x00,0x00,0x00,0x00,0x00,0x00,0x00,
0x00,0x00,0x00,0x00,0x01,0x00,0x00,0x00,0x01,0x00,0x00,0x00,0xbd,0x03,0x00,0x00,
0x00,0x00,0x00,0x00,0x00,0x00,0x00,0x00,0x00,0x00,0x00,0x00,0x00,0x00,0x00,0x00,
0x01,0x00,0x00,0x00,0x01,0x00,0x00,0x00,0x01,0x00,0x00,0x00,0x72,0x5f,0x67,0x61,
0x6d,0x65,0x5f,0x6d,0x6f,0x74,0x69,0x6f,0x6e,0x5f,0x76,0x65,0x63,0x74,0x6f,0x72,
0x5f,0x66,0x69,0x65,0x6c,0x64,0x5f,0x78,0x00,0x72,0x5f,0x67,0x61,0x6d,0x65,0x5f,
0x6d,0x6f,0x74,0x69,0x6f,0x6e,0x5f,0x76,0x65,0x63,0x74,0x6f,0x72,0x5f,0x66,0x69,
0x65,0x6c,0x64,0x5f,0x79,0x00,0x72,0x77,0x5f,0x63,0x6f,0x75,0x6e,0x74,0x65,0x72,
0x73,0x00,0x72,0x77,0x5f,0x69,0x6e,0x70,0x61,0x69,0x6e,0x74,0x69,0x6e,0x67,0x5f,
0x70,0x79,0x72,0x61,0x6d,0x69,0x64,0x30,0x00,0x72,0x77,0x5f,0x69,0x6e,0x70,0x61,
0x69,0x6e,0x74,0x69,0x6e,0x67,0x5f,0x70,0x79,0x72,0x61,0x6d,0x69,0x64,0x31,0x00,
0x72,0x77,0x5f,0x69,0x6e,0x70,0x61,0x69,0x6e,0x74,0x69,0x6e,0x67,0x5f,0x70,0x79,
0x72,0x61,0x6d,0x69,0x64,0x32,0x00,0x72,0x77,0x5f,0x69,0x6e,0x70,0x61,0x69,0x6e,
0x74,0x69,0x6e,0x67,0x5f,0x70,0x79,0x72,0x61,0x6d,0x69,0x64,0x33,0x00,0x72,0x77,
0x5f,0x69,0x6e,0x70,0x61,0x69,0x6e,0x74,0x69,0x6e,0x67,0x5f,0x70,0x79,0x72,0x61,
0x6d,0x69,0x64,0x34,0x00,0x72,0x77,0x5f,0x69,0x6e,0x70,0x61,0x69,0x6e,0x74,0x69,
0x6e,0x67,0x5f,0x70,0x79,0x72,0x61,0x6d,0x69,0x64,0x35,0x00,0x72,0x77,0x5f,0x69,
0x6e,0x70,0x61,0x69,0x6e,0x74,0x69,0x6e,0x67,0x5f,0x70,0x79,0x72,0x61,0x6d,0x69,
0x64,0x36,0x00,0x72,0x77,0x5f,0x69,0x6e,0x70,0x61,0x69,0x6e,0x74,0x69,0x6e,0x67,
0x5f,0x70,0x79,0x72,0x61,0x6d,0x69,0x64,0x37,0x00,0x72,0x77,0x5f,0x69,0x6e,0x70,
0x61,0x69,0x6e,0x74,0x69,0x6e,0x67,0x5f,0x70,0x79,0x72,0x61,0x6d,0x69,0x64,0x38,
0x00,0x72,0x77,0x5f,0x69,0x6e,0x70,0x61,0x69,0x6e,0x74,0x69,0x6e,0x67,0x5f,0x70,
0x79,0x72,0x61,0x6d,0x69,0x64,0x39,0x00,0x72,0x77,0x5f,0x69,0x6e,0x70,0x61,0x69,
0x6e,0x74,0x69,0x6e,0x67,0x5f,0x70,0x79,0x72,0x61,0x6d,0x69,0x64,0x31,0x30,0x00,
0x72,0x77,0x5f,0x69,0x6e,0x70,0x61,0x69,0x6e,0x74,0x69,0x6e,0x67,0x5f,0x70,0x79,
0x72,0x61,0x6d,0x69,0x64,0x31,0x31,0x00,0x63,0x62,0x46,0x49,0x00,0x63,0x62,0x49,
0x6e,0x70,0x61,0x69,0x6e,0x74,0x69,0x6e,0x67,0x50,0x79,0x72,0x61,0x6d,0x69,0x64,
0x00,0xab,0xab,0xab,0xb8,0x03,0x00,0x00,0x1b,0x00,0x00,0x00,0x1c,0x04,0x00,0x00,
0xb0,0x00,0x00,0x00,0x00,0x00,0x00,0x00,0x00,0x00,0x00,0x00,0xbd,0x03,0x00,0x00,
0x03,0x00,0x00,0x00,0x20,0x0b,0x00,0x00,0x10,0x00,0x00,0x00,0x00,0x00,0x00,0x00,
0x00,0x00,0x00,0x00,0x96,0x02,0x00,0x00,0x01,0x00,0x00,0x00,0xec,0x0b,0x00,0x00,
0x04,0x00,0x00,0x00,0x00,0x00,0x00,0x00,0x03,0x00,0x00,0x00,0x54,0x08,0x00,0x00,
0x00,0x00,0x00,0x00,0x08,0x00,0x00,0x00,0x00,0x00,0x00,0x00,0x6c,0x08,0x00,0x00,
0x00,0x00,0x00,0x00,0xff,0xff,0xff,0xff,0x00,0x00,0x00,0x00,0xff,0xff,0xff,0xff,
0x00,0x00,0x00,0x00,0x90,0x08,0x00,0x00,0x08,0x00,0x00,0x00,0x08,0x00,0x00,0x00,
0x02,0x00,0x00,0x00,0x6c,0x08,0x00,0x00,0x00,0x00,0x00,0x00,0xff,0xff,0xff,0xff,
0x00,0x00,0x00,0x00,0xff,0xff,0xff,0xff,0x00,0x00,0x00,0x00,0x9c,0x08,0x00,0x00,
0x10,0x00,0x00,0x00,0x08,0x00,0x00,0x00,0x00,0x00,0x00,0x00,0xb4,0x08,0x00,0x00,
0x00,0x00,0x00,0x00,0xff,0xff,0xff,0xff,0x00,0x00,0x00,0x00,0xff,0xff,0xff,0xff,
0x00,0x00,0x00,0x00,0xd8,0x08,0x00,0x00,0x18,0x00,0x00,0x00,0x04,0x00,0x00,0x00,
0x00,0x00,0x00,0x00,0xec,0x08,0x00,0x00,0x00,0x00,0x00,0x00,0xff,0xff,0xff,0xff,
0x00,0x00,0x00,0x00,0xff,0xff,0xff,0xff,0x00,0x00,0x00,0x00,0x10,0x09,0x00,0x00,
0x1c,0x00,0x00,0x00,0x04,0x00,0x00,0x00,0x00,0x00,0x00,0x00,0xec,0x08,0x00,0x00,
0x00,0x00,0x00,0x00,0xff,0xff,0xff,0xff,0x00,0x00,0x00,0x00,0xff,0xff,0xff,0xff,
0x00,0x00,0x00,0x00,0x1a,0x09,0x00,0x00,0x20,0x00,0x00,0x00,0x08,0x00,0x00,0x00,
0x00,0x00,0x00,0x00,0x6c,0x08,0x00,0x00,0x00,0x00,0x00,0x00,0xff,0xff,0xff,0xff,
0x00,0x00,0x00,0x00,0xff,0xff,0xff,0xff,0x00,0x00,0x00,0x00,0x2d,0x09,0x00,0x00,
0x28,0x00,0x00,0x00,0x04,0x00,0x00,0x00,0x00,0x00,0x00,0x00,0x3c,0x09,0x00,0x00,
0x00,0x00,0x00,0x00,0xff,0xff,0xff,0xff,0x00,0x00,0x00,0x00,0xff,0xff,0xff,0xff,
0x00,0x00,0x00,0x00,0x60,0x09,0x00,0x00,0x2c,0x00,0x00,0x00,0x04,0x00,0x00,0x00,
0x00,0x00,0x00,0x00,0x3c,0x09,0x00,0x00,0x00,0x00,0x00,0x00,0xff,0xff,0xff,0xff,
0x00,0x00,0x00,0x00,0xff,0xff,0xff,0xff,0x00,0x00,0x00,0x00,0x66,0x09,0x00,0x00,
0x30,0x00,0x00,0x00,0x10,0x00,0x00,0x00,0x00,0x00,0x00,0x00,0x80,0x09,0x00,0x00,
0x00,0x00,0x00,0x00,0xff,0xff,0xff,0xff,0x00,0x00,0x00,0x00,0xff,0xff,0xff,0xff,
0x00,0x00,0x00,0x00,0xa4,0x09,0x00,0x00,0x40,0x00,0x00,0x00,0x04,0x00,0x00,0x00,
0x00,0x00,0x00,0x00,0xec,0x08,0x00,0x00,0x00,0x00,0x00,0x00,0xff,0xff,0xff,0xff,
0x00,0x00,0x00,0x00,0xff,0xff,0xff,0xff,0x00,0x00,0x00,0x00,0xae,0x09,0x00,0x00,
0x44,0x00,0x00,0x00,0x04,0x00,0x00,0x00,0x00,0x00,0x00,0x00,0x3c,0x09,0x00,0x00,
0x00,0x00,0x00,0x00,0xff,0xff,0xff,0xff,0x00,0x00,0x00,0x00,0xff,0xff,0xff,0xff,
0x00,0x00,0x00,0x00,0xc4,0x09,0x00,0x00,0x48,0x00,0x00,0x00,0x08,0x00,0x00,0x00,
0x00,0x00,0x00,0x00,0xb4,0x08,0x00,0x00,0x00,0x00,0x00,0x00,0xff,0xff,0xff,0xff,
0x00,0x00,0x00,0x00,0xff,0xff,0xff,0xff,0x00,0x00,0x00,0x00,0xcb,0x09,0x00,0x00,
0x50,0x00,0x00,0x00,0x08,0x00,0x00,0x00,0x00,0x00,0x00,0x00,0xb4,0x08,0x00,0x00,
0x00,0x00,0x00,0x00,0xff,0xff,0xff,0xff,0x00,0x00,0x00,0x00,0xff,0xff,0xff,0xff,
0x00,0x00,0x00,0x00,0xdc,0x09,0x00,0x00,0x58,0x00,0x00,0x00,0x04,0x00,0x00,0x00,
0x00,0x00,0x00,0x00,0x3c,0x09,0x00,0x00,0x00,0x00,0x00,0x00,0xff,0xff,0xff,0xff,
0x00,0x00,0x00,0x00,0xff,0xff,0xff,0xff,0x00,0x00,0x00,0x00,0xf1,0x09,0x00,0x00,
0x5c,0x00,0x00,0x00,0x04,0x00,0x00,0x00,0x00,0x00,0x00,0x00,0x0c,0x0a,0x00,0x00,
0x00,0x00,0x00,0x00,0xff,0xff,0xff,0xff,0x00,0x00,0x00,0x00,0xff,0xff,0xff,0xff,
0x00,0x00,0x00,0x00,0x30,0x0a,0x00,0x00,0x60,0x00,0x00,0x00,0x08,0x00,0x00,0x00,
0x00,0x00,0x00,0x00,0x6c,0x08,0x00,0x00,0x00,0x00,0x00,0x00,0xff,0xff,0xff,0xff,
0x00,0x00,0x00,0x00,0xff,0xff,0xff,0xff,0x00,0x00,0x00,0x00,0x3e,0x0a,0x00,0x00,
0x68,0x00,0x00,0x00,0x04,0x00,0x00,0x00,0x00,0x00,0x00,0x00,0x3c,0x09,0x00,0x00,
0x00,0x00,0x00,0x00,0xff,0xff,0xff,0xff,0x00,0x00,0x00,0x00,0xff,0xff,0xff,0xff,
0x00,0x00,0x00,0x00,0x55,0x0a,0x00,0x00,0x6c,0x00,0x00,0x00,0x04,0x00,0x00,0x00,
0x00,0x00,0x00,0x00,0x3c,0x09,0x00,0x00,0x00,0x00,0x00,0x00,0xff,0xff,0xff,0xff,
0x00,0x00,0x00,0x00,0xff,0xff,0xff,0xff,0x00,0x00,0x00,0x00,0x62,0x0a,0x00,0x00,
0x70,0x00,0x00,0x00,0x08,0x00,0x00,0x00,0x00,0x00,0x00,0x00,0x6c,0x08,0x00,0x00,
0x00,0x00,0x00,0x00,0xff,0xff,0xff,0xff,0x00,0x00,0x00,0x00,0xff,0xff,0xff,0xff,
0x00,0x00,0x00,0x00,0x78,0x0a,0x00,0x00,0x78,0x00,0x00,0x00,0x08,0x00,0x00,0x00,
0x00,0x00,0x00,0x00,0x6c,0x08,0x00,0x00,0x00,0x00,0x00,0x00,0xff,0xff,0xff,0xff,
0x00,0x00,0x00,0x00,0xff,0xff,0xff,0xff,0x00,0x00,0x00,0x00,0x8e,0x0a,0x00,0x00,
0x80,0x00,0x00,0x00,0x0c,0x00,0x00,0x00,0x00,0x00,0x00,0x00,0xa4,0x0a,0x00,0x00,
0x00,0x00,0x00,0x00,0xff,0xff,0xff,0xff,0x00,0x00,0x00,0x00,0xff,0xff,0xff,0xff,
0x00,0x00,0x00,0x00,0xc8,0x0a,0x00,0x00,0x8c,0x00,0x00,0x00,0x04,0x00,0x00,0x00,
0x00,0x00,0x00,0x00,0x0c,0x0a,0x00,0x00,0x00,0x00,0x00,0x00,0xff,0xff,0xff,0xff,
0x00,0x00,0x00,0x00,0xff,0xff,0xff,0xff,0x00,0x00,0x00,0x00,0xe3,0x0a,0x00,0x00,
0x90,0x00,0x00,0x00,0x08,0x00,0x00,0x00,0x00,0x00,0x00,0x00,0xb4,0x08,0x00,0x00,
0x00,0x00,0x00,0x00,0xff,0xff,0xff,0xff,0x00,0x00,0x00,0x00,0xff,0xff,0xff,0xff,
0x00,0x00,0x00,0x00,0xf3,0x0a,0x00,0x00,0x98,0x00,0x00,0x00,0x04,0x00,0x00,0x00,
0x00,0x00,0x00,0x00,0xec,0x08,0x00,0x00,0x00,0x00,0x00,0x00,0xff,0xff,0xff,0xff,
0x00,0x00,0x00,0x00,0xff,0xff,0xff,0xff,0x00,0x00,0x00,0x00,0xff,0x0a,0x00,0x00,
0x9c,0x00,0x00,0x00,0x04,0x00,0x00,0x00,0x00,0x00,0x00,0x00,0x3c,0x09,0x00,0x00,
0x00,0x00,0x00,0x00,0xff,0xff,0xff,0xff,0x00,0x00,0x00,0x00,0xff,0xff,0xff,0xff,
0x00,0x00,0x00,0x00,0x05,0x0b,0x00,0x00,0xa0,0x00,0x00,0x00,0x08,0x00,0x00,0x00,
0x00,0x00,0x00,0x00,0xb4,0x08,0x00,0x00,0x00,0x00,0x00,0x00,0xff,0xff,0xff,0xff,
0x00,0x00,0x00,0x00,0xff,0xff,0xff,0xff,0x00,0x00,0x00,0x00,0x0d,0x0b,0x00,0x00,
0xa8,0x00,0x00,0x00,0x08,0x00,0x00,0x00,0x00,0x00,0x00,0x00,0xb4,0x08,0x00,0x00,
0x00,0x00,0x00,0x00,0xff,0xff,0xff,0xff,0x00,0x00,0x00,0x00,0xff,0xff,0xff,0xff,
0x00,0x00,0x00,0x00,0x72,0x65,0x6e,0x64,0x65,0x72,0x53,0x69,0x7a,0x65,0x00,0x46,
0x66,0x78,0x49,0x6e,0x74,0x33,0x32,0x78,0x32,0x00,0xab,0xab,0x01,0x00,0x02,0x00,
0x01,0x00,0x02,0x00,0x00,0x00,0x00,0x00,0x00,0x00,0x00,0x00,0x00,0x00,0x00,0x00,
0x00,0x00,0x00,0x00,0x00,0x00,0x00,0x00,0x00,0x00,0x00,0x00,0x5f,0x08,0x00,0x00,
0x64,0x69,0x73,0x70,0x6c,0x61,0x79,0x53,0x69,0x7a,0x65,0x00,0x64,0x69,0x73,0x70,
0x6c,0x61,0x79,0x53,0x69,0x7a,0x65,0x52,0x63,0x70,0x00,0x66,0x6c,0x6f,0x61,0x74,
0x32,0x00,0xab,0xab,0x01,0x00,0x03,0x00,0x01,0x00,0x02,0x00,0x00,0x00,0x00,0x00,
0x00,0x00,0x00,0x00,0x00,0x00,0x00,0x00,0x00,0x00,0x00,0x00,0x00,0x00,0x00,0x00,
0x00,0x00,0x00,0x00,0xab,0x08,0x00,0x00,0x63,0x61,0x6d,0x65,0x72,0x61,0x4e,0x65,
0x61,0x72,0x00,0x66,0x6c,0x6f,0x61,0x74,0x00,0xab,0xab,0xab,0x00,0x00,0x03,0x00,
0x01,0x00,0x01,0x00,0x00,0x00,0x00,0x00,0x00,0x00,0x00,0x00,0x00,0x00,0x00,0x00,
0x00,0x00,0x00,0x00,0x00,0x00,0x00,0x00,0x00,0x00,0x00,0x00,0xe3,0x08,0x00,0x00,
0x63,0x61,0x6d,0x65,0x72,0x61,0x46,0x61,0x72,0x00,0x75,0x70,0x73,0x63,0x61,0x6c,
0x65,0x72,0x54,0x61,0x72,0x67,0x65,0x74,0x53,0x69,0x7a,0x65,0x00,0x4d,0x6f,0x64,
0x65,0x00,0x46,0x66,0x78,0x49,0x6e,0x74,0x33,0x32,0x00,0xab,0x00,0x00,0x02,0x00,
0x01,0x00,0x01,0x00,0x00,0x00,0x00,0x00,0x00,0x00,0x00,0x00,0x00,0x00,0x00,0x00,
0x00,0x00,0x00,0x00,0x00,0x00,0x00,0x00,0x00,0x00,0x00,0x00,0x32,0x09,0x00,0x00,
0x72,0x65,0x73,0x65,0x74,0x00,0x66,0x44,0x65,0x76,0x69,0x63,0x65,0x54,0x6f,0x56,
0x69,0x65,0x77,0x44,0x65,0x70,0x74,0x68,0x00,0x66,0x6c,0x6f,0x61,0x74,0x34,0x00,
0x01,0x00,0x03,0x00,0x01,0x00,0x04,0x00,0x00,0x00,0x00,0x00,0x00,0x00,0x00,0x00,
0x00,0x00,0x00,0x00,0x00,0x00,0x00,0x00,0x00,0x00,0x00,0x00,0x00,0x00,0x00,0x00,
0x79,0x09,0x00,0x00,0x64,0x65,0x6c,0x74,0x61,0x54,0x69,0x6d,0x65,0x00,0x48,0x55,
0x44,0x4c,0x65,0x73,0x73,0x41,0x74,0x74,0x61,0x63,0x68,0x65,0x64,0x46,0x61,0x63,
0x74,0x6f,0x72,0x00,0x55,0x4e,0x55,0x53,0x45,0x44,0x00,0x6f,0x70,0x74,0x69,0x63,
0x61,0x6c,0x46,0x6c,0x6f,0x77,0x53,0x63,0x61,0x6c,0x65,0x00,0x6f,0x70,0x74,0x69,
0x63,0x61,0x6c,0x46,0x6c,0x6f,0x77,0x42,0x6c,0x6f,0x63,0x6b,0x53,0x69,0x7a,0x65,
0x00,0x64,0x69,0x73,0x70,0x61,0x74,0x63,0x68,0x46,0x6c,0x61,0x67,0x73,0x00,0x46,
0x66,0x78,0x55,0x49,0x6e,0x74,0x33,0x32,0x00,0xab,0xab,0xab,0x00,0x00,0x13,0x00,
0x01,0x00,0x01,0x00,0x00,0x00,0x00,0x00,0x00,0x00,0x00,0x00,0x00,0x00,0x00,0x00,
0x00,0x00,0x00,0x00,0x00,0x00,0x00,0x00,0x00,0x00,0x00,0x00,0xff,0x09,0x00,0x00,
0x6d,0x61,0x78,0x52,0x65,0x6e,0x64,0x65,0x72,0x53,0x69,0x7a,0x65,0x00,0x6f,0x70,
0x74,0x69,0x63,0x61,0x6c,0x46,0x6c,0x6f,0x77,0x48,0x61,0x6c,0x66,0x52,0x65,0x73,
0x4d,0x6f,0x64,0x65,0x00,0x4e,0x75,0x6d,0x49,0x6e,0x73,0x74,0x61,0x6e,0x63,0x65,
0x73,0x00,0x69,0x6e,0x74,0x65,0x72,0x70,0x6f,0x6c,0x61,0x74,0x69,0x6f,0x6e,0x52,
0x65,0x63,0x74,0x42,0x61,0x73,0x65,0x00,0x69,0x6e,0x74,0x65,0x72,0x70,0x6f,0x6c,
0x61,0x74,0x69,0x6f,0x6e,0x52,0x65,0x63,0x74,0x53,0x69,0x7a,0x65,0x00,0x64,0x65,
0x62,0x75,0x67,0x42,0x61,0x72,0x43,0x6f,0x6c,0x6f,0x72,0x00,0x66,0x6c,0x6f,0x61,
0x74,0x33,0x00,0xab,0x01,0x00,0x03,0x00,0x01,0x00,0x03,0x00,0x00,0x00,0x00,0x00,
0x00,0x00,0x00,0x00,0x00,0x00,0x00,0x00,0x00,0x00,0x00,0x00,0x00,0x00,0x00,0x00,
0x00,0x00,0x00,0x00,0x9c,0x0a,0x00,0x00,0x62,0x61,0x63,0x6b,0x42,0x75,0x66,0x66,
0x65,0x72,0x54,0x72,0x61,0x6e,0x73,0x66,0x65,0x72,0x46,0x75,0x6e,0x63,0x74,0x69,
0x6f,0x6e,0x00,0x6d,0x69,0x6e,0x4d,0x61,0x78,0x4c,0x75,0x6d,0x69,0x6e,0x61,0x6e,
0x63,0x65,0x00,0x66,0x54,0x61,0x6e,0x48,0x61,0x6c,0x66,0x46,0x4f,0x56,0x00,0x5f,
0x70,0x61,0x64,0x31,0x00,0x66,0x4a,0x69,0x74,0x74,0x65,0x72,0x00,0x66,0x4d,0x6f,
0x74,0x69,0x6f,0x6e,0x56,0x65,0x63,0x74,0x6f,0x72,0x53,0x63,0x61,0x6c,0x65,0x00,
0x98,0x0b,0x00,0x00,0x00,0x00,0x00,0x00,0x04,0x00,0x00,0x00,0x02,0x00,0x00,0x00,
0x0c,0x0a,0x00,0x00,0x00,0x00,0x00,0x00,0xff,0xff,0xff,0xff,0x00,0x00,0x00,0x00,
0xff,0xff,0xff,0xff,0x00,0x00,0x00,0x00,0x9d,0x0b,0x00,0x00,0x04,0x00,0x00,0x00,
0x04,0x00,0x00,0x00,0x02,0x00,0x00,0x00,0x0c,0x0a,0x00,0x00,0x00,0x00,0x00,0x00,
0xff,0xff,0xff,0xff,0x00,0x00,0x00,0x00,0xff,0xff,0xff,0xff,0x00,0x00,0x00,0x00,
0xab,0x0b,0x00,0x00,0x08,0x00,0x00,0x00,0x08,0x00,0x00,0x00,0x02,0x00,0x00,0x00,
0xc8,0x0b,0x00,0x00,0x00,0x00,0x00,0x00,0xff,0xff,0xff,0xff,0x00,0x00,0x00,0x00,
0xff,0xff,0xff,0xff,0x00,0x00,0x00,0x00,0x6d,0x69,0x70,0x73,0x00,0x6e,0x75,0x6d,
0x57,0x6f,0x72,0x6b,0x47,0x72,0x6f,0x75,0x70,0x73,0x00,0x77,0x6f,0x72,0x6b,0x47,
0x72,0x6f,0x75,0x70,0x4f,0x66,0x66,0x73,0x65,0x74,0x00,0x46,0x66,0x78,0x55,0x49,
0x6e,0x74,0x33,0x32,0x78,0x32,0x00,0xab,0x01,0x00,0x13,0x00,0x01,0x00,0x02,0x00,
0x00,0x00,0x00,0x00,0x00,0x00,0x00,0x00,0x00,0x00,0x00,0x00,0x00,0x00,0x00,0x00,
0x00,0x00,0x00,0x00,0x00,0x00,0x00,0x00,0xbb,0x0b,0x00,0x00,0x14,0x0c,0x00,0x00,
0x00,0x00,0x00,0x00,0x04,0x00,0x00,0x00,0x02,0x00,0x00,0x00,0x20,0x0c,0x00,0x00,
0x00,0x00,0x00,0x00,0xff,0xff,0xff,0xff,0x00,0x00,0x00,0x00,0xff,0xff,0xff,0xff,
0x00,0x00,0x00,0x00,0x24,0x45,0x6c,0x65,0x6d,0x65,0x6e,0x74,0x00,0xab,0xab,0xab,
0x00,0x00,0x13,0x00,0x01,0x00,0x01,0x00,0x00,0x00,0x00,0x00,0x00,0x00,0x00,0x00,
0x00,0x00,0x00,0x00,0x00,0x00,0x00,0x00,0x00,0x00,0x00,0x00,0x00,0x00,0x00,0x00,
0xff,0x09,0x00,0x00,0x4d,0x69,0x63,0x72,0x6f,0x73,0x6f,0x66,0x74,0x20,0x28,0x52,
0x29,0x20,0x48,0x4c,0x53,0x4c,0x20,0x53,0x68,0x61,0x64,0x65,0x72,0x20,0x43,0x6f,
0x6d,0x70,0x69,0x6c,0x65,0x72,0x20,0x31,0x30,0x2e,0x31,0x00,0x49,0x53,0x47,0x4e,
0x08,0x00,0x00,0x00,0x00,0x00,0x00,0x00,0x08,0x00,0x00,0x00,0x4f,0x53,0x47,0x4e,
0x08,0x00,0x00,0x00,0x00,0x00,0x00,0x00,0x08,0x00,0x00,0x00,0x53,0x48,0x45,0x58,
0x18,0x80,0x00,0x00,0x50,0x00,0x05,0x00,0x06,0x20,0x00,0x00,0x6a,0x08,0x00,0x01,
0x59,0x00,0x00,0x04,0x46,0x8e,0x20,0x00,0x00,0x00,0x00,0x00,0x01,0x00,0x00,0x00,
0x59,0x00,0x00,0x04,0x46,0x8e,0x20,0x00,0x01,0x00,0x00,0x00,0x01,0x00,0x00,0x00,
0x58,0x18,0x00,0x04,0x00,0x70,0x10,0x00,0x00,0x00,0x00,0x00,0x44,0x44,0x00,0x00,
0x58,0x18,0x00,0x04,0x00,0x70,0x10,0x00,0x01,0x00,0x00,0x00,0x44,0x44,0x00,0x00,
0x9e,0x00,0x01,0x04,0x00,0xe0,0x11,0x00,0x00,0x00,0x00,0x00,0x04,0x00,0x00,0x00,
0x9c,0x18,0x00,0x04,0x00,0xe0,0x11,0x00,0x01,0x00,0x00,0x00,0x55,0x55,0x00,0x00,
0x9c,0x18,0x00,0x04,0x00,0xe0,0x11,0x00,0x02,0x00,0x00,0x00,0x55,0x55,0x00,0x00,
0x9c,0x18,0x00,0x04,0x00,0xe0,0x11,0x00,0x03,0x00,0x00,0x00,0x55,0x55,0x00,0x00,
0x9c,0x18,0x00,0x04,0x00,0xe0,0x11,0x00,0x04,0x00,0x00,0x00,0x55,0x55,0x00,0x00,
0x9c,0x18,0x00,0x04,0x00,0xe0,0x11,0x00,0x05,0x00,0x00,0x00,0x55,0x55,0x00,0x00,
0x9c,0x18,0x01,0x04,0x00,0xe0,0x11,0x00,0x06,0x00,0x00,0x00,0x55,0x55,0x00,0x00,
0x9c,0x18,0x00,0x04,0x00,0xe0,0x11,0x00,0x07,0x00,0x00,0x00,0x55,0x55,0x00,0x00,
0x9c,0x18,0x00,0x04,0x00,0xe0,0x11,0x00,0x08,0x00,0x00,0x00,0x55,0x55,0x00,0x00,
0x9c,0x18,0x00,0x04,0x00,0xe0,0x11,0x00,0x09,0x00,0x00,0x00,0x55,0x55,0x00,0x00,
0x9c,0x18,0x00,0x04,0x00,0xe0,0x11,0x00,0x0a,0x00,0x00,0x00,0x55,0x55,0x00,0x00,
0x9c,0x18,0x00,0x04,0x00,0xe0,0x11,0x00,0x0b,0x00,0x00,0x00,0x55,0x55,0x00,0x00,
0x9c,0x18,0x00,0x04,0x00,0xe0,0x11,0x00,0x0c,0x00,0x00,0x00,0x55,0x55,0x00,0x00,
0x5f,0x00,0x00,0x02,0x00,0x40,0x02,0x00,0x5f,0x00,0x00,0x02,0x32,0x10,0x02,0x00,
0x68,0x00,0x00,0x02,0x0f,0x00,0x00,0x00,0x69,0x00,0x00,0x04,0x00,0x00,0x00,0x00,
0x04,0x00,0x00,0x00,0x04,0x00,0x00,0x00,0x9f,0x00,0x00,0x04,0x00,0xf0,0x11,0x00,
0x00,0x00,0x00,0x00,0x04,0x00,0x00,0x00,0xa0,0x00,0x00,0x05,0x00,0xf0,0x11,0x00,
0x01,0x00,0x00,0x00,0x40,0x00,0x00,0x00,0x10,0x00,0x00,0x00,0xa0,0x00,0x00,0x05,
0x00,0xf0,0x11,0x00,0x02,0x00,0x00,0x00,0x40,0x00,0x00,0x00,0x10,0x00,0x00,0x00,
0xa0,0x00,0x00,0x05,0x00,0xf0,0x11,0x00,0x03,0x00,0x00,0x00,0x40,0x00,0x00,0x00,
0x10,0x00,0x00,0x00,0xa0,0x00,0x00,0x05,0x00,0xf0,0x11,0x00,0x04,0x00,0x00,0x00,
0x40,0x00,0x00,0x00,0x10,0x00,0x00,0x00,0x9b,0x00,0x00,0x04,0x00,0x01,0x00,0x00,
0x01,0x00,0x00,0x00,0x01,0x00,0x00,0x00,0x1e,0x00,0x00,0x07,0xf2,0x00,0x10,0x00,
0x00,0x00,0x00,0x00,0x46,0x15,0x02,0x00,0xe6,0x8f,0x20,0x00,0x01,0x00,0x00,0x00,
0x00,0x00,0x00,0x00,0x01,0x00,0x00,0x06,0x12,0x00,0x10,0x00,0x01,0x00,0x00,0x00,
0x0a,0x40,0x02,0x00,0x01,0x40,0x00,0x00,0x3f,0x00,0x00,0x00,0x8a,0x00,0x00,0x0e,
0xe2,0x00,0x10,0x00,0x01,0x00,0x00,0x00,0x02,0x40,0x00,0x00,0x00,0x00,0x00,0x00,
0x04,0x00,0x00,0x00,0x03,0x00,0x00,0x00,0x01,0x00,0x00,0x00,0x02,0x40,0x00,0x00,
0x00,0x00,0x00,0x00,0x02,0x00,0x00,0x00,0x03,0x00,0x00,0x00,0x06,0x00,0x00,0x00,
0x06,0x40,0x02,0x00,0x01,0x00,0x00,0x07,0x22,0x00,0x10,0x00,0x01,0x00,0x00,0x00,
0x1a,0x00,0x10,0x00,0x01,0x00,0x00,0x00,0x01,0x40,0x00,0x00,0x06,0x00,0x00,0x00,
0x8c,0x00,0x00,0x0a,0x12,0x00,0x10,0x00,0x02,0x00,0x00,0x00,0x01,0x40,0x00,0x00,
0x01,0x00,0x00,0x00,0x01,0x40,0x00,0x00,0x00,0x00,0x00,0x00,0x0a,0x40,0x02,0x00,
0x1a,0x00,0x10,0x00,0x01,0x00,0x00,0x00,0x8a,0x00,0x00,0x09,0x12,0x00,0x10,0x00,
0x01,0x00,0x00,0x00,0x01,0x40,0x00,0x00,0x02,0x00,0x00,0x00,0x01,0x40,0x00,0x00,
0x01,0x00,0x00,0x00,0x0a,0x00,0x10,0x00,0x01,0x00,0x00,0x00,0x8c,0x00,0x00,0x0b,
0x22,0x00,0x10,0x00,0x02,0x00,0x00,0x00,0x01,0x40,0x00,0x00,0x02,0x00,0x00,0x00,
0x01,0x40,0x00,0x00,0x00,0x00,0x00,0x00,0x0a,0x00,0x10,0x00,0x01,0x00,0x00,0x00,
0x2a,0x00,0x10,0x00,0x01,0x00,0x00,0x00,0x23,0x00,0x00,0x09,0x22,0x00,0x10,0x00,
0x03,0x00,0x00,0x00,0x3a,0x00,0x10,0x00,0x01,0x00,0x00,0x00,0x01,0x40,0x00,0x00,
0x08,0x00,0x00,0x00,0x0a,0x00,0x10,0x00,0x02,0x00,0x00,0x00,0x55,0x00,0x00,0x06,
0x12,0x00,0x10,0x00,0x02,0x00,0x00,0x00,0x0a,0x40,0x02,0x00,0x01,0x40,0x00,0x00,
0x07,0x00,0x00,0x00,0x23,0x00,0x00,0x09,0x42,0x00,0x10,0x00,0x03,0x00,0x00,0x00,
0x0a,0x00,0x10,0x00,0x02,0x00,0x00,0x00,0x01,0x40,0x00,0x00,0x08,0x00,0x00,0x00,
0x1a,0x00,0x10,0x00,0x02,0x00,0x00,0x00,0x29,0x00,0x00,0x07,0x22,0x00,0x10,0x00,
0x02,0x00,0x00,0x00,0x1a,0x00,0x10,0x00,0x01,0x00,0x00,0x00,0x01,0x40,0x00,0x00,
0x01,0x00,0x00,0x00,0x8c,0x00,0x00,0x0a,0x22,0x00,0x10,0x00,0x02,0x00,0x00,0x00,
0x01,0x40,0x00,0x00,0x01,0x00,0x00,0x00,0x01,0x40,0x00,0x00,0x01,0x00,0x00,0x00,
0x0a,0x40,0x02,0x00,0x1a,0x00,0x10,0x00,0x02,0x00,0x00,0x00,0x23,0x00,0x00,0x09,
0x82,0x00,0x10,0x00,0x04,0x00,0x00,0x00,0x3a,0x00,0x10,0x00,0x01,0x00,0x00,0x00,
0x01,0x40,0x00,0x00,0x10,0x00,0x00,0x00,0x1a,0x00,0x10,0x00,0x02,0x00,0x00,0x00,
0x29,0x00,0x00,0x07,0x22,0x00,0x10,0x00,0x02,0x00,0x00,0x00,0x2a,0x00,0x10,0x00,
0x01,0x00,0x00,0x00,0x01,0x40,0x00,0x00,0x01,0x00,0x00,0x00,0x8c,0x00,0x00,0x0b,
0x42,0x00,0x10,0x00,0x02,0x00,0x00,0x00,0x01,0x40,0x00,0x00,0x02,0x00,0x00,0x00,
0x01,0x40,0x00,0x00,0x01,0x00,0x00,0x00,0x0a,0x00,0x10,0x00,0x01,0x00,0x00,0x00,
0x1a,0x00,0x10,0x00,0x02,0x00,0x00,0x00,0x23,0x00,0x00,0x09,0x22,0x00,0x10,0x00,
0x04,0x00,0x00,0x00,0x0a,0x00,0x10,0x00,0x02,0x00,0x00,0x00,0x01,0x40,0x00,0x00,
0x10,0x00,0x00,0x00,0x2a,0x00,0x10,0x00,0x02,0x00,0x00,0x00,0x8c,0x00,0x00,0x11,
0x32,0x00,0x10,0x00,0x05,0x00,0x00,0x00,0x02,0x40,0x00,0x00,0x1a,0x00,0x00,0x00,
0x1a,0x00,0x00,0x00,0x00,0x00,0x00,0x00,0x00,0x00,0x00,0x00,0x02,0x40,0x00,0x00,
0x06,0x00,0x00,0x00,0x06,0x00,0x00,0x00,0x00,0x00,0x00,0x00,0x00,0x00,0x00,0x00,
0xc6,0x00,0x10,0x00,0x00,0x00,0x00,0x00,0x76,0x0f,0x10,0x00,0x04,0x00,0x00,0x00,
0x8c,0x00,0x00,0x11,0xf2,0x00,0x10,0x00,0x06,0x00,0x00,0x00,0x02,0x40,0x00,0x00,
0x1b,0x00,0x00,0x00,0x1b,0x00,0x00,0x00,0x1b,0x00,0x00,0x00,0x1b,0x00,0x00,0x00,
0x02,0x40,0x00,0x00,0x05,0x00,0x00,0x00,0x05,0x00,0x00,0x00,0x05,0x00,0x00,0x00,
0x05,0x00,0x00,0x00,0xc6,0x0f,0x10,0x00,0x00,0x00,0x00,0x00,0x96,0x0a,0x10,0x00,
0x03,0x00,0x00,0x00,0x1e,0x00,0x00,0x0a,0xf2,0x00,0x10,0x00,0x07,0x00,0x00,0x00,
0x46,0x04,0x10,0x00,0x05,0x00,0x00,0x00,0x02,0x40,0x00,0x00,0x01,0x00,0x00,0x00,
0x00,0x00,0x00,0x00,0x00,0x00,0x00,0x00,0x01,0x00,0x00,0x00,0x1e,0x00,0x00,0x0a,
0x32,0x00,0x10,0x00,0x08,0x00,0x00,0x00,0x46,0x00,0x10,0x00,0x05,0x00,0x00,0x00,
0x02,0x40,0x00,0x00,0x01,0x00,0x00,0x00,0x01,0x00,0x00,0x00,0x00,0x00,0x00,0x00,
0x00,0x00,0x00,0x00,0x36,0x00,0x00,0x08,0xc2,0x00,0x10,0x00,0x05,0x00,0x00,0x00,
0x02,0x40,0x00,0x00,0x00,0x00,0x00,0x00,0x00,0x00,0x00,0x00,0x00,0x00,0x00,0x00,
0x00,0x00,0x00,0x00,0x2d,0x00,0x00,0x89,0xc2,0x00,0x00,0x80,0x03,0x11,0x11,0x00,
0x42,0x00,0x10,0x00,0x02,0x00,0x00,0x00,0x46,0x0f,0x10,0x00,0x05,0x00,0x00,0x00,
0x96,0x7c,0x10,0x00,0x00,0x00,0x00,0x00,0x2d,0x00,0x00,0x89,0xc2,0x00,0x00,0x80,
0x03,0x11,0x11,0x00,0x82,0x00,0x10,0x00,0x02,0x00,0x00,0x00,0x46,0x0e,0x10,0x00,
0x05,0x00,0x00,0x00,0x96,0x73,0x10,0x00,0x01,0x00,0x00,0x00,0x8a,0x00,0x00,0x0f,
0x32,0x00,0x10,0x00,0x05,0x00,0x00,0x00,0x02,0x40,0x00,0x00,0x0a,0x00,0x00,0x00,
0x05,0x00,0x00,0x00,0x00,0x00,0x00,0x00,0x00,0x00,0x00,0x00,0x02,0x40,0x00,0x00,
0x15,0x00,0x00,0x00,0x10,0x00,0x00,0x00,0x00,0x00,0x00,0x00,0x00,0x00,0x00,0x00,
0xa6,0x0a,0x10,0x00,0x02,0x00,0x00,0x00,0x56,0x00,0x00,0x05,0x32,0x00,0x10,0x00,
0x05,0x00,0x00,0x00,0x46,0x00,0x10,0x00,0x05,0x00,0x00,0x00,0x38,0x00,0x00,0x0a,
0x92,0x00,0x10,0x00,0x09,0x00,0x00,0x00,0x06,0x04,0x10,0x00,0x05,0x00,0x00,0x00,
0x02,0x40,0x00,0x00,0x08,0x20,0x80,0x3a,0x00,0x00,0x00,0x00,0x00,0x00,0x00,0x00,
0x08,0x21,0x04,0x3d,0x01,0x00,0x00,0x0a,0x62,0x00,0x10,0x00,0x05,0x00,0x00,0x00,
0xa6,0x0a,0x10,0x00,0x02,0x00,0x00,0x00,0x02,0x40,0x00,0x00,0x00,0x00,0x00,0x00,
0x00,0x00,0x00,0x80,0xff,0xff,0x00,0x00,0x00,0x00,0x00,0x00,0x31,0x00,0x00,0x07,
0x42,0x00,0x10,0x00,0x02,0x00,0x00,0x00,0x01,0x40,0x00,0x00,0x00,0x00,0x00,0x00,
0x0a,0x00,0x10,0x00,0x05,0x00,0x00,0x00,0x20,0x00,0x00,0x07,0x22,0x00,0x10,0x00,
0x05,0x00,0x00,0x00,0x1a,0x00,0x10,0x00,0x05,0x00,0x00,0x00,0x01,0x40,0x00,0x00,
0x00,0x00,0x00,0x00,0x01,0x00,0x00,0x07,0x42,0x00,0x10,0x00,0x02,0x00,0x00,0x00,
0x2a,0x00,0x10,0x00,0x02,0x00,0x00,0x00,0x1a,0x00,0x10,0x00,0x05,0x00,0x00,0x00,
0x32,0x00,0x00,0x0a,0x12,0x00,0x10,0x00,0x05,0x00,0x00,0x00,0x0a,0x00,0x10,0x80,
0x41,0x00,0x00,0x00,0x05,0x00,0x00,0x00,0x01,0x40,0x00,0x00,0x08,0x20,0x80,0x3a,
0x01,0x40,0x00,0x00,0x00,0x00,0x80,0x3f,0x37,0x00,0x00,0x09,0x42,0x00,0x10,0x00,
0x09,0x00,0x00,0x00,0x2a,0x00,0x10,0x00,0x02,0x00,0x00,0x00,0x0a,0x00,0x10,0x00,
0x05,0x00,0x00,0x00,0x0a,0x00,0x10,0x00,0x09,0x00,0x00,0x00,0x83,0x00,0x00,0x05,
0x12,0x00,0x10,0x00,0x09,0x00,0x00,0x00,0x2a,0x00,0x10,0x00,0x05,0x00,0x00,0x00,
0x01,0x00,0x00,0x07,0x42,0x00,0x10,0x00,0x02,0x00,0x00,0x00,0x3a,0x00,0x10,0x00,
0x02,0x00,0x00,0x00,0x01,0x40,0x00,0x00,0xff,0xff,0x00,0x00,0x83,0x00,0x00,0x05,
0x22,0x00,0x10,0x00,0x09,0x00,0x00,0x00,0x2a,0x00,0x10,0x00,0x02,0x00,0x00,0x00,
0x22,0x00,0x00,0x08,0x42,0x00,0x10,0x00,0x02,0x00,0x00,0x00,0x01,0x40,0x00,0x00,
0x00,0x00,0x00,0x00,0x2a,0x80,0x20,0x00,0x00,0x00,0x00,0x00,0x00,0x00,0x00,0x00,
0x01,0x00,0x00,0x0a,0x72,0x00,0x10,0x00,0x05,0x00,0x00,0x00,0xa6,0x0a,0x10,0x00,
0x02,0x00,0x00,0x00,0x02,0x40,0x00,0x00,0x00,0x00,0x80,0x3f,0x00,0x00,0x80,0x3f,
0x00,0x00,0x80,0x3f,0x00,0x00,0x00,0x00,0x38,0x00,0x00,0x07,0xf2,0x00,0x10,0x00,
0x09,0x00,0x00,0x00,0x46,0x0a,0x10,0x00,0x05,0x00,0x00,0x00,0x46,0x0e,0x10,0x00,
0x09,0x00,0x00,0x00,0x36,0x00,0x00,0x05,0x32,0x00,0x10,0x00,0x0a,0x00,0x00,0x00,
0xe6,0x0a,0x10,0x00,0x07,0x00,0x00,0x00,0x36,0x00,0x00,0x08,0xc2,0x00,0x10,0x00,
0x0a,0x00,0x00,0x00,0x02,0x40,0x00,0x00,0x00,0x00,0x00,0x00,0x00,0x00,0x00,0x00,
0x00,0x00,0x00,0x00,0x00,0x00,0x00,0x00,0x2d,0x00,0x00,0x89,0xc2,0x00,0x00,0x80,
0x03,0x11,0x11,0x00,0x42,0x00,0x10,0x00,0x02,0x00,0x00,0x00,0x46,0x0f,0x10,0x00,
0x0a,0x00,0x00,0x00,0x96,0x7c,0x10,0x00,0x00,0x00,0x00,0x00,0x2d,0x00,0x00,0x89,
0xc2,0x00,0x00,0x80,0x03,0x11,0x11,0x00,0x82,0x00,0x10,0x00,0x02,0x00,0x00,0x00,
0x46,0x0e,0x10,0x00,0x0a,0x00,0x00,0x00,0x96,0x73,0x10,0x00,0x01,0x00,0x00,0x00,
0x8a,0x00,0x00,0x0f,0x32,0x00,0x10,0x00,0x0a,0x00,0x00,0x00,0x02,0x40,0x00,0x00,
0x0a,0x00,0x00,0x00,0x05,0x00,0x00,0x00,0x00,0x00,0x00,0x00,0x00,0x00,0x00,0x00,
0x02,0x40,0x00,0x00,0x15,0x00,0x00,0x00,0x10,0x00,0x00,0x00,0x00,0x00,0x00,0x00,
0x00,0x00,0x00,0x00,0xa6,0x0a,0x10,0x00,0x02,0x00,0x00,0x00,0x56,0x00,0x00,0x05,
0x32,0x00,0x10,0x00,0x0a,0x00,0x00,0x00,0x46,0x00,0x10,0x00,0x0a,0x00,0x00,0x00,
0x38,0x00,0x00,0x07,0x42,0x00,0x10,0x00,0x0a,0x00,0x00,0x00,0x0a,0x00,0x10,0x00,
0x0a,0x00,0x00,0x00,0x01,0x40,0x00,0x00,0x08,0x20,0x80,0x3a,0x38,0x00,0x00,0x07,
0x82,0x00,0x10,0x00,0x0b,0x00,0x00,0x00,0x2a,0x00,0x10,0x00,0x05,0x00,0x00,0x00,
0x1a,0x00,0x10,0x00,0x0a,0x00,0x00,0x00,0x01,0x00,0x00,0x0a,0xa2,0x00,0x10,0x00,
0x0a,0x00,0x00,0x00,0xa6,0x0a,0x10,0x00,0x02,0x00,0x00,0x00,0x02,0x40,0x00,0x00,
0x00,0x00,0x00,0x00,0x00,0x00,0x00,0x80,0x00,0x00,0x00,0x00,0xff,0xff,0x00,0x00,
0x31,0x00,0x00,0x07,0x42,0x00,0x10,0x00,0x02,0x00,0x00,0x00,0x01,0x40,0x00,0x00,
0x00,0x00,0x00,0x00,0x0a,0x00,0x10,0x00,0x0a,0x00,0x00,0x00,0x20,0x00,0x00,0x07,
0x22,0x00,0x10,0x00,0x0a,0x00,0x00,0x00,0x1a,0x00,0x10,0x00,0x0a,0x00,0x00,0x00,
0x01,0x40,0x00,0x00,0x00,0x00,0x00,0x00,0x01,0x00,0x00,0x07,0x42,0x00,0x10,0x00,
0x02,0x00,0x00,0x00,0x2a,0x00,0x10,0x00,0x02,0x00,0x00,0x00,0x1a,0x00,0x10,0x00,
0x0a,0x00,0x00,0x00,0x32,0x00,0x00,0x0a,0x12,0x00,0x10,0x00,0x0a,0x00,0x00,0x00,
0x0a,0x00,0x10,0x80,0x41,0x00,0x00,0x00,0x0a,0x00,0x00,0x00,0x01,0x40,0x00,0x00,
0x08,0x20,0x80,0x3a,0x01,0x40,0x00,0x00,0x00,0x00,0x80,0x3f,0x37,0x00,0x00,0x09,
0x42,0x00,0x10,0x00,0x0b,0x00,0x00,0x00,0x2a,0x00,0x10,0x00,0x02,0x00,0x00,0x00,
0x0a,0x00,0x10,0x00,0x0a,0x00,0x00,0x00,0x2a,0x00,0x10,0x00,0x0a,0x00,0x00,0x00,
0x83,0x00,0x00,0x05,0x12,0x00,0x10,0x00,0x0b,0x00,0x00,0x00,0x3a,0x00,0x10,0x00,
0x0a,0x00,0x00,0x00,0x01,0x00,0x00,0x07,0x42,0x00,0x10,0x00,0x02,0x00,0x00,0x00,
0x3a,0x00,0x10,0x00,0x02,0x00,0x00,0x00,0x01,0x40,0x00,0x00,0xff,0xff,0x00,0x00,
0x83,0x00,0x00,0x05,0x22,0x00,0x10,0x00,0x0b,0x00,0x00,0x00,0x2a,0x00,0x10,0x00,
0x02,0x00,0x00,0x00,0x36,0x00,0x00,0x05,0x82,0x00,0x10,0x00,0x05,0x00,0x00,0x00,
0x01,0x40,0x00,0x00,0x08,0x21,0x04,0x3d,0x38,0x00,0x00,0x07,0xf2,0x00,0x10,0x00,
0x0a,0x00,0x00,0x00,0x46,0x0e,0x10,0x00,0x05,0x00,0x00,0x00,0x46,0x0e,0x10,0x00,
0x0b,0x00,0x00,0x00,0x36,0x00,0x00,0x08,0xc2,0x00,0x10,0x00,0x07,0x00,0x00,0x00,
0x02,0x40,0x00,0x00,0x00,0x00,0x00,0x00,0x00,0x00,0x00,0x00,0x00,0x00,0x00,0x00,
0x00,0x00,0x00,0x00,0x2d,0x00,0x00,0x89,0xc2,0x00,0x00,0x80,0x03,0x11,0x11,0x00,
0x42,0x00,0x10,0x00,0x02,0x00,0x00,0x00,0x46,0x0f,0x10,0x00,0x07,0x00,0x00,0x00,
0x96,0x7c,0x10,0x00,0x00,0x00,0x00,0x00,0x2d,0x00,0x00,0x89,0xc2,0x00,0x00,0x80,
0x03,0x11,0x11,0x00,0x82,0x00,0x10,0x00,0x02,0x00,0x00,0x00,0x46,0x0e,0x10,0x00,
0x07,0x00,0x00,0x00,0x96,0x73,0x10,0x00,0x01,0x00,0x00,0x00,0x8a,0x00,0x00,0x0f,
0x32,0x00,0x10,0x00,0x07,0x00,0x00,0x00,0x02,0x40,0x00,0x00,0x0a,0x00,0x00,0x00,
0x05,0x00,0x00,0x00,0x00,0x00,0x00,0x00,0x00,0x00,0x00,0x00,0x02,0x40,0x00,0x00,
0x15,0x00,0x00,0x00,0x10,0x00,0x00,0x00,0x00,0x00,0x00,0x00,0x00,0x00,0x00,0x00,
0xa6,0x0a,0x10,0x00,0x02,0x00,0x00,0x00,0x56,0x00,0x00,0x05,0x32,0x00,0x10,0x00,
0x07,0x00,0x00,0x00,0x46,0x00,0x10,0x00,0x07,0x00,0x00,0x00,0x38,0x00,0x00,0x07,
0x42,0x00,0x10,0x00,0x07,0x00,0x00,0x00,0x0a,0x00,0x10,0x00,0x07,0x00,0x00,0x00,
0x01,0x40,0x00,0x00,0x08,0x20,0x80,0x3a,0x38,0x00,0x00,0x07,0x82,0x00,0x10,0x00,
0x0b,0x00,0x00,0x00,0x2a,0x00,0x10,0x00,0x05,0x00,0x00,0x00,0x1a,0x00,0x10,0x00,
0x07,0x00,0x00,0x00,0x01,0x00,0x00,0x0a,0xa2,0x00,0x10,0x00,0x07,0x00,0x00,0x00,
0xa6,0x0a,0x10,0x00,0x02,0x00,0x00,0x00,0x02,0x40,0x00,0x00,0x00,0x00,0x00,0x00,
0x00,0x00,0x00,0x80,0x00,0x00,0x00,0x00,0xff,0xff,0x00,0x00,0x31,0x00,0x00,0x07,
0x42,0x00,0x10,0x00,0x02,0x00,0x00,0x00,0x01,0x40,0x00,0x00,0x00,0x00,0x00,0x00,
0x0a,0x00,0x10,0x00,0x07,0x00,0x00,0x00,0x20,0x00,0x00,0x07,0x22,0x00,0x10,0x00,
0x07,0x00,0x00,0x00,0x1a,0x00,0x10,0x00,0x07,0x00,0x00,0x00,0x01,0x40,0x00,0x00,
0x00,0x00,0x00,0x00,0x01,0x00,0x00,0x07,0x42,0x00,0x10,0x00,0x02,0x00,0x00,0x00,
0x2a,0x00,0x10,0x00,0x02,0x00,0x00,0x00,0x1a,0x00,0x10,0x00,0x07,0x00,0x00,0x00,
0x32,0x00,0x00,0x0a,0x12,0x00,0x10,0x00,0x07,0x00,0x00,0x00,0x0a,0x00,0x10,0x80,
0x41,0x00,0x00,0x00,0x07,0x00,0x00,0x00,0x01,0x40,0x00,0x00,0x08,0x20,0x80,0x3a,
0x01,0x40,0x00,0x00,0x00,0x00,0x80,0x3f,0x37,0x00,0x00,0x09,0x42,0x00,0x10,0x00,
0x0b,0x00,0x00,0x00,0x2a,0x00,0x10,0x00,0x02,0x00,0x00,0x00,0x0a,0x00,0x10,0x00,
0x07,0x00,0x00,0x00,0x2a,0x00,0x10,0x00,0x07,0x00,0x00,0x00,0x83,0x00,0x00,0x05,
0x12,0x00,0x10,0x00,0x0b,0x00,0x00,0x00,0x3a,0x00,0x10,0x00,0x07,0x00,0x00,0x00,
0x01,0x00,0x00,0x07,0x42,0x00,0x10,0x00,0x02,0x00,0x00,0x00,0x3a,0x00,0x10,0x00,
0x02,0x00,0x00,0x00,0x01,0x40,0x00,0x00,0xff,0xff,0x00,0x00,0x83,0x00,0x00,0x05,
0x22,0x00,0x10,0x00,0x0b,0x00,0x00,0x00,0x2a,0x00,0x10,0x00,0x02,0x00,0x00,0x00,
0x38,0x00,0x00,0x07,0xf2,0x00,0x10,0x00,0x07,0x00,0x00,0x00,0x46,0x0e,0x10,0x00,
0x05,0x00,0x00,0x00,0x46,0x0e,0x10,0x00,0x0b,0x00,0x00,0x00,0x36,0x00,0x00,0x08,
0xc2,0x00,0x10,0x00,0x08,0x00,0x00,0x00,0x02,0x40,0x00,0x00,0x00,0x00,0x00,0x00,
0x00,0x00,0x00,0x00,0x00,0x00,0x00,0x00,0x00,0x00,0x00,0x00,0x2d,0x00,0x00,0x89,
0xc2,0x00,0x00,0x80,0x03,0x11,0x11,0x00,0x42,0x00,0x10,0x00,0x02,0x00,0x00,0x00,
0x46,0x0f,0x10,0x00,0x08,0x00,0x00,0x00,0x96,0x7c,0x10,0x00,0x00,0x00,0x00,0x00,
0x2d,0x00,0x00,0x89,0xc2,0x00,0x00,0x80,0x03,0x11,0x11,0x00,0x82,0x00,0x10,0x00,
0x02,0x00,0x00,0x00,0x46,0x0e,0x10,0x00,0x08,0x00,0x00,0x00,0x96,0x73,0x10,0x00,
0x01,0x00,0x00,0x00,0x8a,0x00,0x00,0x0f,0x32,0x00,0x10,0x00,0x08,0x00,0x00,0x00,
0x02,0x40,0x00,0x00,0x0a,0x00,0x00,0x00,0x05,0x00,0x00,0x00,0x00,0x00,0x00,0x00,
0x00,0x00,0x00,0x00,0x02,0x40,0x00,0x00,0x15,0x00,0x00,0x00,0x10,0x00,0x00,0x00,
0x00,0x00,0x00,0x00,0x00,0x00,0x00,0x00,0xa6,0x0a,0x10,0x00,0x02,0x00,0x00,0x00,
0x56,0x00,0x00,0x05,0x32,0x00,0x10,0x00,0x08,0x00,0x00,0x00,0x46,0x00,0x10,0x00,
0x08,0x00,0x00,0x00,0x38,0x00,0x00,0x07,0x42,0x00,0x10,0x00,0x08,0x00,0x00,0x00,
0x0a,0x00,0x10,0x00,0x08,0x00,0x00,0x00,0x01,0x40,0x00,0x00,0x08,0x20,0x80,0x3a,
0x38,0x00,0x00,0x07,0x82,0x00,0x10,0x00,0x0b,0x00,0x00,0x00,0x2a,0x00,0x10,0x00,
0x05,0x00,0x00,0x00,0x1a,0x00,0x10,0x00,0x08,0x00,0x00,0x00,0x01,0x00,0x00,0x0a,
0xa2,0x00,0x10,0x00,0x08,0x00,0x00,0x00,0xa6,0x0a,0x10,0x00,0x02,0x00,0x00,0x00,
0x02,0x40,0x00,0x00,0x00,0x00,0x00,0x00,0x00,0x00,0x00,0x80,0x00,0x00,0x00,0x00,
0xff,0xff,0x00,0x00,0x31,0x00,0x00,0x07,0x42,0x00,0x10,0x00,0x02,0x00,0x00,0x00,
0x01,0x40,0x00,0x00,0x00,0x00,0x00,0x00,0x0a,0x00,0x10,0x00,0x08,0x00,0x00,0x00,
0x20,0x00,0x00,0x07,0x22,0x00,0x10,0x00,0x08,0x00,0x00,0x00,0x1a,0x00,0x10,0x00,
0x08,0x00,0x00,0x00,0x01,0x40,0x00,0x00,0x00,0x00,0x00,0x00,0x01,0x00,0x00,0x07,
0x42,0x00,0x10,0x00,0x02,0x00,0x00,0x00,0x2a,0x00,0x10,0x00,0x02,0x00,0x00,0x00,
0x1a,0x00,0x10,0x00,0x08,0x00,0x00,0x00,0x32,0x00,0x00,0x0a,0x12,0x00,0x10,0x00,
0x08,0x00,0x00,0x00,0x0a,0x00,0x10,0x80,0x41,0x00,0x00,0x00,0x08,0x00,0x00,0x00,
0x01,0x40,0x00,0x00,0x08,0x20,0x80,0x3a,0x01,0x40,0x00,0x00,0x00,0x00,0x80,0x3f,
0x37,0x00,0x00,0x09,0x42,0x00,0x10,0x00,0x0b,0x00,0x00,0x00,0x2a,0x00,0x10,0x00,
0x02,0x00,0x00,0x00,0x0a,0x00,0x10,0x00,0x08,0x00,0x00,0x00,0x2a,0x00,0x10,0x00,
0x08,0x00,0x00,0x00,0x83,0x00,0x00,0x05,0x12,0x00,0x10,0x00,0x0b,0x00,0x00,0x00,
0x3a,0x00,0x10,0x00,0x08,0x00,0x00,0x00,0x01,0x00,0x00,0x07,0x42,0x00,0x10,0x00,
0x02,0x00,0x00,0x00,0x3a,0x00,0x10,0x00,0x02,0x00,0x00,0x00,0x01,0x40,0x00,0x00,
0xff,0xff,0x00,0x00,0x83,0x00,0x00,0x05,0x22,0x00,0x10,0x00,0x0b,0x00,0x00,0x00,
0x2a,0x00,0x10,0x00,0x02,0x00,0x00,0x00,0x38,0x00,0x00,0x07,0xf2,0x00,0x10,0x00,
0x08,0x00,0x00,0x00,0x46,0x0e,0x10,0x00,0x05,0x00,0x00,0x00,0x46,0x0e,0x10,0x00,
0x0b,0x00,0x00,0x00,0x31,0x00,0x00,0x07,0x42,0x00,0x10,0x00,0x02,0x00,0x00,0x00,
0x01,0x40,0x00,0x00,0x00,0x00,0x00,0x00,0x2a,0x00,0x10,0x00,0x09,0x00,0x00,0x00,
0x31,0x00,0x00,0x07,0x82,0x00,0x10,0x00,0x02,0x00,0x00,0x00,0x01,0x40,0x00,0x00,
0x00,0x00,0x00,0x00,0x2a,0x00,0x10,0x00,0x0a,0x00,0x00,0x00,0x01,0x00,0x00,0x0a,
0xc2,0x00,0x10,0x00,0x02,0x00,0x00,0x00,0xa6,0x0e,0x10,0x00,0x02,0x00,0x00,0x00,
0x02,0x40,0x00,0x00,0x00,0x00,0x00,0x00,0x00,0x00,0x00,0x00,0x00,0x00,0x80,0x3f,
0x00,0x00,0x80,0x3f,0x38,0x00,0x00,0x07,0xf2,0x00,0x10,0x00,0x0a,0x00,0x00,0x00,
0xf6,0x0f,0x10,0x00,0x02,0x00,0x00,0x00,0x46,0x0e,0x10,0x00,0x0a,0x00,0x00,0x00,
0x32,0x00,0x00,0x09,0xf2,0x00,0x10,0x00,0x09,0x00,0x00,0x00,0x46,0x0e,0x10,0x00,
0x09,0x00,0x00,0x00,0xa6,0x0a,0x10,0x00,0x02,0x00,0x00,0x00,0x46,0x0e,0x10,0x00,
0x0a,0x00,0x00,0x00,0x00,0x00,0x00,0x07,0x42,0x00,0x10,0x00,0x02,0x00,0x00,0x00,
0x3a,0x00,0x10,0x00,0x02,0x00,0x00,0x00,0x2a,0x00,0x10,0x00,0x02,0x00,0x00,0x00,
0x31,0x00,0x00,0x07,0x82,0x00,0x10,0x00,0x02,0x00,0x00,0x00,0x01,0x40,0x00,0x00,
0x00,0x00,0x00,0x00,0x2a,0x00,0x10,0x00,0x07,0x00,0x00,0x00,0x01,0x00,0x00,0x07,
0x82,0x00,0x10,0x00,0x02,0x00,0x00,0x00,0x3a,0x00,0x10,0x00,0x02,0x00,0x00,0x00,
0x01,0x40,0x00,0x00,0x00,0x00,0x80,0x3f,0x32,0x00,0x00,0x09,0xf2,0x00,0x10,0x00,
0x07,0x00,0x00,0x00,0x46,0x0e,0x10,0x00,0x07,0x00,0x00,0x00,0xf6,0x0f,0x10,0x00,
0x02,0x00,0x00,0x00,0x46,0x0e,0x10,0x00,0x09,0x00,0x00,0x00,0x00,0x00,0x00,0x07,
0x42,0x00,0x10,0x00,0x02,0x00,0x00,0x00,0x3a,0x00,0x10,0x00,0x02,0x00,0x00,0x00,
0x2a,0x00,0x10,0x00,0x02,0x00,0x00,0x00,0x31,0x00,0x00,0x07,0x82,0x00,0x10,0x00,
0x02,0x00,0x00,0x00,0x01,0x40,0x00,0x00,0x00,0x00,0x00,0x00,0x2a,0x00,0x10,0x00,
0x08,0x00,0x00,0x00,0x01,0x00,0x00,0x07,0x82,0x00,0x10,0x00,0x02,0x00,0x00,0x00,
0x3a,0x00,0x10,0x00,0x02,0x00,0x00,0x00,0x01,0x40,0x00,0x00,0x00,0x00,0x80,0x3f,
0x32,0x00,0x00,0x09,0xf2,0x00,0x10,0x00,0x07,0x00,0x00,0x00,0x46,0x0e,0x10,0x00,
0x08,0x00,0x00,0x00,0xf6,0x0f,0x10,0x00,0x02,0x00,0x00,0x00,0x46,0x0e,0x10,0x00,
0x07,0x00,0x00,0x00,0x00,0x00,0x00,0x07,0x42,0x00,0x10,0x00,0x02,0x00,0x00,0x00,
0x3a,0x00,0x10,0x00,0x02,0x00,0x00,0x00,0x2a,0x00,0x10,0x00,0x02,0x00,0x00,0x00,
0x31,0x00,0x00,0x07,0x82,0x00,0x10,0x00,0x02,0x00,0x00,0x00,0x01,0x40,0x00,0x00,
0x6f,0x12,0x83,0x3a,0x2a,0x00,0x10,0x00,0x02,0x00,0x00,0x00,0x37,0x00,0x00,0x09,
0x42,0x00,0x10,0x00,0x02,0x00,0x00,0x00,0x3a,0x00,0x10,0x00,0x02,0x00,0x00,0x00,
0x2a,0x00,0x10,0x00,0x02,0x00,0x00,0x00,0x01,0x40,0x00,0x00,0x00,0x00,0x80,0x3f,
0x0e,0x00,0x00,0x07,0xf2,0x00,0x10,0x00,0x07,0x00,0x00,0x00,0x46,0x0e,0x10,0x00,
0x07,0x00,0x00,0x00,0xa6,0x0a,0x10,0x00,0x02,0x00,0x00,0x00,0x36,0x00,0x00,0x06,
0xf2,0x30,0x20,0x00,0x00,0x00,0x00,0x00,0x00,0x00,0x00,0x00,0x46,0x0e,0x10,0x00,
0x07,0x00,0x00,0x00,0xa4,0x00,0x00,0x07,0xf2,0xe0,0x11,0x00,0x01,0x00,0x00,0x00,
0x46,0x0e,0x10,0x00,0x06,0x00,0x00,0x00,0x46,0x0e,0x10,0x00,0x07,0x00,0x00,0x00,
0x1e,0x00,0x00,0x0a,0x52,0x00,0x10,0x00,0x04,0x00,0x00,0x00,0xf6,0x0d,0x10,0x00,
0x04,0x00,0x00,0x00,0x02,0x40,0x00,0x00,0x20,0x00,0x00,0x00,0x00,0x00,0x00,0x00,
0x20,0x00,0x00,0x00,0x00,0x00,0x00,0x00,0x8c,0x00,0x00,0x11,0x32,0x00,0x10,0x00,
0x06,0x00,0x00,0x00,0x02,0x40,0x00,0x00,0x1a,0x00,0x00,0x00,0x1a,0x00,0x00,0x00,
0x00,0x00,0x00,0x00,0x00,0x00,0x00,0x00,0x02,0x40,0x00,0x00,0x06,0x00,0x00,0x00,
0x06,0x00,0x00,0x00,0x00,0x00,0x00,0x00,0x00,0x00,0x00,0x00,0xc6,0x00,0x10,0x00,
0x00,0x00,0x00,0x00,0x46,0x00,0x10,0x00,0x04,0x00,0x00,0x00,0x1e,0x00,0x00,0x0a,
0x92,0x00,0x10,0x00,0x03,0x00,0x00,0x00,0x56,0x09,0x10,0x00,0x03,0x00,0x00,0x00,
0x02,0x40,0x00,0x00,0x10,0x00,0x00,0x00,0x00,0x00,0x00,0x00,0x00,0x00,0x00,0x00,
0x10,0x00,0x00,0x00,0x8c,0x00,0x00,0x11,0xf2,0x00,0x10,0x00,0x07,0x00,0x00,0x00,
0x02,0x40,0x00,0x00,0x1b,0x00,0x00,0x00,0x1b,0x00,0x00,0x00,0x1b,0x00,0x00,0x00,
0x1b,0x00,0x00,0x00,0x02,0x40,0x00,0x00,0x05,0x00,0x00,0x00,0x05,0x00,0x00,0x00,
0x05,0x00,0x00,0x00,0x05,0x00,0x00,0x00,0xc6,0x0f,0x10,0x00,0x00,0x00,0x00,0x00,
0x86,0x0a,0x10,0x00,0x03,0x00,0x00,0x00,0x1e,0x00,0x00,0x0a,0xf2,0x00,0x10,0x00,
0x08,0x00,0x00,0x00,0x46,0x04,0x10,0x00,0x06,0x00,0x00,0x00,0x02,0x40,0x00,0x00,
0x01,0x00,0x00,0x00,0x00,0x00,0x00,0x00,0x00,0x00,0x00,0x00,0x01,0x00,0x00,0x00,
0x1e,0x00,0x00,0x0a,0x32,0x00,0x10,0x00,0x09,0x00,0x00,0x00,0x46,0x00,0x10,0x00,
0x06,0x00,0x00,0x00,0x02,0x40,0x00,0x00,0x01,0x00,0x00,0x00,0x01,0x00,0x00,0x00,
0x00,0x00,0x00,0x00,0x00,0x00,0x00,0x00,0x36,0x00,0x00,0x08,0xc2,0x00,0x10,0x00,
0x06,0x00,0x00,0x00,0x02,0x40,0x00,0x00,0x00,0x00,0x00,0x00,0x00,0x00,0x00,0x00,
0x00,0x00,0x00,0x00,0x00,0x00,0x00,0x00,0x2d,0x00,0x00,0x89,0xc2,0x00,0x00,0x80,
0x03,0x11,0x11,0x00,0x42,0x00,0x10,0x00,0x02,0x00,0x00,0x00,0x46,0x0f,0x10,0x00,
0x06,0x00,0x00,0x00,0x96,0x7c,0x10,0x00,0x00,0x00,0x00,0x00,0x2d,0x00,0x00,0x89,
0xc2,0x00,0x00,0x80,0x03,0x11,0x11,0x00,0x82,0x00,0x10,0x00,0x02,0x00,0x00,0x00,
0x46,0x0e,0x10,0x00,0x06,0x00,0x00,0x00,0x96,0x73,0x10,0x00,0x01,0x00,0x00,0x00,
0x8a,0x00,0x00,0x0f,0x32,0x00,0x10,0x00,0x06,0x00,0x00,0x00,0x02,0x40,0x00,0x00,
0x0a,0x00,0x00,0x00,0x05,0x00,0x00,0x00,0x00,0x00,0x00,0x00,0x00,0x00,0x00,0x00,
0x02,0x40,0x00,0x00,0x15,0x00,0x00,0x00,0x10,0x00,0x00,0x00,0x00,0x00,0x00,0x00,
0x00,0x00,0x00,0x00,0xa6,0x0a,0x10,0x00,0x02,0x00,0x00,0x00,0x56,0x00,0x00,0x05,
0x32,0x00,0x10,0x00,0x06,0x00,0x00,0x00,0x46,0x00,0x10,0x00,0x06,0x00,0x00,0x00,
0x38,0x00,0x00,0x07,0x42,0x00,0x10,0x00,0x06,0x00,0x00,0x00,0x0a,0x00,0x10,0x00,
0x06,0x00,0x00,0x00,0x01,0x40,0x00,0x00,0x08,0x20,0x80,0x3a,0x38,0x00,0x00,0x07,
0x82,0x00,0x10,0x00,0x0a,0x00,0x00,0x00,0x2a,0x00,0x10,0x00,0x05,0x00,0x00,0x00,
0x1a,0x00,0x10,0x00,0x06,0x00,0x00,0x00,0x01,0x00,0x00,0x0a,0xa2,0x00,0x10,0x00,
0x06,0x00,0x00,0x00,0xa6,0x0a,0x10,0x00,0x02,0x00,0x00,0x00,0x02,0x40,0x00,0x00,
0x00,0x00,0x00,0x00,0x00,0x00,0x00,0x80,0x00,0x00,0x00,0x00,0xff,0xff,0x00,0x00,
0x31,0x00,0x00,0x07,0x42,0x00,0x10,0x00,0x02,0x00,0x00,0x00,0x01,0x40,0x00,0x00,
0x00,0x00,0x00,0x00,0x0a,0x00,0x10,0x00,0x06,0x00,0x00,0x00,0x20,0x00,0x00,0x07,
0x22,0x00,0x10,0x00,0x06,0x00,0x00,0x00,0x1a,0x00,0x10,0x00,0x06,0x00,0x00,0x00,
0x01,0x40,0x00,0x00,0x00,0x00,0x00,0x00,0x01,0x00,0x00,0x07,0x42,0x00,0x10,0x00,
0x02,0x00,0x00,0x00,0x2a,0x00,0x10,0x00,0x02,0x00,0x00,0x00,0x1a,0x00,0x10,0x00,
0x06,0x00,0x00,0x00,0x32,0x00,0x00,0x0a,0x12,0x00,0x10,0x00,0x06,0x00,0x00,0x00,
0x0a,0x00,0x10,0x80,0x41,0x00,0x00,0x00,0x06,0x00,0x00,0x00,0x01,0x40,0x00,0x00,
0x08,0x20,0x80,0x3a,0x01,0x40,0x00,0x00,0x00,0x00,0x80,0x3f,0x37,0x00,0x00,0x09,
0x42,0x00,0x10,0x00,0x0a,0x00,0x00,0x00,0x2a,0x00,0x10,0x00,0x02,0x00,0x00,0x00,
0x0a,0x00,0x10,0x00,0x06,0x00,0x00,0x00,0x2a,0x00,0x10,0x00,0x06,0x00,0x00,0x00,
0x83,0x00,0x00,0x05,0x12,0x00,0x10,0x00,0x0a,0x00,0x00,0x00,0x3a,0x00,0x10,0x00,
0x06,0x00,0x00,0x00,0x01,0x00,0x00,0x07,0x42,0x00,0x10,0x00,0x02,0x00,0x00,0x00,
0x3a,0x00,0x10,0x00,0x02,0x00,0x00,0x00,0x01,0x40,0x00,0x00,0xff,0xff,0x00,0x00,
0x83,0x00,0x00,0x05,0x22,0x00,0x10,0x00,0x0a,0x00,0x00,0x00,0x2a,0x00,0x10,0x00,
0x02,0x00,0x00,0x00,0x38,0x00,0x00,0x07,0xf2,0x00,0x10,0x00,0x06,0x00,0x00,0x00,
0x46,0x0e,0x10,0x00,0x05,0x00,0x00,0x00,0x46,0x0e,0x10,0x00,0x0a,0x00,0x00,0x00,
0x36,0x00,0x00,0x05,0x32,0x00,0x10,0x00,0x0a,0x00,0x00,0x00,0xe6,0x0a,0x10,0x00,
0x08,0x00,0x00,0x00,0x36,0x00,0x00,0x08,0xc2,0x00,0x10,0x00,0x0a,0x00,0x00,0x00,
0x02,0x40,0x00,0x00,0x00,0x00,0x00,0x00,0x00,0x00,0x00,0x00,0x00,0x00,0x00,0x00,
0x00,0x00,0x00,0x00,0x2d,0x00,0x00,0x89,0xc2,0x00,0x00,0x80,0x03,0x11,0x11,0x00,
0x42,0x00,0x10,0x00,0x02,0x00,0x00,0x00,0x46,0x0f,0x10,0x00,0x0a,0x00,0x00,0x00,
0x96,0x7c,0x10,0x00,0x00,0x00,0x00,0x00,0x2d,0x00,0x00,0x89,0xc2,0x00,0x00,0x80,
0x03,0x11,0x11,0x00,0x82,0x00,0x10,0x00,0x02,0x00,0x00,0x00,0x46,0x0e,0x10,0x00,
0x0a,0x00,0x00,0x00,0x96,0x73,0x10,0x00,0x01,0x00,0x00,0x00,0x8a,0x00,0x00,0x0f,
0x32,0x00,0x10,0x00,0x0a,0x00,0x00,0x00,0x02,0x40,0x00,0x00,0x0a,0x00,0x00,0x00,
0x05,0x00,0x00,0x00,0x00,0x00,0x00,0x00,0x00,0x00,0x00,0x00,0x02,0x40,0x00,0x00,
0x15,0x00,0x00,0x00,0x10,0x00,0x00,0x00,0x00,0x00,0x00,0x00,0x00,0x00,0x00,0x00,
0xa6,0x0a,0x10,0x00,0x02,0x00,0x00,0x00,0x56,0x00,0x00,0x05,0x32,0x00,0x10,0x00,
0x0a,0x00,0x00,0x00,0x46,0x00,0x10,0x00,0x0a,0x00,0x00,0x00,0x38,0x00,0x00,0x07,
0x42,0x00,0x10,0x00,0x0a,0x00,0x00,0x00,0x0a,0x00,0x10,0x00,0x0a,0x00,0x00,0x00,
0x01,0x40,0x00,0x00,0x08,0x20,0x80,0x3a,0x38,0x00,0x00,0x07,0x82,0x00,0x10,0x00,
0x0b,0x00,0x00,0x00,0x2a,0x00,0x10,0x00,0x05,0x00,0x00,0x00,0x1a,0x00,0x10,0x00,
0x0a,0x00,0x00,0x00,0x01,0x00,0x00,0x0a,0xa2,0x00,0x10,0x00,0x0a,0x00,0x00,0x00,
0xa6,0x0a,0x10,0x00,0x02,0x00,0x00,0x00,0x02,0x40,0x00,0x00,0x00,0x00,0x00,0x00,
0x00,0x00,0x00,0x80,0x00,0x00,0x00,0x00,0xff,0xff,0x00,0x00,0x31,0x00,0x00,0x07,
0x42,0x00,0x10,0x00,0x02,0x00,0x00,0x00,0x01,0x40,0x00,0x00,0x00,0x00,0x00,0x00,
0x0a,0x00,0x10,0x00,0x0a,0x00,0x00,0x00,0x20,0x00,0x00,0x07,0x22,0x00,0x10,0x00,
0x0a,0x00,0x00,0x00,0x1a,0x00,0x10,0x00,0x0a,0x00,0x00,0x00,0x01,0x40,0x00,0x00,
0x00,0x00,0x00,0x00,0x01,0x00,0x00,0x07,0x42,0x00,0x10,0x00,0x02,0x00,0x00,0x00,
0x2a,0x00,0x10,0x00,0x02,0x00,0x00,0x00,0x1a,0x00,0x10,0x00,0x0a,0x00,0x00,0x00,
0x32,0x00,0x00,0x0a,0x12,0x00,0x10,0x00,0x0a,0x00,0x00,0x00,0x0a,0x00,0x10,0x80,
0x41,0x00,0x00,0x00,0x0a,0x00,0x00,0x00,0x01,0x40,0x00,0x00,0x08,0x20,0x80,0x3a,
0x01,0x40,0x00,0x00,0x00,0x00,0x80,0x3f,0x37,0x00,0x00,0x09,0x42,0x00,0x10,0x00,
0x0b,0x00,0x00,0x00,0x2a,0x00,0x10,0x00,0x02,0x00,0x00,0x00,0x0a,0x00,0x10,0x00,
0x0a,0x00,0x00,0x00,0x2a,0x00,0x10,0x00,0x0a,0x00,0x00,0x00,0x83,0x00,0x00,0x05,
0x12,0x00,0x10,0x00,0x0b,0x00,0x00,0x00,0x3a,0x00,0x10,0x00,0x0a,0x00,0x00,0x00,
0x01,0x00,0x00,0x07,0x42,0x00,0x10,0x00,0x02,0x00,0x00,0x00,0x3a,0x00,0x10,0x00,
0x02,0x00,0x00,0x00,0x01,0x40,0x00,0x00,0xff,0xff,0x00,0x00,0x83,0x00,0x00,0x05,
0x22,0x00,0x10,0x00,0x0b,0x00,0x00,0x00,0x2a,0x00,0x10,0x00,0x02,0x00,0x00,0x00,
0x38,0x00,0x00,0x07,0xf2,0x00,0x10,0x00,0x0a,0x00,0x00,0x00,0x46,0x0e,0x10,0x00,
0x05,0x00,0x00,0x00,0x46,0x0e,0x10,0x00,0x0b,0x00,0x00,0x00,0x36,0x00,0x00,0x08,
0xc2,0x00,0x10,0x00,0x08,0x00,0x00,0x00,0x02,0x40,0x00,0x00,0x00,0x00,0x00,0x00,
0x00,0x00,0x00,0x00,0x00,0x00,0x00,0x00,0x00,0x00,0x00,0x00,0x2d,0x00,0x00,0x89,
0xc2,0x00,0x00,0x80,0x03,0x11,0x11,0x00,0x42,0x00,0x10,0x00,0x02,0x00,0x00,0x00,
0x46,0x0f,0x10,0x00,0x08,0x00,0x00,0x00,0x96,0x7c,0x10,0x00,0x00,0x00,0x00,0x00,
0x2d,0x00,0x00,0x89,0xc2,0x00,0x00,0x80,0x03,0x11,0x11,0x00,0x82,0x00,0x10,0x00,
0x02,0x00,0x00,0x00,0x46,0x0e,0x10,0x00,0x08,0x00,0x00,0x00,0x96,0x73,0x10,0x00,
0x01,0x00,0x00,0x00,0x8a,0x00,0x00,0x0f,0x32,0x00,0x10,0x00,0x08,0x00,0x00,0x00,
0x02,0x40,0x00,0x00,0x0a,0x00,0x00,0x00,0x05,0x00,0x00,0x00,0x00,0x00,0x00,0x00,
0x00,0x00,0x00,0x00,0x02,0x40,0x00,0x00,0x15,0x00,0x00,0x00,0x10,0x00,0x00,0x00,
0x00,0x00,0x00,0x00,0x00,0x00,0x00,0x00,0xa6,0x0a,0x10,0x00,0x02,0x00,0x00,0x00,
0x56,0x00,0x00,0x05,0x32,0x00,0x10,0x00,0x08,0x00,0x00,0x00,0x46,0x00,0x10,0x00,
0x08,0x00,0x00,0x00,0x38,0x00,0x00,0x07,0x42,0x00,0x10,0x00,0x08,0x00,0x00,0x00,
0x0a,0x00,0x10,0x00,0x08,0x00,0x00,0x00,0x01,0x40,0x00,0x00,0x08,0x20,0x80,0x3a,
0x38,0x00,0x00,0x07,0x82,0x00,0x10,0x00,0x0b,0x00,0x00,0x00,0x2a,0x00,0x10,0x00,
0x05,0x00,0x00,0x00,0x1a,0x00,0x10,0x00,0x08,0x00,0x00,0x00,0x01,0x00,0x00,0x0a,
0xa2,0x00,0x10,0x00,0x08,0x00,0x00,0x00,0xa6,0x0a,0x10,0x00,0x02,0x00,0x00,0x00,
0x02,0x40,0x00,0x00,0x00,0x00,0x00,0x00,0x00,0x00,0x00,0x80,0x00,0x00,0x00,0x00,
0xff,0xff,0x00,0x00,0x31,0x00,0x00,0x07,0x42,0x00,0x10,0x00,0x02,0x00,0x00,0x00,
0x01,0x40,0x00,0x00,0x00,0x00,0x00,0x00,0x0a,0x00,0x10,0x00,0x08,0x00,0x00,0x00,
0x20,0x00,0x00,0x07,0x22,0x00,0x10,0x00,0x08,0x00,0x00,0x00,0x1a,0x00,0x10,0x00,
0x08,0x00,0x00,0x00,0x01,0x40,0x00,0x00,0x00,0x00,0x00,0x00,0x01,0x00,0x00,0x07,
0x42,0x00,0x10,0x00,0x02,0x00,0x00,0x00,0x2a,0x00,0x10,0x00,0x02,0x00,0x00,0x00,
0x1a,0x00,0x10,0x00,0x08,0x00,0x00,0x00,0x32,0x00,0x00,0x0a,0x12,0x00,0x10,0x00,
0x08,0x00,0x00,0x00,0x0a,0x00,0x10,0x80,0x41,0x00,0x00,0x00,0x08,0x00,0x00,0x00,
0x01,0x40,0x00,0x00,0x08,0x20,0x80,0x3a,0x01,0x40,0x00,0x00,0x00,0x00,0x80,0x3f,
0x37,0x00,0x00,0x09,0x42,0x00,0x10,0x00,0x0b,0x00,0x00,0x00,0x2a,0x00,0x10,0x00,
0x02,0x00,0x00,0x00,0x0a,0x00,0x10,0x00,0x08,0x00,0x00,0x00,0x2a,0x00,0x10,0x00,
0x08,0x00,0x00,0x00,0x83,0x00,0x00,0x05,0x12,0x00,0x10,0x00,0x0b,0x00,0x00,0x00,
0x3a,0x00,0x10,0x00,0x08,0x00,0x00,0x00,0x01,0x00,0x00,0x07,0x42,0x00,0x10,0x00,
0x02,0x00,0x00,0x00,0x3a,0x00,0x10,0x00,0x02,0x00,0x00,0x00,0x01,0x40,0x00,0x00,
0xff,0xff,0x00,0x00,0x83,0x00,0x00,0x05,0x22,0x00,0x10,0x00,0x0b,0x00,0x00,0x00,
0x2a,0x00,0x10,0x00,0x02,0x00,0x00,0x00,0x38,0x00,0x00,0x07,0xf2,0x00,0x10,0x00,
0x08,0x00,0x00,0x00,0x46,0x0e,0x10,0x00,0x05,0x00,0x00,0x00,0x46,0x0e,0x10,0x00,
0x0b,0x00,0x00,0x00,0x36,0x00,0x00,0x08,0xc2,0x00,0x10,0x00,0x09,0x00,0x00,0x00,
0x02,0x40,0x00,0x00,0x00,0x00,0x00,0x00,0x00,0x00,0x00,0x00,0x00,0x00,0x00,0x00,
0x00,0x00,0x00,0x00,0x2d,0x00,0x00,0x89,0xc2,0x00,0x00,0x80,0x03,0x11,0x11,0x00,
0x42,0x00,0x10,0x00,0x02,0x00,0x00,0x00,0x46,0x0f,0x10,0x00,0x09,0x00,0x00,0x00,
0x96,0x7c,0x10,0x00,0x00,0x00,0x00,0x00,0x2d,0x00,0x00,0x89,0xc2,0x00,0x00,0x80,
0x03,0x11,0x11,0x00,0x82,0x00,0x10,0x00,0x02,0x00,0x00,0x00,0x46,0x0e,0x10,0x00,
0x09,0x00,0x00,0x00,0x96,0x73,0x10,0x00,0x01,0x00,0x00,0x00,0x8a,0x00,0x00,0x0f,
0x32,0x00,0x10,0x00,0x09,0x00,0x00,0x00,0x02,0x40,0x00,0x00,0x0a,0x00,0x00,0x00,
0x05,0x00,0x00,0x00,0x00,0x00,0x00,0x00,0x00,0x00,0x00,0x00,0x02,0x40,0x00,0x00,
0x15,0x00,0x00,0x00,0x10,0x00,0x00,0x00,0x00,0x00,0x00,0x00,0x00,0x00,0x00,0x00,
0xa6,0x0a,0x10,0x00,0x02,0x00,0x00,0x00,0x56,0x00,0x00,0x05,0x32,0x00,0x10,0x00,
0x09,0x00,0x00,0x00,0x46,0x00,0x10,0x00,0x09,0x00,0x00,0x00,0x38,0x00,0x00,0x07,
0x42,0x00,0x10,0x00,0x09,0x00,0x00,0x00,0x0a,0x00,0x10,0x00,0x09,0x00,0x00,0x00,
0x01,0x40,0x00,0x00,0x08,0x20,0x80,0x3a,0x38,0x00,0x00,0x07,0x82,0x00,0x10,0x00,
0x0b,0x00,0x00,0x00,0x2a,0x00,0x10,0x00,0x05,0x00,0x00,0x00,0x1a,0x00,0x10,0x00,
0x09,0x00,0x00,0x00,0x01,0x00,0x00,0x0a,0xa2,0x00,0x10,0x00,0x09,0x00,0x00,0x00,
0xa6,0x0a,0x10,0x00,0x02,0x00,0x00,0x00,0x02,0x40,0x00,0x00,0x00,0x00,0x00,0x00,
0x00,0x00,0x00,0x80,0x00,0x00,0x00,0x00,0xff,0xff,0x00,0x00,0x31,0x00,0x00,0x07,
0x42,0x00,0x10,0x00,0x02,0x00,0x00,0x00,0x01,0x40,0x00,0x00,0x00,0x00,0x00,0x00,
0x0a,0x00,0x10,0x00,0x09,0x00,0x00,0x00,0x20,0x00,0x00,0x07,0x22,0x00,0x10,0x00,
0x09,0x00,0x00,0x00,0x1a,0x00,0x10,0x00,0x09,0x00,0x00,0x00,0x01,0x40,0x00,0x00,
0x00,0x00,0x00,0x00,0x01,0x00,0x00,0x07,0x42,0x00,0x10,0x00,0x02,0x00,0x00,0x00,
0x2a,0x00,0x10,0x00,0x02,0x00,0x00,0x00,0x1a,0x00,0x10,0x00,0x09,0x00,0x00,0x00,
0x32,0x00,0x00,0x0a,0x12,0x00,0x10,0x00,0x09,0x00,0x00,0x00,0x0a,0x00,0x10,0x80,
0x41,0x00,0x00,0x00,0x09,0x00,0x00,0x00,0x01,0x40,0x00,0x00,0x08,0x20,0x80,0x3a,
0x01,0x40,0x00,0x00,0x00,0x00,0x80,0x3f,0x37,0x00,0x00,0x09,0x42,0x00,0x10,0x00,
0x0b,0x00,0x00,0x00,0x2a,0x00,0x10,0x00,0x02,0x00,0x00,0x00,0x0a,0x00,0x10,0x00,
0x09,0x00,0x00,0x00,0x2a,0x00,0x10,0x00,0x09,0x00,0x00,0x00,0x83,0x00,0x00,0x05,
0x12,0x00,0x10,0x00,0x0b,0x00,0x00,0x00,0x3a,0x00,0x10,0x00,0x09,0x00,0x00,0x00,
0x01,0x00,0x00,0x07,0x42,0x00,0x10,0x00,0x02,0x00,0x00,0x00,0x3a,0x00,0x10,0x00,
0x02,0x00,0x00,0x00,0x01,0x40,0x00,0x00,0xff,0xff,0x00,0x00,0x83,0x00,0x00,0x05,
0x22,0x00,0x10,0x00,0x0b,0x00,0x00,0x00,0x2a,0x00,0x10,0x00,0x02,0x00,0x00,0x00,
0x38,0x00,0x00,0x07,0xf2,0x00,0x10,0x00,0x09,0x00,0x00,0x00,0x46,0x0e,0x10,0x00,
0x05,0x00,0x00,0x00,0x46,0x0e,0x10,0x00,0x0b,0x00,0x00,0x00,0x31,0x00,0x00,0x07,
0x42,0x00,0x10,0x00,0x02,0x00,0x00,0x00,0x01,0x40,0x00,0x00,0x00,0x00,0x00,0x00,
0x2a,0x00,0x10,0x00,0x06,0x00,0x00,0x00,0x31,0x00,0x00,0x07,0x82,0x00,0x10,0x00,
0x02,0x00,0x00,0x00,0x01,0x40,0x00,0x00,0x00,0x00,0x00,0x00,0x2a,0x00,0x10,0x00,
0x0a,0x00,0x00,0x00,0x01,0x00,0x00,0x0a,0xc2,0x00,0x10,0x00,0x02,0x00,0x00,0x00,
0xa6,0x0e,0x10,0x00,0x02,0x00,0x00,0x00,0x02,0x40,0x00,0x00,0x00,0x00,0x00,0x00,
0x00,0x00,0x00,0x00,0x00,0x00,0x80,0x3f,0x00,0x00,0x80,0x3f,0x38,0x00,0x00,0x07,
0xf2,0x00,0x10,0x00,0x0a,0x00,0x00,0x00,0xf6,0x0f,0x10,0x00,0x02,0x00,0x00,0x00,
0x46,0x0e,0x10,0x00,0x0a,0x00,0x00,0x00,0x32,0x00,0x00,0x09,0xf2,0x00,0x10,0x00,
0x06,0x00,0x00,0x00,0x46,0x0e,0x10,0x00,0x06,0x00,0x00,0x00,0xa6,0x0a,0x10,0x00,
0x02,0x00,0x00,0x00,0x46,0x0e,0x10,0x00,0x0a,0x00,0x00,0x00,0x00,0x00,0x00,0x07,
0x42,0x00,0x10,0x00,0x02,0x00,0x00,0x00,0x3a,0x00,0x10,0x00,0x02,0x00,0x00,0x00,
0x2a,0x00,0x10,0x00,0x02,0x00,0x00,0x00,0x31,0x00,0x00,0x07,0x82,0x00,0x10,0x00,
0x02,0x00,0x00,0x00,0x01,0x40,0x00,0x00,0x00,0x00,0x00,0x00,0x2a,0x00,0x10,0x00,
0x08,0x00,0x00,0x00,0x01,0x00,0x00,0x07,0x82,0x00,0x10,0x00,0x02,0x00,0x00,0x00,
0x3a,0x00,0x10,0x00,0x02,0x00,0x00,0x00,0x01,0x40,0x00,0x00,0x00,0x00,0x80,0x3f,
0x32,0x00,0x00,0x09,0xf2,0x00,0x10,0x00,0x06,0x00,0x00,0x00,0x46,0x0e,0x10,0x00,
0x08,0x00,0x00,0x00,0xf6,0x0f,0x10,0x00,0x02,0x00,0x00,0x00,0x46,0x0e,0x10,0x00,
0x06,0x00,0x00,0x00,0x00,0x00,0x00,0x07,0x42,0x00,0x10,0x00,0x02,0x00,0x00,0x00,
0x3a,0x00,0x10,0x00,0x02,0x00,0x00,0x00,0x2a,0x00,0x10,0x00,0x02,0x00,0x00,0x00,
0x31,0x00,0x00,0x07,0x82,0x00,0x10,0x00,0x02,0x00,0x00,0x00,0x01,0x40,0x00,0x00,
0x00,0x00,0x00,0x00,0x2a,0x00,0x10,0x00,0x09,0x00,0x00,0x00,0x01,0x00,0x00,0x07,
0x82,0x00,0x10,0x00,0x02,0x00,0x00,0x00,0x3a,0x00,0x10,0x00,0x02,0x00,0x00,0x00,
0x01,0x40,0x00,0x00,0x00,0x00,0x80,0x3f,0x32,0x00,0x00,0x09,0xf2,0x00,0x10,0x00,
0x06,0x00,0x00,0x00,0x46,0x0e,0x10,0x00,0x09,0x00,0x00,0x00,0xf6,0x0f,0x10,0x00,
0x02,0x00,0x00,0x00,0x46,0x0e,0x10,0x00,0x06,0x00,0x00,0x00,0x00,0x00,0x00,0x07,
0x42,0x00,0x10,0x00,0x02,0x00,0x00,0x00,0x3a,0x00,0x10,0x00,0x02,0x00,0x00,0x00,
0x2a,0x00,0x10,0x00,0x02,0x00,0x00,0x00,0x31,0x00,0x00,0x07,0x82,0x00,0x10,0x00,
0x02,0x00,0x00,0x00,0x01,0x40,0x00,0x00,0x6f,0x12,0x83,0x3a,0x2a,0x00,0x10,0x00,
0x02,0x00,0x00,0x00,0x37,0x00,0x00,0x09,0x42,0x00,0x10,0x00,0x02,0x00,0x00,0x00,
0x3a,0x00,0x10,0x00,0x02,0x00,0x00,0x00,0x2a,0x00,0x10,0x00,0x02,0x00,0x00,0x00,
0x01,0x40,0x00,0x00,0x00,0x00,0x80,0x3f,0x0e,0x00,0x00,0x07,0xf2,0x00,0x10,0x00,
0x06,0x00,0x00,0x00,0x46,0x0e,0x10,0x00,0x06,0x00,0x00,0x00,0xa6,0x0a,0x10,0x00,
0x02,0x00,0x00,0x00,0x36,0x00,0x00,0x06,0xf2,0x30,0x20,0x00,0x00,0x00,0x00,0x00,
0x01,0x00,0x00,0x00,0x46,0x0e,0x10,0x00,0x06,0x00,0x00,0x00,0xa4,0x00,0x00,0x07,
0xf2,0xe0,0x11,0x00,0x01,0x00,0x00,0x00,0x46,0x0e,0x10,0x00,0x07,0x00,0x00,0x00,
0x46,0x0e,0x10,0x00,0x06,0x00,0x00,0x00,0x8c,0x00,0x00,0x11,0x32,0x00,0x10,0x00,
0x06,0x00,0x00,0x00,0x02,0x40,0x00,0x00,0x1a,0x00,0x00,0x00,0x1a,0x00,0x00,0x00,
0x00,0x00,0x00,0x00,0x00,0x00,0x00,0x00,0x02,0x40,0x00,0x00,0x06,0x00,0x00,0x00,
0x06,0x00,0x00,0x00,0x00,0x00,0x00,0x00,0x00,0x00,0x00,0x00,0xc6,0x00,0x10,0x00,
0x00,0x00,0x00,0x00,0xb6,0x0f,0x10,0x00,0x04,0x00,0x00,0x00,0x8c,0x00,0x00,0x11,
0xf2,0x00,0x10,0x00,0x07,0x00,0x00,0x00,0x02,0x40,0x00,0x00,0x1b,0x00,0x00,0x00,
0x1b,0x00,0x00,0x00,0x1b,0x00,0x00,0x00,0x1b,0x00,0x00,0x00,0x02,0x40,0x00,0x00,
0x05,0x00,0x00,0x00,0x05,0x00,0x00,0x00,0x05,0x00,0x00,0x00,0x05,0x00,0x00,0x00,
0xc6,0x0f,0x10,0x00,0x00,0x00,0x00,0x00,0xd6,0x0f,0x10,0x00,0x03,0x00,0x00,0x00,
0x1e,0x00,0x00,0x0a,0xf2,0x00,0x10,0x00,0x08,0x00,0x00,0x00,0x46,0x04,0x10,0x00,
0x06,0x00,0x00,0x00,0x02,0x40,0x00,0x00,0x01,0x00,0x00,0x00,0x00,0x00,0x00,0x00,
0x00,0x00,0x00,0x00,0x01,0x00,0x00,0x00,0x1e,0x00,0x00,0x0a,0x32,0x00,0x10,0x00,
0x09,0x00,0x00,0x00,0x46,0x00,0x10,0x00,0x06,0x00,0x00,0x00,0x02,0x40,0x00,0x00,
0x01,0x00,0x00,0x00,0x01,0x00,0x00,0x00,0x00,0x00,0x00,0x00,0x00,0x00,0x00,0x00,
0x36,0x00,0x00,0x08,0xc2,0x00,0x10,0x00,0x06,0x00,0x00,0x00,0x02,0x40,0x00,0x00,
0x00,0x00,0x00,0x00,0x00,0x00,0x00,0x00,0x00,0x00,0x00,0x00,0x00,0x00,0x00,0x00,
0x2d,0x00,0x00,0x89,0xc2,0x00,0x00,0x80,0x03,0x11,0x11,0x00,0x42,0x00,0x10,0x00,
0x02,0x00,0x00,0x00,0x46,0x0f,0x10,0x00,0x06,0x00,0x00,0x00,0x96,0x7c,0x10,0x00,
0x00,0x00,0x00,0x00,0x2d,0x00,0x00,0x89,0xc2,0x00,0x00,0x80,0x03,0x11,0x11,0x00,
0x82,0x00,0x10,0x00,0x02,0x00,0x00,0x00,0x46,0x0e,0x10,0x00,0x06,0x00,0x00,0x00,
0x96,0x73,0x10,0x00,0x01,0x00,0x00,0x00,0x8a,0x00,0x00,0x0f,0x32,0x00,0x10,0x00,
0x06,0x00,0x00,0x00,0x02,0x40,0x00,0x00,0x0a,0x00,0x00,0x00,0x05,0x00,0x00,0x00,
0x00,0x00,0x00,0x00,0x00,0x00,0x00,0x00,0x02,0x40,0x00,0x00,0x15,0x00,0x00,0x00,
0x10,0x00,0x00,0x00,0x00,0x00,0x00,0x00,0x00,0x00,0x00,0x00,0xa6,0x0a,0x10,0x00,
0x02,0x00,0x00,0x00,0x56,0x00,0x00,0x05,0x32,0x00,0x10,0x00,0x06,0x00,0x00,0x00,
0x46,0x00,0x10,0x00,0x06,0x00,0x00,0x00,0x38,0x00,0x00,0x07,0x42,0x00,0x10,0x00,
0x06,0x00,0x00,0x00,0x0a,0x00,0x10,0x00,0x06,0x00,0x00,0x00,0x01,0x40,0x00,0x00,
0x08,0x20,0x80,0x3a,0x38,0x00,0x00,0x07,0x82,0x00,0x10,0x00,0x0a,0x00,0x00,0x00,
0x2a,0x00,0x10,0x00,0x05,0x00,0x00,0x00,0x1a,0x00,0x10,0x00,0x06,0x00,0x00,0x00,
0x01,0x00,0x00,0x0a,0xa2,0x00,0x10,0x00,0x06,0x00,0x00,0x00,0xa6,0x0a,0x10,0x00,
0x02,0x00,0x00,0x00,0x02,0x40,0x00,0x00,0x00,0x00,0x00,0x00,0x00,0x00,0x00,0x80,
0x00,0x00,0x00,0x00,0xff,0xff,0x00,0x00,0x31,0x00,0x00,0x07,0x42,0x00,0x10,0x00,
0x02,0x00,0x00,0x00,0x01,0x40,0x00,0x00,0x00,0x00,0x00,0x00,0x0a,0x00,0x10,0x00,
0x06,0x00,0x00,0x00,0x20,0x00,0x00,0x07,0x22,0x00,0x10,0x00,0x06,0x00,0x00,0x00,
0x1a,0x00,0x10,0x00,0x06,0x00,0x00,0x00,0x01,0x40,0x00,0x00,0x00,0x00,0x00,0x00,
0x01,0x00,0x00,0x07,0x42,0x00,0x10,0x00,0x02,0x00,0x00,0x00,0x2a,0x00,0x10,0x00,
0x02,0x00,0x00,0x00,0x1a,0x00,0x10,0x00,0x06,0x00,0x00,0x00,0x32,0x00,0x00,0x0a,
0x12,0x00,0x10,0x00,0x06,0x00,0x00,0x00,0x0a,0x00,0x10,0x80,0x41,0x00,0x00,0x00,
0x06,0x00,0x00,0x00,0x01,0x40,0x00,0x00,0x08,0x20,0x80,0x3a,0x01,0x40,0x00,0x00,
0x00,0x00,0x80,0x3f,0x37,0x00,0x00,0x09,0x42,0x00,0x10,0x00,0x0a,0x00,0x00,0x00,
0x2a,0x00,0x10,0x00,0x02,0x00,0x00,0x00,0x0a,0x00,0x10,0x00,0x06,0x00,0x00,0x00,
0x2a,0x00,0x10,0x00,0x06,0x00,0x00,0x00,0x83,0x00,0x00,0x05,0x12,0x00,0x10,0x00,
0x0a,0x00,0x00,0x00,0x3a,0x00,0x10,0x00,0x06,0x00,0x00,0x00,0x01,0x00,0x00,0x07,
0x42,0x00,0x10,0x00,0x02,0x00,0x00,0x00,0x3a,0x00,0x10,0x00,0x02,0x00,0x00,0x00,
0x01,0x40,0x00,0x00,0xff,0xff,0x00,0x00,0x83,0x00,0x00,0x05,0x22,0x00,0x10,0x00,
0x0a,0x00,0x00,0x00,0x2a,0x00,0x10,0x00,0x02,0x00,0x00,0x00,0x38,0x00,0x00,0x07,
0xf2,0x00,0x10,0x00,0x06,0x00,0x00,0x00,0x46,0x0e,0x10,0x00,0x05,0x00,0x00,0x00,
0x46,0x0e,0x10,0x00,0x0a,0x00,0x00,0x00,0x36,0x00,0x00,0x05,0x32,0x00,0x10,0x00,
0x0a,0x00,0x00,0x00,0xe6,0x0a,0x10,0x00,0x08,0x00,0x00,0x00,0x36,0x00,0x00,0x08,
0xc2,0x00,0x10,0x00,0x0a,0x00,0x00,0x00,0x02,0x40,0x00,0x00,0x00,0x00,0x00,0x00,
0x00,0x00,0x00,0x00,0x00,0x00,0x00,0x00,0x00,0x00,0x00,0x00,0x2d,0x00,0x00,0x89,
0xc2,0x00,0x00,0x80,0x03,0x11,0x11,0x00,0x42,0x00,0x10,0x00,0x02,0x00,0x00,0x00,
0x46,0x0f,0x10,0x00,0x0a,0x00,0x00,0x00,0x96,0x7c,0x10,0x00,0x00,0x00,0x00,0x00,
0x2d,0x00,0x00,0x89,0xc2,0x00,0x00,0x80,0x03,0x11,0x11,0x00,0x82,0x00,0x10,0x00,
0x02,0x00,0x00,0x00,0x46,0x0e,0x10,0x00,0x0a,0x00,0x00,0x00,0x96,0x73,0x10,0x00,
0x01,0x00,0x00,0x00,0x8a,0x00,0x00,0x0f,0x32,0x00,0x10,0x00,0x0a,0x00,0x00,0x00,
0x02,0x40,0x00,0x00,0x0a,0x00,0x00,0x00,0x05,0x00,0x00,0x00,0x00,0x00,0x00,0x00,
0x00,0x00,0x00,0x00,0x02,0x40,0x00,0x00,0x15,0x00,0x00,0x00,0x10,0x00,0x00,0x00,
0x00,0x00,0x00,0x00,0x00,0x00,0x00,0x00,0xa6,0x0a,0x10,0x00,0x02,0x00,0x00,0x00,
0x56,0x00,0x00,0x05,0x32,0x00,0x10,0x00,0x0a,0x00,0x00,0x00,0x46,0x00,0x10,0x00,
0x0a,0x00,0x00,0x00,0x38,0x00,0x00,0x07,0x42,0x00,0x10,0x00,0x0a,0x00,0x00,0x00,
0x0a,0x00,0x10,0x00,0x0a,0x00,0x00,0x00,0x01,0x40,0x00,0x00,0x08,0x20,0x80,0x3a,
0x38,0x00,0x00,0x07,0x82,0x00,0x10,0x00,0x0b,0x00,0x00,0x00,0x2a,0x00,0x10,0x00,
0x05,0x00,0x00,0x00,0x1a,0x00,0x10,0x00,0x0a,0x00,0x00,0x00,0x01,0x00,0x00,0x0a,
0xa2,0x00,0x10,0x00,0x0a,0x00,0x00,0x00,0xa6,0x0a,0x10,0x00,0x02,0x00,0x00,0x00,
0x02,0x40,0x00,0x00,0x00,0x00,0x00,0x00,0x00,0x00,0x00,0x80,0x00,0x00,0x00,0x00,
0xff,0xff,0x00,0x00,0x31,0x00,0x00,0x07,0x42,0x00,0x10,0x00,0x02,0x00,0x00,0x00,
0x01,0x40,0x00,0x00,0x00,0x00,0x00,0x00,0x0a,0x00,0x10,0x00,0x0a,0x00,0x00,0x00,
0x20,0x00,0x00,0x07,0x22,0x00,0x10,0x00,0x0a,0x00,0x00,0x00,0x1a,0x00,0x10,0x00,
0x0a,0x00,0x00,0x00,0x01,0x40,0x00,0x00,0x00,0x00,0x00,0x00,0x01,0x00,0x00,0x07,
0x42,0x00,0x10,0x00,0x02,0x00,0x00,0x00,0x2a,0x00,0x10,0x00,0x02,0x00,0x00,0x00,
0x1a,0x00,0x10,0x00,0x0a,0x00,0x00,0x00,0x32,0x00,0x00,0x0a,0x12,0x00,0x10,0x00,
0x0a,0x00,0x00,0x00,0x0a,0x00,0x10,0x80,0x41,0x00,0x00,0x00,0x0a,0x00,0x00,0x00,
0x01,0x40,0x00,0x00,0x08,0x20,0x80,0x3a,0x01,0x40,0x00,0x00,0x00,0x00,0x80,0x3f,
0x37,0x00,0x00,0x09,0x42,0x00,0x10,0x00,0x0b,0x00,0x00,0x00,0x2a,0x00,0x10,0x00,
0x02,0x00,0x00,0x00,0x0a,0x00,0x10,0x00,0x0a,0x00,0x00,0x00,0x2a,0x00,0x10,0x00,
0x0a,0x00,0x00,0x00,0x83,0x00,0x00,0x05,0x12,0x00,0x10,0x00,0x0b,0x00,0x00,0x00,
0x3a,0x00,0x10,0x00,0x0a,0x00,0x00,0x00,0x01,0x00,0x00,0x07,0x42,0x00,0x10,0x00,
0x02,0x00,0x00,0x00,0x3a,0x00,0x10,0x00,0x02,0x00,0x00,0x00,0x01,0x40,0x00,0x00,
0xff,0xff,0x00,0x00,0x83,0x00,0x00,0x05,0x22,0x00,0x10,0x00,0x0b,0x00,0x00,0x00,
0x2a,0x00,0x10,0x00,0x02,0x00,0x00,0x00,0x38,0x00,0x00,0x07,0xf2,0x00,0x10,0x00,
0x0a,0x00,0x00,0x00,0x46,0x0e,0x10,0x00,0x05,0x00,0x00,0x00,0x46,0x0e,0x10,0x00,
0x0b,0x00,0x00,0x00,0x36,0x00,0x00,0x08,0xc2,0x00,0x10,0x00,0x08,0x00,0x00,0x00,
0x02,0x40,0x00,0x00,0x00,0x00,0x00,0x00,0x00,0x00,0x00,0x00,0x00,0x00,0x00,0x00,
0x00,0x00,0x00,0x00,0x2d,0x00,0x00,0x89,0xc2,0x00,0x00,0x80,0x03,0x11,0x11,0x00,
0x42,0x00,0x10,0x00,0x02,0x00,0x00,0x00,0x46,0x0f,0x10,0x00,0x08,0x00,0x00,0x00,
0x96,0x7c,0x10,0x00,0x00,0x00,0x00,0x00,0x2d,0x00,0x00,0x89,0xc2,0x00,0x00,0x80,
0x03,0x11,0x11,0x00,0x82,0x00,0x10,0x00,0x02,0x00,0x00,0x00,0x46,0x0e,0x10,0x00,
0x08,0x00,0x00,0x00,0x96,0x73,0x10,0x00,0x01,0x00,0x00,0x00,0x8a,0x00,0x00,0x0f,
0x32,0x00,0x10,0x00,0x08,0x00,0x00,0x00,0x02,0x40,0x00,0x00,0x0a,0x00,0x00,0x00,
0x05,0x00,0x00,0x00,0x00,0x00,0x00,0x00,0x00,0x00,0x00,0x00,0x02,0x40,0x00,0x00,
0x15,0x00,0x00,0x00,0x10,0x00,0x00,0x00,0x00,0x00,0x00,0x00,0x00,0x00,0x00,0x00,
0xa6,0x0a,0x10,0x00,0x02,0x00,0x00,0x00,0x56,0x00,0x00,0x05,0x32,0x00,0x10,0x00,
0x08,0x00,0x00,0x00,0x46,0x00,0x10,0x00,0x08,0x00,0x00,0x00,0x38,0x00,0x00,0x07,
0x42,0x00,0x10,0x00,0x08,0x00,0x00,0x00,0x0a,0x00,0x10,0x00,0x08,0x00,0x00,0x00,
0x01,0x40,0x00,0x00,0x08,0x20,0x80,0x3a,0x38,0x00,0x00,0x07,0x82,0x00,0x10,0x00,
0x0b,0x00,0x00,0x00,0x2a,0x00,0x10,0x00,0x05,0x00,0x00,0x00,0x1a,0x00,0x10,0x00,
0x08,0x00,0x00,0x00,0x01,0x00,0x00,0x0a,0xa2,0x00,0x10,0x00,0x08,0x00,0x00,0x00,
0xa6,0x0a,0x10,0x00,0x02,0x00,0x00,0x00,0x02,0x40,0x00,0x00,0x00,0x00,0x00,0x00,
0x00,0x00,0x00,0x80,0x00,0x00,0x00,0x00,0xff,0xff,0x00,0x00,0x31,0x00,0x00,0x07,
0x42,0x00,0x10,0x00,0x02,0x00,0x00,0x00,0x01,0x40,0x00,0x00,0x00,0x00,0x00,0x00,
0x0a,0x00,0x10,0x00,0x08,0x00,0x00,0x00,0x20,0x00,0x00,0x07,0x22,0x00,0x10,0x00,
0x08,0x00,0x00,0x00,0x1a,0x00,0x10,0x00,0x08,0x00,0x00,0x00,0x01,0x40,0x00,0x00,
0x00,0x00,0x00,0x00,0x01,0x00,0x00,0x07,0x42,0x00,0x10,0x00,0x02,0x00,0x00,0x00,
0x2a,0x00,0x10,0x00,0x02,0x00,0x00,0x00,0x1a,0x00,0x10,0x00,0x08,0x00,0x00,0x00,
0x32,0x00,0x00,0x0a,0x12,0x00,0x10,0x00,0x08,0x00,0x00,0x00,0x0a,0x00,0x10,0x80,
0x41,0x00,0x00,0x00,0x08,0x00,0x00,0x00,0x01,0x40,0x00,0x00,0x08,0x20,0x80,0x3a,
0x01,0x40,0x00,0x00,0x00,0x00,0x80,0x3f,0x37,0x00,0x00,0x09,0x42,0x00,0x10,0x00,
0x0b,0x00,0x00,0x00,0x2a,0x00,0x10,0x00,0x02,0x00,0x00,0x00,0x0a,0x00,0x10,0x00,
0x08,0x00,0x00,0x00,0x2a,0x00,0x10,0x00,0x08,0x00,0x00,0x00,0x83,0x00,0x00,0x05,
0x12,0x00,0x10,0x00,0x0b,0x00,0x00,0x00,0x3a,0x00,0x10,0x00,0x08,0x00,0x00,0x00,
0x01,0x00,0x00,0x07,0x42,0x00,0x10,0x00,0x02,0x00,0x00,0x00,0x3a,0x00,0x10,0x00,
0x02,0x00,0x00,0x00,0x01,0x40,0x00,0x00,0xff,0xff,0x00,0x00,0x83,0x00,0x00,0x05,
0x22,0x00,0x10,0x00,0x0b,0x00,0x00,0x00,0x2a,0x00,0x10,0x00,0x02,0x00,0x00,0x00,
0x38,0x00,0x00,0x07,0xf2,0x00,0x10,0x00,0x08,0x00,0x00,0x00,0x46,0x0e,0x10,0x00,
0x05,0x00,0x00,0x00,0x46,0x0e,0x10,0x00,0x0b,0x00,0x00,0x00,0x36,0x00,0x00,0x08,
0xc2,0x00,0x10,0x00,0x09,0x00,0x00,0x00,0x02,0x40,0x00,0x00,0x00,0x00,0x00,0x00,
0x00,0x00,0x00,0x00,0x00,0x00,0x00,0x00,0x00,0x00,0x00,0x00,0x2d,0x00,0x00,0x89,
0xc2,0x00,0x00,0x80,0x03,0x11,0x11,0x00,0x42,0x00,0x10,0x00,0x02,0x00,0x00,0x00,
0x46,0x0f,0x10,0x00,0x09,0x00,0x00,0x00,0x96,0x7c,0x10,0x00,0x00,0x00,0x00,0x00,
0x2d,0x00,0x00,0x89,0xc2,0x00,0x00,0x80,0x03,0x11,0x11,0x00,0x82,0x00,0x10,0x00,
0x02,0x00,0x00,0x00,0x46,0x0e,0x10,0x00,0x09,0x00,0x00,0x00,0x96,0x73,0x10,0x00,
0x01,0x00,0x00,0x00,0x8a,0x00,0x00,0x0f,0x32,0x00,0x10,0x00,0x09,0x00,0x00,0x00,
0x02,0x40,0x00,0x00,0x0a,0x00,0x00,0x00,0x05,0x00,0x00,0x00,0x00,0x00,0x00,0x00,
0x00,0x00,0x00,0x00,0x02,0x40,0x00,0x00,0x15,0x00,0x00,0x00,0x10,0x00,0x00,0x00,
0x00,0x00,0x00,0x00,0x00,0x00,0x00,0x00,0xa6,0x0a,0x10,0x00,0x02,0x00,0x00,0x00,
0x56,0x00,0x00,0x05,0x32,0x00,0x10,0x00,0x09,0x00,0x00,0x00,0x46,0x00,0x10,0x00,
0x09,0x00,0x00,0x00,0x38,0x00,0x00,0x07,0x42,0x00,0x10,0x00,0x09,0x00,0x00,0x00,
0x0a,0x00,0x10,0x00,0x09,0x00,0x00,0x00,0x01,0x40,0x00,0x00,0x08,0x20,0x80,0x3a,
0x38,0x00,0x00,0x07,0x82,0x00,0x10,0x00,0x0b,0x00,0x00,0x00,0x2a,0x00,0x10,0x00,
0x05,0x00,0x00,0x00,0x1a,0x00,0x10,0x00,0x09,0x00,0x00,0x00,0x01,0x00,0x00,0x0a,
0xa2,0x00,0x10,0x00,0x09,0x00,0x00,0x00,0xa6,0x0a,0x10,0x00,0x02,0x00,0x00,0x00,
0x02,0x40,0x00,0x00,0x00,0x00,0x00,0x00,0x00,0x00,0x00,0x80,0x00,0x00,0x00,0x00,
0xff,0xff,0x00,0x00,0x31,0x00,0x00,0x07,0x42,0x00,0x10,0x00,0x02,0x00,0x00,0x00,
0x01,0x40,0x00,0x00,0x00,0x00,0x00,0x00,0x0a,0x00,0x10,0x00,0x09,0x00,0x00,0x00,
0x20,0x00,0x00,0x07,0x22,0x00,0x10,0x00,0x09,0x00,0x00,0x00,0x1a,0x00,0x10,0x00,
0x09,0x00,0x00,0x00,0x01,0x40,0x00,0x00,0x00,0x00,0x00,0x00,0x01,0x00,0x00,0x07,
0x42,0x00,0x10,0x00,0x02,0x00,0x00,0x00,0x2a,0x00,0x10,0x00,0x02,0x00,0x00,0x00,
0x1a,0x00,0x10,0x00,0x09,0x00,0x00,0x00,0x32,0x00,0x00,0x0a,0x12,0x00,0x10,0x00,
0x09,0x00,0x00,0x00,0x0a,0x00,0x10,0x80,0x41,0x00,0x00,0x00,0x09,0x00,0x00,0x00,
0x01,0x40,0x00,0x00,0x08,0x20,0x80,0x3a,0x01,0x40,0x00,0x00,0x00,0x00,0x80,0x3f,
0x37,0x00,0x00,0x09,0x42,0x00,0x10,0x00,0x0b,0x00,0x00,0x00,0x2a,0x00,0x10,0x00,
0x02,0x00,0x00,0x00,0x0a,0x00,0x10,0x00,0x09,0x00,0x00,0x00,0x2a,0x00,0x10,0x00,
0x09,0x00,0x00,0x00,0x83,0x00,0x00,0x05,0x12,0x00,0x10,0x00,0x0b,0x00,0x00,0x00,
0x3a,0x00,0x10,0x00,0x09,0x00,0x00,0x00,0x01,0x00,0x00,0x07,0x42,0x00,0x10,0x00,
0x02,0x00,0x00,0x00,0x3a,0x00,0x10,0x00,0x02,0x00,0x00,0x00,0x01,0x40,0x00,0x00,
0xff,0xff,0x00,0x00,0x83,0x00,0x00,0x05,0x22,0x00,0x10,0x00,0x0b,0x00,0x00,0x00,
0x2a,0x00,0x10,0x00,0x02,0x00,0x00,0x00,0x38,0x00,0x00,0x07,0xf2,0x00,0x10,0x00,
0x09,0x00,0x00,0x00,0x46,0x0e,0x10,0x00,0x05,0x00,0x00,0x00,0x46,0x0e,0x10,0x00,
0x0b,0x00,0x00,0x00,0x31,0x00,0x00,0x07,0x42,0x00,0x10,0x00,0x02,0x00,0x00,0x00,
0x01,0x40,0x00,0x00,0x00,0x00,0x00,0x00,0x2a,0x00,0x10,0x00,0x06,0x00,0x00,0x00,
0x31,0x00,0x00,0x07,0x82,0x00,0x10,0x00,0x02,0x00,0x00,0x00,0x01,0x40,0x00,0x00,
0x00,0x00,0x00,0x00,0x2a,0x00,0x10,0x00,0x0a,0x00,0x00,0x00,0x01,0x00,0x00,0x0a,
0xc2,0x00,0x10,0x00,0x02,0x00,0x00,0x00,0xa6,0x0e,0x10,0x00,0x02,0x00,0x00,0x00,
0x02,0x40,0x00,0x00,0x00,0x00,0x00,0x00,0x00,0x00,0x00,0x00,0x00,0x00,0x80,0x3f,
0x00,0x00,0x80,0x3f,0x38,0x00,0x00,0x07,0xf2,0x00,0x10,0x00,0x0a,0x00,0x00,0x00,
0xf6,0x0f,0x10,0x00,0x02,0x00,0x00,0x00,0x46,0x0e,0x10,0x00,0x0a,0x00,0x00,0x00,
0x32,0x00,0x00,0x09,0xf2,0x00,0x10,0x00,0x06,0x00,0x00,0x00,0x46,0x0e,0x10,0x00,
0x06,0x00,0x00,0x00,0xa6,0x0a,0x10,0x00,0x02,0x00,0x00,0x00,0x46,0x0e,0x10,0x00,
0x0a,0x00,0x00,0x00,0x00,0x00,0x00,0x07,0x42,0x00,0x10,0x00,0x02,0x00,0x00,0x00,
0x3a,0x00,0x10,0x00,0x02,0x00,0x00,0x00,0x2a,0x00,0x10,0x00,0x02,0x00,0x00,0x00,
0x31,0x00,0x00,0x07,0x82,0x00,0x10,0x00,0x02,0x00,0x00,0x00,0x01,0x40,0x00,0x00,
0x00,0x00,0x00,0x00,0x2a,0x00,0x10,0x00,0x08,0x00,0x00,0x00,0x01,0x00,0x00,0x07,
0x82,0x00,0x10,0x00,0x02,0x00,0x00,0x00,0x3a,0x00,0x10,0x00,0x02,0x00,0x00,0x00,
0x01,0x40,0x00,0x00,0x00,0x00,0x80,0x3f,0x32,0x00,0x00,0x09,0xf2,0x00,0x10,0x00,
0x06,0x00,0x00,0x00,0x46,0x0e,0x10,0x00,0x08,0x00,0x00,0x00,0xf6,0x0f,0x10,0x00,
0x02,0x00,0x00,0x00,0x46,0x0e,0x10,0x00,0x06,0x00,0x00,0x00,0x00,0x00,0x00,0x07,
0x42,0x00,0x10,0x00,0x02,0x00,0x00,0x00,0x3a,0x00,0x10,0x00,0x02,0x00,0x00,0x00,
0x2a,0x00,0x10,0x00,0x02,0x00,0x00,0x00,0x31,0x00,0x00,0x07,0x82,0x00,0x10,0x00,
0x02,0x00,0x00,0x00,0x01,0x40,0x00,0x00,0x00,0x00,0x00,0x00,0x2a,0x00,0x10,0x00,
0x09,0x00,0x00,0x00,0x01,0x00,0x00,0x07,0x82,0x00,0x10,0x00,0x02,0x00,0x00,0x00,
0x3a,0x00,0x10,0x00,0x02,0x00,0x00,0x00,0x01,0x40,0x00,0x00,0x00,0x00,0x80,0x3f,
0x32,0x00,0x00,0x09,0xf2,0x00,0x10,0x00,0x06,0x00,0x00,0x00,0x46,0x0e,0x10,0x00,
0x09,0x00,0x00,0x00,0xf6,0x0f,0x10,0x00,0x02,0x00,0x00,0x00,0x46,0x0e,0x10,0x00,
0x06,0x00,0x00,0x00,0x00,0x00,0x00,0x07,0x42,0x00,0x10,0x00,0x02,0x00,0x00,0x00,
0x3a,0x00,0x10,0x00,0x02,0x00,0x00,0x00,0x2a,0x00,0x10,0x00,0x02,0x00,0x00,0x00,
0x31,0x00,0x00,0x07,0x82,0x00,0x10,0x00,0x02,0x00,0x00,0x00,0x01,0x40,0x00,0x00,
0x6f,0x12,0x83,0x3a,0x2a,0x00,0x10,0x00,0x02,0x00,0x00,0x00,0x37,0x00,0x00,0x09,
0x42,0x00,0x10,0x00,0x02,0x00,0x00,0x00,0x3a,0x00,0x10,0x00,0x02,0x00,0x00,0x00,
0x2a,0x00,0x10,0x00,0x02,0x00,0x00,0x00,0x01,0x40,0x00,0x00,0x00,0x00,0x80,0x3f,
0x0e,0x00,0x00,0x07,0xf2,0x00,0x10,0x00,0x06,0x00,0x00,0x00,0x46,0x0e,0x10,0x00,
0x06,0x00,0x00,0x00,0xa6,0x0a,0x10,0x00,0x02,0x00,0x00,0x00,0x36,0x00,0x00,0x06,
0xf2,0x30,0x20,0x00,0x00,0x00,0x00,0x00,0x02,0x00,0x00,0x00,0x46,0x0e,0x10,0x00,
0x06,0x00,0x00,0x00,0xa4,0x00,0x00,0x07,0xf2,0xe0,0x11,0x00,0x01,0x00,0x00,0x00,
0x46,0x0e,0x10,0x00,0x07,0x00,0x00,0x00,0x46,0x0e,0x10,0x00,0x06,0x00,0x00,0x00,
0x8c,0x00,0x00,0x11,0x32,0x00,0x10,0x00,0x06,0x00,0x00,0x00,0x02,0x40,0x00,0x00,
0x1a,0x00,0x00,0x00,0x1a,0x00,0x00,0x00,0x00,0x00,0x00,0x00,0x00,0x00,0x00,0x00,
0x02,0x40,0x00,0x00,0x06,0x00,0x00,0x00,0x06,0x00,0x00,0x00,0x00,0x00,0x00,0x00,
0x00,0x00,0x00,0x00,0xc6,0x00,0x10,0x00,0x00,0x00,0x00,0x00,0x86,0x00,0x10,0x00,
0x04,0x00,0x00,0x00,0x8c,0x00,0x00,0x11,0xf2,0x00,0x10,0x00,0x07,0x00,0x00,0x00,
0x02,0x40,0x00,0x00,0x1b,0x00,0x00,0x00,0x1b,0x00,0x00,0x00,0x1b,0x00,0x00,0x00,
0x1b,0x00,0x00,0x00,0x02,0x40,0x00,0x00,0x05,0x00,0x00,0x00,0x05,0x00,0x00,0x00,
0x05,0x00,0x00,0x00,0x05,0x00,0x00,0x00,0xc6,0x0f,0x10,0x00,0x00,0x00,0x00,0x00,
0xc6,0x0f,0x10,0x00,0x03,0x00,0x00,0x00,0x3c,0x00,0x00,0x0a,0xf2,0x00,0x10,0x00,
0x08,0x00,0x00,0x00,0x46,0x04,0x10,0x00,0x06,0x00,0x00,0x00,0x02,0x40,0x00,0x00,
0x21,0x00,0x00,0x00,0x20,0x00,0x00,0x00,0x20,0x00,0x00,0x00,0x21,0x00,0x00,0x00,
0x3c,0x00,0x00,0x0a,0x32,0x00,0x10,0x00,0x09,0x00,0x00,0x00,0x46,0x00,0x10,0x00,
0x06,0x00,0x00,0x00,0x02,0x40,0x00,0x00,0x21,0x00,0x00,0x00,0x21,0x00,0x00,0x00,
0x00,0x00,0x00,0x00,0x00,0x00,0x00,0x00,0x36,0x00,0x00,0x08,0xc2,0x00,0x10,0x00,
0x06,0x00,0x00,0x00,0x02,0x40,0x00,0x00,0x00,0x00,0x00,0x00,0x00,0x00,0x00,0x00,
0x00,0x00,0x00,0x00,0x00,0x00,0x00,0x00,0x2d,0x00,0x00,0x89,0xc2,0x00,0x00,0x80,
0x03,0x11,0x11,0x00,0x42,0x00,0x10,0x00,0x02,0x00,0x00,0x00,0x46,0x0f,0x10,0x00,
0x06,0x00,0x00,0x00,0x96,0x7c,0x10,0x00,0x00,0x00,0x00,0x00,0x2d,0x00,0x00,0x89,
0xc2,0x00,0x00,0x80,0x03,0x11,0x11,0x00,0x82,0x00,0x10,0x00,0x02,0x00,0x00,0x00,
0x46,0x0e,0x10,0x00,0x06,0x00,0x00,0x00,0x96,0x73,0x10,0x00,0x01,0x00,0x00,0x00,
0x8a,0x00,0x00,0x0f,0x92,0x00,0x10,0x00,0x03,0x00,0x00,0x00,0x02,0x40,0x00,0x00,
0x0a,0x00,0x00,0x00,0x00,0x00,0x00,0x00,0x00,0x00,0x00,0x00,0x05,0x00,0x00,0x00,
0x02,0x40,0x00,0x00,0x15,0x00,0x00,0x00,0x00,0x00,0x00,0x00,0x00,0x00,0x00,0x00,
0x10,0x00,0x00,0x00,0xa6,0x0a,0x10,0x00,0x02,0x00,0x00,0x00,0x56,0x00,0x00,0x05,
0x92,0x00,0x10,0x00,0x03,0x00,0x00,0x00,0x06,0x0c,0x10,0x00,0x03,0x00,0x00,0x00,
0x38,0x00,0x00,0x07,0x12,0x00,0x10,0x00,0x06,0x00,0x00,0x00,0x0a,0x00,0x10,0x00,
0x03,0x00,0x00,0x00,0x01,0x40,0x00,0x00,0x08,0x20,0x80,0x3a,0x38,0x00,0x00,0x07,
0x82,0x00,0x10,0x00,0x0a,0x00,0x00,0x00,0x2a,0x00,0x10,0x00,0x05,0x00,0x00,0x00,
0x3a,0x00,0x10,0x00,0x03,0x00,0x00,0x00,0x01,0x00,0x00,0x0a,0x62,0x00,0x10,0x00,
0x06,0x00,0x00,0x00,0xa6,0x0a,0x10,0x00,0x02,0x00,0x00,0x00,0x02,0x40,0x00,0x00,
0x00,0x00,0x00,0x00,0x00,0x00,0x00,0x80,0xff,0xff,0x00,0x00,0x00,0x00,0x00,0x00,
0x31,0x00,0x00,0x07,0x42,0x00,0x10,0x00,0x02,0x00,0x00,0x00,0x01,0x40,0x00,0x00,
0x00,0x00,0x00,0x00,0x0a,0x00,0x10,0x00,0x03,0x00,0x00,0x00,0x20,0x00,0x00,0x07,
0x82,0x00,0x10,0x00,0x03,0x00,0x00,0x00,0x1a,0x00,0x10,0x00,0x06,0x00,0x00,0x00,
0x01,0x40,0x00,0x00,0x00,0x00,0x00,0x00,0x01,0x00,0x00,0x07,0x42,0x00,0x10,0x00,
0x02,0x00,0x00,0x00,0x2a,0x00,0x10,0x00,0x02,0x00,0x00,0x00,0x3a,0x00,0x10,0x00,
0x03,0x00,0x00,0x00,0x32,0x00,0x00,0x0a,0x12,0x00,0x10,0x00,0x03,0x00,0x00,0x00,
0x0a,0x00,0x10,0x80,0x41,0x00,0x00,0x00,0x03,0x00,0x00,0x00,0x01,0x40,0x00,0x00,
0x08,0x20,0x80,0x3a,0x01,0x40,0x00,0x00,0x00,0x00,0x80,0x3f,0x37,0x00,0x00,0x09,
0x42,0x00,0x10,0x00,0x0a,0x00,0x00,0x00,0x2a,0x00,0x10,0x00,0x02,0x00,0x00,0x00,
0x0a,0x00,0x10,0x00,0x03,0x00,0x00,0x00,0x0a,0x00,0x10,0x00,0x06,0x00,0x00,0x00,
0x83,0x00,0x00,0x05,0x12,0x00,0x10,0x00,0x0a,0x00,0x00,0x00,0x2a,0x00,0x10,0x00,
0x06,0x00,0x00,0x00,0x01,0x00,0x00,0x07,0x42,0x00,0x10,0x00,0x02,0x00,0x00,0x00,
0x3a,0x00,0x10,0x00,0x02,0x00,0x00,0x00,0x01,0x40,0x00,0x00,0xff,0xff,0x00,0x00,
0x83,0x00,0x00,0x05,0x22,0x00,0x10,0x00,0x0a,0x00,0x00,0x00,0x2a,0x00,0x10,0x00,
0x02,0x00,0x00,0x00,0x38,0x00,0x00,0x07,0xf2,0x00,0x10,0x00,0x06,0x00,0x00,0x00,
0x46,0x0e,0x10,0x00,0x05,0x00,0x00,0x00,0x46,0x0e,0x10,0x00,0x0a,0x00,0x00,0x00,
0x36,0x00,0x00,0x05,0x32,0x00,0x10,0x00,0x0a,0x00,0x00,0x00,0xe6,0x0a,0x10,0x00,
0x08,0x00,0x00,0x00,0x36,0x00,0x00,0x08,0xc2,0x00,0x10,0x00,0x0a,0x00,0x00,0x00,
0x02,0x40,0x00,0x00,0x00,0x00,0x00,0x00,0x00,0x00,0x00,0x00,0x00,0x00,0x00,0x00,
0x00,0x00,0x00,0x00,0x2d,0x00,0x00,0x89,0xc2,0x00,0x00,0x80,0x03,0x11,0x11,0x00,
0x42,0x00,0x10,0x00,0x02,0x00,0x00,0x00,0x46,0x0f,0x10,0x00,0x0a,0x00,0x00,0x00,
0x96,0x7c,0x10,0x00,0x00,0x00,0x00,0x00,0x2d,0x00,0x00,0x89,0xc2,0x00,0x00,0x80,
0x03,0x11,0x11,0x00,0x82,0x00,0x10,0x00,0x02,0x00,0x00,0x00,0x46,0x0e,0x10,0x00,
0x0a,0x00,0x00,0x00,0x96,0x73,0x10,0x00,0x01,0x00,0x00,0x00,0x8a,0x00,0x00,0x0f,
0x92,0x00,0x10,0x00,0x03,0x00,0x00,0x00,0x02,0x40,0x00,0x00,0x0a,0x00,0x00,0x00,
0x00,0x00,0x00,0x00,0x00,0x00,0x00,0x00,0x05,0x00,0x00,0x00,0x02,0x40,0x00,0x00,
0x15,0x00,0x00,0x00,0x00,0x00,0x00,0x00,0x00,0x00,0x00,0x00,0x10,0x00,0x00,0x00,
0xa6,0x0a,0x10,0x00,0x02,0x00,0x00,0x00,0x56,0x00,0x00,0x05,0x92,0x00,0x10,0x00,
0x03,0x00,0x00,0x00,0x06,0x0c,0x10,0x00,0x03,0x00,0x00,0x00,0x38,0x00,0x00,0x07,
0x12,0x00,0x10,0x00,0x0a,0x00,0x00,0x00,0x0a,0x00,0x10,0x00,0x03,0x00,0x00,0x00,
0x01,0x40,0x00,0x00,0x08,0x20,0x80,0x3a,0x38,0x00,0x00,0x07,0x82,0x00,0x10,0x00,
0x0b,0x00,0x00,0x00,0x2a,0x00,0x10,0x00,0x05,0x00,0x00,0x00,0x3a,0x00,0x10,0x00,
0x03,0x00,0x00,0x00,0x01,0x00,0x00,0x0a,0x62,0x00,0x10,0x00,0x0a,0x00,0x00,0x00,
0xa6,0x0a,0x10,0x00,0x02,0x00,0x00,0x00,0x02,0x40,0x00,0x00,0x00,0x00,0x00,0x00,
0x00,0x00,0x00,0x80,0xff,0xff,0x00,0x00,0x00,0x00,0x00,0x00,0x31,0x00,0x00,0x07,
0x42,0x00,0x10,0x00,0x02,0x00,0x00,0x00,0x01,0x40,0x00,0x00,0x00,0x00,0x00,0x00,
0x0a,0x00,0x10,0x00,0x03,0x00,0x00,0x00,0x20,0x00,0x00,0x07,0x82,0x00,0x10,0x00,
0x03,0x00,0x00,0x00,0x1a,0x00,0x10,0x00,0x0a,0x00,0x00,0x00,0x01,0x40,0x00,0x00,
0x00,0x00,0x00,0x00,0x01,0x00,0x00,0x07,0x42,0x00,0x10,0x00,0x02,0x00,0x00,0x00,
0x2a,0x00,0x10,0x00,0x02,0x00,0x00,0x00,0x3a,0x00,0x10,0x00,0x03,0x00,0x00,0x00,
0x32,0x00,0x00,0x0a,0x12,0x00,0x10,0x00,0x03,0x00,0x00,0x00,0x0a,0x00,0x10,0x80,
0x41,0x00,0x00,0x00,0x03,0x00,0x00,0x00,0x01,0x40,0x00,0x00,0x08,0x20,0x80,0x3a,
0x01,0x40,0x00,0x00,0x00,0x00,0x80,0x3f,0x37,0x00,0x00,0x09,0x42,0x00,0x10,0x00,
0x0b,0x00,0x00,0x00,0x2a,0x00,0x10,0x00,0x02,0x00,0x00,0x00,0x0a,0x00,0x10,0x00,
0x03,0x00,0x00,0x00,0x0a,0x00,0x10,0x00,0x0a,0x00,0x00,0x00,0x83,0x00,0x00,0x05,
0x12,0x00,0x10,0x00,0x0b,0x00,0x00,0x00,0x2a,0x00,0x10,0x00,0x0a,0x00,0x00,0x00,
0x01,0x00,0x00,0x07,0x42,0x00,0x10,0x00,0x02,0x00,0x00,0x00,0x3a,0x00,0x10,0x00,
0x02,0x00,0x00,0x00,0x01,0x40,0x00,0x00,0xff,0xff,0x00,0x00,0x83,0x00,0x00,0x05,
0x22,0x00,0x10,0x00,0x0b,0x00,0x00,0x00,0x2a,0x00,0x10,0x00,0x02,0x00,0x00,0x00,
0x38,0x00,0x00,0x07,0xf2,0x00,0x10,0x00,0x0a,0x00,0x00,0x00,0x46,0x0e,0x10,0x00,
0x05,0x00,0x00,0x00,0x46,0x0e,0x10,0x00,0x0b,0x00,0x00,0x00,0x36,0x00,0x00,0x08,
0xc2,0x00,0x10,0x00,0x08,0x00,0x00,0x00,0x02,0x40,0x00,0x00,0x00,0x00,0x00,0x00,
0x00,0x00,0x00,0x00,0x00,0x00,0x00,0x00,0x00,0x00,0x00,0x00,0x2d,0x00,0x00,0x89,
0xc2,0x00,0x00,0x80,0x03,0x11,0x11,0x00,0x42,0x00,0x10,0x00,0x02,0x00,0x00,0x00,
0x46,0x0f,0x10,0x00,0x08,0x00,0x00,0x00,0x96,0x7c,0x10,0x00,0x00,0x00,0x00,0x00,
0x2d,0x00,0x00,0x89,0xc2,0x00,0x00,0x80,0x03,0x11,0x11,0x00,0x82,0x00,0x10,0x00,
0x02,0x00,0x00,0x00,0x46,0x0e,0x10,0x00,0x08,0x00,0x00,0x00,0x96,0x73,0x10,0x00,
0x01,0x00,0x00,0x00,0x8a,0x00,0x00,0x0f,0x92,0x00,0x10,0x00,0x03,0x00,0x00,0x00,
0x02,0x40,0x00,0x00,0x0a,0x00,0x00,0x00,0x00,0x00,0x00,0x00,0x00,0x00,0x00,0x00,
0x05,0x00,0x00,0x00,0x02,0x40,0x00,0x00,0x15,0x00,0x00,0x00,0x00,0x00,0x00,0x00,
0x00,0x00,0x00,0x00,0x10,0x00,0x00,0x00,0xa6,0x0a,0x10,0x00,0x02,0x00,0x00,0x00,
0x56,0x00,0x00,0x05,0x92,0x00,0x10,0x00,0x03,0x00,0x00,0x00,0x06,0x0c,0x10,0x00,
0x03,0x00,0x00,0x00,0x38,0x00,0x00,0x07,0x12,0x00,0x10,0x00,0x08,0x00,0x00,0x00,
0x0a,0x00,0x10,0x00,0x03,0x00,0x00,0x00,0x01,0x40,0x00,0x00,0x08,0x20,0x80,0x3a,
0x38,0x00,0x00,0x07,0x82,0x00,0x10,0x00,0x0b,0x00,0x00,0x00,0x2a,0x00,0x10,0x00,
0x05,0x00,0x00,0x00,0x3a,0x00,0x10,0x00,0x03,0x00,0x00,0x00,0x01,0x00,0x00,0x0a,
0x62,0x00,0x10,0x00,0x08,0x00,0x00,0x00,0xa6,0x0a,0x10,0x00,0x02,0x00,0x00,0x00,
0x02,0x40,0x00,0x00,0x00,0x00,0x00,0x00,0x00,0x00,0x00,0x80,0xff,0xff,0x00,0x00,
0x00,0x00,0x00,0x00,0x31,0x00,0x00,0x07,0x42,0x00,0x10,0x00,0x02,0x00,0x00,0x00,
0x01,0x40,0x00,0x00,0x00,0x00,0x00,0x00,0x0a,0x00,0x10,0x00,0x03,0x00,0x00,0x00,
0x20,0x00,0x00,0x07,0x82,0x00,0x10,0x00,0x03,0x00,0x00,0x00,0x1a,0x00,0x10,0x00,
0x08,0x00,0x00,0x00,0x01,0x40,0x00,0x00,0x00,0x00,0x00,0x00,0x01,0x00,0x00,0x07,
0x42,0x00,0x10,0x00,0x02,0x00,0x00,0x00,0x2a,0x00,0x10,0x00,0x02,0x00,0x00,0x00,
0x3a,0x00,0x10,0x00,0x03,0x00,0x00,0x00,0x32,0x00,0x00,0x0a,0x12,0x00,0x10,0x00,
0x03,0x00,0x00,0x00,0x0a,0x00,0x10,0x80,0x41,0x00,0x00,0x00,0x03,0x00,0x00,0x00,
0x01,0x40,0x00,0x00,0x08,0x20,0x80,0x3a,0x01,0x40,0x00,0x00,0x00,0x00,0x80,0x3f,
0x37,0x00,0x00,0x09,0x42,0x00,0x10,0x00,0x0b,0x00,0x00,0x00,0x2a,0x00,0x10,0x00,
0x02,0x00,0x00,0x00,0x0a,0x00,0x10,0x00,0x03,0x00,0x00,0x00,0x0a,0x00,0x10,0x00,
0x08,0x00,0x00,0x00,0x83,0x00,0x00,0x05,0x12,0x00,0x10,0x00,0x0b,0x00,0x00,0x00,
0x2a,0x00,0x10,0x00,0x08,0x00,0x00,0x00,0x01,0x00,0x00,0x07,0x42,0x00,0x10,0x00,
0x02,0x00,0x00,0x00,0x3a,0x00,0x10,0x00,0x02,0x00,0x00,0x00,0x01,0x40,0x00,0x00,
0xff,0xff,0x00,0x00,0x83,0x00,0x00,0x05,0x22,0x00,0x10,0x00,0x0b,0x00,0x00,0x00,
0x2a,0x00,0x10,0x00,0x02,0x00,0x00,0x00,0x38,0x00,0x00,0x07,0xf2,0x00,0x10,0x00,
0x08,0x00,0x00,0x00,0x46,0x0e,0x10,0x00,0x05,0x00,0x00,0x00,0x46,0x0e,0x10,0x00,
0x0b,0x00,0x00,0x00,0x36,0x00,0x00,0x08,0xc2,0x00,0x10,0x00,0x09,0x00,0x00,0x00,
0x02,0x40,0x00,0x00,0x00,0x00,0x00,0x00,0x00,0x00,0x00,0x00,0x00,0x00,0x00,0x00,
0x00,0x00,0x00,0x00,0x2d,0x00,0x00,0x89,0xc2,0x00,0x00,0x80,0x03,0x11,0x11,0x00,
0x42,0x00,0x10,0x00,0x02,0x00,0x00,0x00,0x46,0x0f,0x10,0x00,0x09,0x00,0x00,0x00,
0x96,0x7c,0x10,0x00,0x00,0x00,0x00,0x00,0x2d,0x00,0x00,0x89,0xc2,0x00,0x00,0x80,
0x03,0x11,0x11,0x00,0x82,0x00,0x10,0x00,0x02,0x00,0x00,0x00,0x46,0x0e,0x10,0x00,
0x09,0x00,0x00,0x00,0x96,0x73,0x10,0x00,0x01,0x00,0x00,0x00,0x8a,0x00,0x00,0x0f,
0x92,0x00,0x10,0x00,0x03,0x00,0x00,0x00,0x02,0x40,0x00,0x00,0x0a,0x00,0x00,0x00,
0x00,0x00,0x00,0x00,0x00,0x00,0x00,0x00,0x05,0x00,0x00,0x00,0x02,0x40,0x00,0x00,
0x15,0x00,0x00,0x00,0x00,0x00,0x00,0x00,0x00,0x00,0x00,0x00,0x10,0x00,0x00,0x00,
0xa6,0x0a,0x10,0x00,0x02,0x00,0x00,0x00,0x56,0x00,0x00,0x05,0x92,0x00,0x10,0x00,
0x03,0x00,0x00,0x00,0x06,0x0c,0x10,0x00,0x03,0x00,0x00,0x00,0x38,0x00,0x00,0x07,
0x12,0x00,0x10,0x00,0x09,0x00,0x00,0x00,0x0a,0x00,0x10,0x00,0x03,0x00,0x00,0x00,
0x01,0x40,0x00,0x00,0x08,0x20,0x80,0x3a,0x38,0x00,0x00,0x07,0x82,0x00,0x10,0x00,
0x0b,0x00,0x00,0x00,0x2a,0x00,0x10,0x00,0x05,0x00,0x00,0x00,0x3a,0x00,0x10,0x00,
0x03,0x00,0x00,0x00,0x01,0x00,0x00,0x0a,0x62,0x00,0x10,0x00,0x09,0x00,0x00,0x00,
0xa6,0x0a,0x10,0x00,0x02,0x00,0x00,0x00,0x02,0x40,0x00,0x00,0x00,0x00,0x00,0x00,
0x00,0x00,0x00,0x80,0xff,0xff,0x00,0x00,0x00,0x00,0x00,0x00,0x31,0x00,0x00,0x07,
0x42,0x00,0x10,0x00,0x02,0x00,0x00,0x00,0x01,0x40,0x00,0x00,0x00,0x00,0x00,0x00,
0x0a,0x00,0x10,0x00,0x03,0x00,0x00,0x00,0x20,0x00,0x00,0x07,0x82,0x00,0x10,0x00,
0x03,0x00,0x00,0x00,0x1a,0x00,0x10,0x00,0x09,0x00,0x00,0x00,0x01,0x40,0x00,0x00,
0x00,0x00,0x00,0x00,0x01,0x00,0x00,0x07,0x42,0x00,0x10,0x00,0x02,0x00,0x00,0x00,
0x2a,0x00,0x10,0x00,0x02,0x00,0x00,0x00,0x3a,0x00,0x10,0x00,0x03,0x00,0x00,0x00,
0x32,0x00,0x00,0x0a,0x12,0x00,0x10,0x00,0x03,0x00,0x00,0x00,0x0a,0x00,0x10,0x80,
0x41,0x00,0x00,0x00,0x03,0x00,0x00,0x00,0x01,0x40,0x00,0x00,0x08,0x20,0x80,0x3a,
0x01,0x40,0x00,0x00,0x00,0x00,0x80,0x3f,0x37,0x00,0x00,0x09,0x42,0x00,0x10,0x00,
0x0b,0x00,0x00,0x00,0x2a,0x00,0x10,0x00,0x02,0x00,0x00,0x00,0x0a,0x00,0x10,0x00,
0x03,0x00,0x00,0x00,0x0a,0x00,0x10,0x00,0x09,0x00,0x00,0x00,0x83,0x00,0x00,0x05,
0x12,0x00,0x10,0x00,0x0b,0x00,0x00,0x00,0x2a,0x00,0x10,0x00,0x09,0x00,0x00,0x00,
0x01,0x00,0x00,0x07,0x42,0x00,0x10,0x00,0x02,0x00,0x00,0x00,0x3a,0x00,0x10,0x00,
0x02,0x00,0x00,0x00,0x01,0x40,0x00,0x00,0xff,0xff,0x00,0x00,0x83,0x00,0x00,0x05,
0x22,0x00,0x10,0x00,0x0b,0x00,0x00,0x00,0x2a,0x00,0x10,0x00,0x02,0x00,0x00,0x00,
0x38,0x00,0x00,0x07,0xf2,0x00,0x10,0x00,0x05,0x00,0x00,0x00,0x46,0x0e,0x10,0x00,
0x05,0x00,0x00,0x00,0x46,0x0e,0x10,0x00,0x0b,0x00,0x00,0x00,0x31,0x00,0x00,0x07,
0x42,0x00,0x10,0x00,0x02,0x00,0x00,0x00,0x01,0x40,0x00,0x00,0x00,0x00,0x00,0x00,
0x2a,0x00,0x10,0x00,0x06,0x00,0x00,0x00,0x31,0x00,0x00,0x07,0x82,0x00,0x10,0x00,
0x02,0x00,0x00,0x00,0x01,0x40,0x00,0x00,0x00,0x00,0x00,0x00,0x2a,0x00,0x10,0x00,
0x0a,0x00,0x00,0x00,0x01,0x00,0x00,0x0a,0xc2,0x00,0x10,0x00,0x02,0x00,0x00,0x00,
0xa6,0x0e,0x10,0x00,0x02,0x00,0x00,0x00,0x02,0x40,0x00,0x00,0x00,0x00,0x00,0x00,
0x00,0x00,0x00,0x00,0x00,0x00,0x80,0x3f,0x00,0x00,0x80,0x3f,0x38,0x00,0x00,0x07,
0xf2,0x00,0x10,0x00,0x09,0x00,0x00,0x00,0xf6,0x0f,0x10,0x00,0x02,0x00,0x00,0x00,
0x46,0x0e,0x10,0x00,0x0a,0x00,0x00,0x00,0x32,0x00,0x00,0x09,0xf2,0x00,0x10,0x00,
0x06,0x00,0x00,0x00,0x46,0x0e,0x10,0x00,0x06,0x00,0x00,0x00,0xa6,0x0a,0x10,0x00,
0x02,0x00,0x00,0x00,0x46,0x0e,0x10,0x00,0x09,0x00,0x00,0x00,0x00,0x00,0x00,0x07,
0x42,0x00,0x10,0x00,0x02,0x00,0x00,0x00,0x3a,0x00,0x10,0x00,0x02,0x00,0x00,0x00,
0x2a,0x00,0x10,0x00,0x02,0x00,0x00,0x00,0x31,0x00,0x00,0x07,0x82,0x00,0x10,0x00,
0x02,0x00,0x00,0x00,0x01,0x40,0x00,0x00,0x00,0x00,0x00,0x00,0x2a,0x00,0x10,0x00,
0x08,0x00,0x00,0x00,0x01,0x00,0x00,0x07,0x82,0x00,0x10,0x00,0x02,0x00,0x00,0x00,
0x3a,0x00,0x10,0x00,0x02,0x00,0x00,0x00,0x01,0x40,0x00,0x00,0x00,0x00,0x80,0x3f,
0x32,0x00,0x00,0x09,0xf2,0x00,0x10,0x00,0x06,0x00,0x00,0x00,0x46,0x0e,0x10,0x00,
0x08,0x00,0x00,0x00,0xf6,0x0f,0x10,0x00,0x02,0x00,0x00,0x00,0x46,0x0e,0x10,0x00,
0x06,0x00,0x00,0x00,0x00,0x00,0x00,0x07,0x42,0x00,0x10,0x00,0x02,0x00,0x00,0x00,
0x3a,0x00,0x10,0x00,0x02,0x00,0x00,0x00,0x2a,0x00,0x10,0x00,0x02,0x00,0x00,0x00,
0x31,0x00,0x00,0x07,0x82,0x00,0x10,0x00,0x02,0x00,0x00,0x00,0x01,0x40,0x00,0x00,
0x00,0x00,0x00,0x00,0x2a,0x00,0x10,0x00,0x05,0x00,0x00,0x00,0x01,0x00,0x00,0x07,
0x82,0x00,0x10,0x00,0x02,0x00,0x00,0x00,0x3a,0x00,0x10,0x00,0x02,0x00,0x00,0x00,
0x01,0x40,0x00,0x00,0x00,0x00,0x80,0x3f,0x32,0x00,0x00,0x09,0xf2,0x00,0x10,0x00,
0x05,0x00,0x00,0x00,0x46,0x0e,0x10,0x00,0x05,0x00,0x00,0x00,0xf6,0x0f,0x10,0x00,
0x02,0x00,0x00,0x00,0x46,0x0e,0x10,0x00,0x06,0x00,0x00,0x00,0x00,0x00,0x00,0x07,
0x42,0x00,0x10,0x00,0x02,0x00,0x00,0x00,0x3a,0x00,0x10,0x00,0x02,0x00,0x00,0x00,
0x2a,0x00,0x10,0x00,0x02,0x00,0x00,0x00,0x31,0x00,0x00,0x07,0x82,0x00,0x10,0x00,
0x02,0x00,0x00,0x00,0x01,0x40,0x00,0x00,0x6f,0x12,0x83,0x3a,0x2a,0x00,0x10,0x00,
0x02,0x00,0x00,0x00,0x37,0x00,0x00,0x09,0x42,0x00,0x10,0x00,0x02,0x00,0x00,0x00,
0x3a,0x00,0x10,0x00,0x02,0x00,0x00,0x00,0x2a,0x00,0x10,0x00,0x02,0x00,0x00,0x00,
0x01,0x40,0x00,0x00,0x00,0x00,0x80,0x3f,0x0e,0x00,0x00,0x07,0xf2,0x00,0x10,0x00,
0x05,0x00,0x00,0x00,0x46,0x0e,0x10,0x00,0x05,0x00,0x00,0x00,0xa6,0x0a,0x10,0x00,
0x02,0x00,0x00,0x00,0x36,0x00,0x00,0x06,0xf2,0x30,0x20,0x00,0x00,0x00,0x00,0x00,
0x03,0x00,0x00,0x00,0x46,0x0e,0x10,0x00,0x05,0x00,0x00,0x00,0xa4,0x00,0x00,0x07,
0xf2,0xe0,0x11,0x00,0x01,0x00,0x00,0x00,0x46,0x0e,0x10,0x00,0x07,0x00,0x00,0x00,
0x46,0x0e,0x10,0x00,0x05,0x00,0x00,0x00,0x4f,0x00,0x00,0x0b,0x72,0x00,0x10,0x00,
0x05,0x00,0x00,0x00,0x02,0x40,0x00,0x00,0x01,0x00,0x00,0x00,0x02,0x00,0x00,0x00,
0x06,0x00,0x00,0x00,0x00,0x00,0x00,0x00,0x06,0x80,0x20,0x00,0x01,0x00,0x00,0x00,
0x00,0x00,0x00,0x00,0x1f,0x00,0x04,0x03,0x0a,0x00,0x10,0x00,0x05,0x00,0x00,0x00,
0x29,0x00,0x00,0x07,0x42,0x00,0x10,0x00,0x02,0x00,0x00,0x00,0x2a,0x00,0x10,0x00,
0x01,0x00,0x00,0x00,0x01,0x40,0x00,0x00,0x02,0x00,0x00,0x00,0x8c,0x00,0x00,0x0b,
0x42,0x00,0x10,0x00,0x02,0x00,0x00,0x00,0x01,0x40,0x00,0x00,0x02,0x00,0x00,0x00,
0x01,0x40,0x00,0x00,0x02,0x00,0x00,0x00,0x0a,0x00,0x10,0x00,0x01,0x00,0x00,0x00,
0x2a,0x00,0x10,0x00,0x02,0x00,0x00,0x00,0x23,0x00,0x00,0x09,0x42,0x00,0x10,0x00,
0x02,0x00,0x00,0x00,0x0a,0x00,0x10,0x00,0x02,0x00,0x00,0x00,0x01,0x40,0x00,0x00,
0x20,0x00,0x00,0x00,0x2a,0x00,0x10,0x00,0x02,0x00,0x00,0x00,0x4f,0x00,0x00,0x06,
0x82,0x00,0x10,0x00,0x02,0x00,0x00,0x00,0x0a,0x40,0x02,0x00,0x01,0x40,0x00,0x00,
0x40,0x00,0x00,0x00,0x1e,0x00,0x00,0x07,0x12,0x00,0x10,0x00,0x03,0x00,0x00,0x00,
0x3a,0x00,0x10,0x00,0x04,0x00,0x00,0x00,0x01,0x40,0x00,0x00,0x01,0x00,0x00,0x00,
0x29,0x00,0x00,0x07,0x82,0x00,0x10,0x00,0x03,0x00,0x00,0x00,0x1a,0x00,0x10,0x00,
0x02,0x00,0x00,0x00,0x01,0x40,0x00,0x00,0x02,0x00,0x00,0x00,0x8c,0x00,0x00,0x0b,
0x82,0x00,0x10,0x00,0x03,0x00,0x00,0x00,0x01,0x40,0x00,0x00,0x02,0x00,0x00,0x00,
0x01,0x40,0x00,0x00,0x03,0x00,0x00,0x00,0x0a,0x00,0x10,0x00,0x01,0x00,0x00,0x00,
0x3a,0x00,0x10,0x00,0x03,0x00,0x00,0x00,0x23,0x00,0x00,0x09,0x82,0x00,0x10,0x00,
0x03,0x00,0x00,0x00,0x0a,0x00,0x10,0x00,0x02,0x00,0x00,0x00,0x01,0x40,0x00,0x00,
0x40,0x00,0x00,0x00,0x3a,0x00,0x10,0x00,0x03,0x00,0x00,0x00,0x29,0x00,0x00,0x0a,
0xf2,0x00,0x10,0x00,0x06,0x00,0x00,0x00,0xc6,0x0f,0x10,0x00,0x00,0x00,0x00,0x00,
0x02,0x40,0x00,0x00,0x04,0x00,0x00,0x00,0x04,0x00,0x00,0x00,0x04,0x00,0x00,0x00,
0x04,0x00,0x00,0x00,0x36,0x00,0x00,0x05,0x12,0x00,0x10,0x00,0x05,0x00,0x00,0x00,
0x01,0x40,0x00,0x00,0x00,0x00,0x00,0x00,0x30,0x00,0x00,0x01,0x50,0x00,0x00,0x07,
0x82,0x00,0x10,0x00,0x05,0x00,0x00,0x00,0x0a,0x00,0x10,0x00,0x05,0x00,0x00,0x00,
0x01,0x40,0x00,0x00,0x04,0x00,0x00,0x00,0x03,0x00,0x04,0x03,0x3a,0x00,0x10,0x00,
0x05,0x00,0x00,0x00,0x36,0x00,0x00,0x07,0xf2,0x00,0x10,0x00,0x07,0x00,0x00,0x00,
0x46,0x3e,0x20,0x04,0x00,0x00,0x00,0x00,0x0a,0x00,0x10,0x00,0x05,0x00,0x00,0x00,
0xa8,0x00,0x00,0x09,0x12,0xf0,0x11,0x00,0x01,0x00,0x00,0x00,0x1a,0x00,0x10,0x00,
0x03,0x00,0x00,0x00,0x2a,0x00,0x10,0x00,0x02,0x00,0x00,0x00,0x0a,0x00,0x10,0x00,
0x07,0x00,0x00,0x00,0xa8,0x00,0x00,0x09,0x12,0xf0,0x11,0x00,0x02,0x00,0x00,0x00,
0x1a,0x00,0x10,0x00,0x03,0x00,0x00,0x00,0x2a,0x00,0x10,0x00,0x02,0x00,0x00,0x00,
0x1a,0x00,0x10,0x00,0x07,0x00,0x00,0x00,0xa8,0x00,0x00,0x09,0x12,0xf0,0x11,0x00,
0x03,0x00,0x00,0x00,0x1a,0x00,0x10,0x00,0x03,0x00,0x00,0x00,0x2a,0x00,0x10,0x00,
0x02,0x00,0x00,0x00,0x2a,0x00,0x10,0x00,0x07,0x00,0x00,0x00,0xa8,0x00,0x00,0x09,
0x12,0xf0,0x11,0x00,0x04,0x00,0x00,0x00,0x1a,0x00,0x10,0x00,0x03,0x00,0x00,0x00,
0x2a,0x00,0x10,0x00,0x02,0x00,0x00,0x00,0x3a,0x00,0x10,0x00,0x07,0x00,0x00,0x00,
0xbe,0x10,0x00,0x01,0x1f,0x00,0x04,0x03,0x3a,0x00,0x10,0x00,0x02,0x00,0x00,0x00,
0xa7,0x00,0x00,0x09,0x32,0x00,0x10,0x00,0x07,0x00,0x00,0x00,0x3a,0x00,0x10,0x00,
0x04,0x00,0x00,0x00,0x3a,0x00,0x10,0x00,0x03,0x00,0x00,0x00,0x46,0xf0,0x11,0x00,
0x01,0x00,0x00,0x00,0xa7,0x00,0x00,0x09,0xc2,0x00,0x10,0x00,0x07,0x00,0x00,0x00,
0x3a,0x00,0x10,0x00,0x04,0x00,0x00,0x00,0x3a,0x00,0x10,0x00,0x03,0x00,0x00,0x00,
0x06,0xf4,0x11,0x00,0x02,0x00,0x00,0x00,0xa7,0x00,0x00,0x09,0x32,0x00,0x10,0x00,
0x08,0x00,0x00,0x00,0x3a,0x00,0x10,0x00,0x04,0x00,0x00,0x00,0x3a,0x00,0x10,0x00,
0x03,0x00,0x00,0x00,0x46,0xf0,0x11,0x00,0x03,0x00,0x00,0x00,0xa7,0x00,0x00,0x09,
0x92,0x00,0x10,0x00,0x09,0x00,0x00,0x00,0x3a,0x00,0x10,0x00,0x04,0x00,0x00,0x00,
0x3a,0x00,0x10,0x00,0x03,0x00,0x00,0x00,0x06,0xf4,0x11,0x00,0x04,0x00,0x00,0x00,
0xa7,0x00,0x00,0x09,0xc2,0x00,0x10,0x00,0x08,0x00,0x00,0x00,0x0a,0x00,0x10,0x00,
0x03,0x00,0x00,0x00,0x3a,0x00,0x10,0x00,0x03,0x00,0x00,0x00,0x06,0xf4,0x11,0x00,
0x01,0x00,0x00,0x00,0xa7,0x00,0x00,0x09,0x32,0x00,0x10,0x00,0x0a,0x00,0x00,0x00,
0x0a,0x00,0x10,0x00,0x03,0x00,0x00,0x00,0x3a,0x00,0x10,0x00,0x03,0x00,0x00,0x00,
0x46,0xf0,0x11,0x00,0x02,0x00,0x00,0x00,0xa7,0x00,0x00,0x09,0xc2,0x00,0x10,0x00,
0x0a,0x00,0x00,0x00,0x0a,0x00,0x10,0x00,0x03,0x00,0x00,0x00,0x3a,0x00,0x10,0x00,
0x03,0x00,0x00,0x00,0x06,0xf4,0x11,0x00,0x03,0x00,0x00,0x00,0xa7,0x00,0x00,0x09,
0x92,0x00,0x10,0x00,0x0b,0x00,0x00,0x00,0x0a,0x00,0x10,0x00,0x03,0x00,0x00,0x00,
0x3a,0x00,0x10,0x00,0x03,0x00,0x00,0x00,0x06,0xf4,0x11,0x00,0x04,0x00,0x00,0x00,
0x31,0x00,0x00,0x0a,0x32,0x00,0x10,0x00,0x0c,0x00,0x00,0x00,0x02,0x40,0x00,0x00,
0x00,0x00,0x00,0x00,0x00,0x00,0x00,0x00,0x00,0x00,0x00,0x00,0x00,0x00,0x00,0x00,
0x46,0x00,0x10,0x00,0x08,0x00,0x00,0x00,0x01,0x00,0x00,0x0a,0x32,0x00,0x10,0x00,
0x0c,0x00,0x00,0x00,0x46,0x00,0x10,0x00,0x0c,0x00,0x00,0x00,0x02,0x40,0x00,0x00,
0x00,0x00,0x80,0x3f,0x00,0x00,0x80,0x3f,0x00,0x00,0x00,0x00,0x00,0x00,0x00,0x00,
0x36,0x00,0x00,0x05,0x32,0x00,0x10,0x00,0x0d,0x00,0x00,0x00,0x86,0x00,0x10,0x00,
0x07,0x00,0x00,0x00,0x36,0x00,0x00,0x05,0x42,0x00,0x10,0x00,0x0d,0x00,0x00,0x00,
0x0a,0x00,0x10,0x00,0x08,0x00,0x00,0x00,0x36,0x00,0x00,0x05,0x82,0x00,0x10,0x00,
0x0d,0x00,0x00,0x00,0x0a,0x00,0x10,0x00,0x09,0x00,0x00,0x00,0x31,0x00,0x00,0x0a,
0x52,0x00,0x10,0x00,0x07,0x00,0x00,0x00,0x02,0x40,0x00,0x00,0x00,0x00,0x00,0x00,
0x00,0x00,0x00,0x00,0x00,0x00,0x00,0x00,0x00,0x00,0x00,0x00,0xa6,0x0b,0x10,0x00,
0x0a,0x00,0x00,0x00,0x01,0x00,0x00,0x0a,0x52,0x00,0x10,0x00,0x07,0x00,0x00,0x00,
0x06,0x02,0x10,0x00,0x07,0x00,0x00,0x00,0x02,0x40,0x00,0x00,0x00,0x00,0x80,0x3f,
0x00,0x00,0x00,0x00,0x00,0x00,0x80,0x3f,0x00,0x00,0x00,0x00,0x36,0x00,0x00,0x05,
0x12,0x00,0x10,0x00,0x0e,0x00,0x00,0x00,0x2a,0x00,0x10,0x00,0x08,0x00,0x00,0x00,
0x36,0x00,0x00,0x05,0x62,0x00,0x10,0x00,0x0e,0x00,0x00,0x00,0x06,0x02,0x10,0x00,
0x0a,0x00,0x00,0x00,0x36,0x00,0x00,0x05,0x82,0x00,0x10,0x00,0x0e,0x00,0x00,0x00,
0x0a,0x00,0x10,0x00,0x0b,0x00,0x00,0x00,0x38,0x00,0x00,0x07,0xf2,0x00,0x10,0x00,
0x0e,0x00,0x00,0x00,0x06,0x00,0x10,0x00,0x07,0x00,0x00,0x00,0x46,0x0e,0x10,0x00,
0x0e,0x00,0x00,0x00,0x32,0x00,0x00,0x09,0xf2,0x00,0x10,0x00,0x0d,0x00,0x00,0x00,
0x46,0x0e,0x10,0x00,0x0d,0x00,0x00,0x00,0x06,0x00,0x10,0x00,0x0c,0x00,0x00,0x00,
0x46,0x0e,0x10,0x00,0x0e,0x00,0x00,0x00,0x00,0x00,0x00,0x07,0x82,0x00,0x10,0x00,
0x05,0x00,0x00,0x00,0x0a,0x00,0x10,0x00,0x07,0x00,0x00,0x00,0x0a,0x00,0x10,0x00,
0x0c,0x00,0x00,0x00,0x36,0x00,0x00,0x05,0x32,0x00,0x10,0x00,0x09,0x00,0x00,0x00,
0xd6,0x05,0x10,0x00,0x07,0x00,0x00,0x00,0x36,0x00,0x00,0x05,0x42,0x00,0x10,0x00,
0x09,0x00,0x00,0x00,0x1a,0x00,0x10,0x00,0x08,0x00,0x00,0x00,0x32,0x00,0x00,0x09,
0xf2,0x00,0x10,0x00,0x09,0x00,0x00,0x00,0x46,0x0e,0x10,0x00,0x09,0x00,0x00,0x00,
0x56,0x05,0x10,0x00,0x0c,0x00,0x00,0x00,0x46,0x0e,0x10,0x00,0x0d,0x00,0x00,0x00,
0x00,0x00,0x00,0x07,0x82,0x00,0x10,0x00,0x05,0x00,0x00,0x00,0x1a,0x00,0x10,0x00,
0x0c,0x00,0x00,0x00,0x3a,0x00,0x10,0x00,0x05,0x00,0x00,0x00,0x36,0x00,0x00,0x05,
0x12,0x00,0x10,0x00,0x0b,0x00,0x00,0x00,0x3a,0x00,0x10,0x00,0x08,0x00,0x00,0x00,
0x36,0x00,0x00,0x05,0x62,0x00,0x10,0x00,0x0b,0x00,0x00,0x00,0x56,0x07,0x10,0x00,
0x0a,0x00,0x00,0x00,0x32,0x00,0x00,0x09,0xf2,0x00,0x10,0x00,0x08,0x00,0x00,0x00,
0x46,0x0e,0x10,0x00,0x0b,0x00,0x00,0x00,0xa6,0x0a,0x10,0x00,0x07,0x00,0x00,0x00,
0x46,0x0e,0x10,0x00,0x09,0x00,0x00,0x00,0x00,0x00,0x00,0x07,0x82,0x00,0x10,0x00,
0x05,0x00,0x00,0x00,0x2a,0x00,0x10,0x00,0x07,0x00,0x00,0x00,0x3a,0x00,0x10,0x00,
0x05,0x00,0x00,0x00,0x31,0x00,0x00,0x07,0x12,0x00,0x10,0x00,0x07,0x00,0x00,0x00,
0x01,0x40,0x00,0x00,0x6f,0x12,0x83,0x3a,0x3a,0x00,0x10,0x00,0x05,0x00,0x00,0x00,
0x37,0x00,0x00,0x09,0x82,0x00,0x10,0x00,0x05,0x00,0x00,0x00,0x0a,0x00,0x10,0x00,
0x07,0x00,0x00,0x00,0x3a,0x00,0x10,0x00,0x05,0x00,0x00,0x00,0x01,0x40,0x00,0x00,
0x00,0x00,0x80,0x3f,0x0e,0x00,0x00,0x07,0xf2,0x00,0x10,0x00,0x07,0x00,0x00,0x00,
0x46,0x0e,0x10,0x00,0x08,0x00,0x00,0x00,0xf6,0x0f,0x10,0x00,0x05,0x00,0x00,0x00,
0x36,0x00,0x00,0x07,0xf2,0x30,0x20,0x04,0x00,0x00,0x00,0x00,0x0a,0x00,0x10,0x00,
0x05,0x00,0x00,0x00,0x46,0x0e,0x10,0x00,0x07,0x00,0x00,0x00,0x8c,0x00,0x00,0x0b,
0x82,0x00,0x10,0x00,0x05,0x00,0x00,0x00,0x01,0x40,0x00,0x00,0x01,0x00,0x00,0x00,
0x01,0x40,0x00,0x00,0x03,0x00,0x00,0x00,0x0a,0x00,0x10,0x00,0x05,0x00,0x00,0x00,
0x01,0x40,0x00,0x00,0x00,0x00,0x00,0x00,0x1e,0x00,0x00,0x07,0x12,0x00,0x10,0x00,
0x08,0x00,0x00,0x00,0x1a,0x00,0x10,0x00,0x03,0x00,0x00,0x00,0x3a,0x00,0x10,0x00,
0x05,0x00,0x00,0x00,0x55,0x00,0x00,0x07,0x82,0x00,0x10,0x00,0x05,0x00,0x00,0x00,
0x0a,0x00,0x10,0x00,0x05,0x00,0x00,0x00,0x01,0x40,0x00,0x00,0x01,0x00,0x00,0x00,
0x29,0x00,0x00,0x07,0x82,0x00,0x10,0x00,0x05,0x00,0x00,0x00,0x3a,0x00,0x10,0x00,
0x05,0x00,0x00,0x00,0x01,0x40,0x00,0x00,0x03,0x00,0x00,0x00,0x1e,0x00,0x00,0x07,
0xe2,0x00,0x10,0x00,0x08,0x00,0x00,0x00,0xa6,0x0a,0x10,0x00,0x03,0x00,0x00,0x00,
0xf6,0x0f,0x10,0x00,0x05,0x00,0x00,0x00,0x1e,0x00,0x00,0x07,0xf2,0x00,0x10,0x00,
0x08,0x00,0x00,0x00,0x46,0x0e,0x10,0x00,0x06,0x00,0x00,0x00,0x46,0x0e,0x10,0x00,
0x08,0x00,0x00,0x00,0xa4,0x00,0x00,0x07,0xf2,0xe0,0x11,0x00,0x02,0x00,0x00,0x00,
0x46,0x0e,0x10,0x00,0x08,0x00,0x00,0x00,0x46,0x0e,0x10,0x00,0x07,0x00,0x00,0x00,
0x15,0x00,0x00,0x01,0xbe,0x10,0x00,0x01,0x1e,0x00,0x00,0x07,0x12,0x00,0x10,0x00,
0x05,0x00,0x00,0x00,0x0a,0x00,0x10,0x00,0x05,0x00,0x00,0x00,0x01,0x40,0x00,0x00,
0x01,0x00,0x00,0x00,0x16,0x00,0x00,0x01,0x1f,0x00,0x04,0x03,0x3a,0x00,0x10,0x00,
0x02,0x00,0x00,0x00,0x36,0x00,0x00,0x06,0xf2,0x00,0x10,0x00,0x06,0x00,0x00,0x00,
0x46,0x3e,0x20,0x00,0x00,0x00,0x00,0x00,0x00,0x00,0x00,0x00,0xa8,0x00,0x00,0x09,
0x12,0xf0,0x11,0x00,0x01,0x00,0x00,0x00,0x1a,0x00,0x10,0x00,0x03,0x00,0x00,0x00,
0x2a,0x00,0x10,0x00,0x02,0x00,0x00,0x00,0x0a,0x00,0x10,0x00,0x06,0x00,0x00,0x00,
0xa8,0x00,0x00,0x09,0x12,0xf0,0x11,0x00,0x02,0x00,0x00,0x00,0x1a,0x00,0x10,0x00,
0x03,0x00,0x00,0x00,0x2a,0x00,0x10,0x00,0x02,0x00,0x00,0x00,0x1a,0x00,0x10,0x00,
0x06,0x00,0x00,0x00,0xa8,0x00,0x00,0x09,0x12,0xf0,0x11,0x00,0x03,0x00,0x00,0x00,
0x1a,0x00,0x10,0x00,0x03,0x00,0x00,0x00,0x2a,0x00,0x10,0x00,0x02,0x00,0x00,0x00,
0x2a,0x00,0x10,0x00,0x06,0x00,0x00,0x00,0xa8,0x00,0x00,0x09,0x12,0xf0,0x11,0x00,
0x04,0x00,0x00,0x00,0x1a,0x00,0x10,0x00,0x03,0x00,0x00,0x00,0x2a,0x00,0x10,0x00,
0x02,0x00,0x00,0x00,0x3a,0x00,0x10,0x00,0x06,0x00,0x00,0x00,0x1e,0x00,0x00,0x07,
0x82,0x00,0x10,0x00,0x02,0x00,0x00,0x00,0x1a,0x00,0x10,0x00,0x03,0x00,0x00,0x00,
0x01,0x40,0x00,0x00,0x08,0x00,0x00,0x00,0x36,0x00,0x00,0x06,0xf2,0x00,0x10,0x00,
0x06,0x00,0x00,0x00,0x46,0x3e,0x20,0x00,0x00,0x00,0x00,0x00,0x01,0x00,0x00,0x00,
0xa8,0x00,0x00,0x09,0x12,0xf0,0x11,0x00,0x01,0x00,0x00,0x00,0x3a,0x00,0x10,0x00,
0x02,0x00,0x00,0x00,0x2a,0x00,0x10,0x00,0x02,0x00,0x00,0x00,0x0a,0x00,0x10,0x00,
0x06,0x00,0x00,0x00,0xa8,0x00,0x00,0x09,0x12,0xf0,0x11,0x00,0x02,0x00,0x00,0x00,
0x3a,0x00,0x10,0x00,0x02,0x00,0x00,0x00,0x2a,0x00,0x10,0x00,0x02,0x00,0x00,0x00,
0x1a,0x00,0x10,0x00,0x06,0x00,0x00,0x00,0xa8,0x00,0x00,0x09,0x12,0xf0,0x11,0x00,
0x03,0x00,0x00,0x00,0x3a,0x00,0x10,0x00,0x02,0x00,0x00,0x00,0x2a,0x00,0x10,0x00,
0x02,0x00,0x00,0x00,0x2a,0x00,0x10,0x00,0x06,0x00,0x00,0x00,0xa8,0x00,0x00,0x09,
0x12,0xf0,0x11,0x00,0x04,0x00,0x00,0x00,0x3a,0x00,0x10,0x00,0x02,0x00,0x00,0x00,
0x2a,0x00,0x10,0x00,0x02,0x00,0x00,0x00,0x3a,0x00,0x10,0x00,0x06,0x00,0x00,0x00,
0x36,0x00,0x00,0x06,0xf2,0x00,0x10,0x00,0x06,0x00,0x00,0x00,0x46,0x3e,0x20,0x00,
0x00,0x00,0x00,0x00,0x02,0x00,0x00,0x00,0x1e,0x00,0x00,0x07,0x42,0x00,0x10,0x00,
0x02,0x00,0x00,0x00,0x2a,0x00,0x10,0x00,0x02,0x00,0x00,0x00,0x01,0x40,0x00,0x00,
0x20,0x00,0x00,0x00,0xa8,0x00,0x00,0x09,0x12,0xf0,0x11,0x00,0x01,0x00,0x00,0x00,
0x1a,0x00,0x10,0x00,0x03,0x00,0x00,0x00,0x2a,0x00,0x10,0x00,0x02,0x00,0x00,0x00,
0x0a,0x00,0x10,0x00,0x06,0x00,0x00,0x00,0xa8,0x00,0x00,0x09,0x12,0xf0,0x11,0x00,
0x02,0x00,0x00,0x00,0x1a,0x00,0x10,0x00,0x03,0x00,0x00,0x00,0x2a,0x00,0x10,0x00,
0x02,0x00,0x00,0x00,0x1a,0x00,0x10,0x00,0x06,0x00,0x00,0x00,0xa8,0x00,0x00,0x09,
0x12,0xf0,0x11,0x00,0x03,0x00,0x00,0x00,0x1a,0x00,0x10,0x00,0x03,0x00,0x00,0x00,
0x2a,0x00,0x10,0x00,0x02,0x00,0x00,0x00,0x2a,0x00,0x10,0x00,0x06,0x00,0x00,0x00,
0xa8,0x00,0x00,0x09,0x12,0xf0,0x11,0x00,0x04,0x00,0x00,0x00,0x1a,0x00,0x10,0x00,
0x03,0x00,0x00,0x00,0x2a,0x00,0x10,0x00,0x02,0x00,0x00,0x00,0x3a,0x00,0x10,0x00,
0x06,0x00,0x00,0x00,0x36,0x00,0x00,0x06,0xf2,0x00,0x10,0x00,0x06,0x00,0x00,0x00,
0x46,0x3e,0x20,0x00,0x00,0x00,0x00,0x00,0x03,0x00,0x00,0x00,0xa8,0x00,0x00,0x09,
0x12,0xf0,0x11,0x00,0x01,0x00,0x00,0x00,0x3a,0x00,0x10,0x00,0x02,0x00,0x00,0x00,
0x2a,0x00,0x10,0x00,0x02,0x00,0x00,0x00,0x0a,0x00,0x10,0x00,0x06,0x00,0x00,0x00,
0xa8,0x00,0x00,0x09,0x12,0xf0,0x11,0x00,0x02,0x00,0x00,0x00,0x3a,0x00,0x10,0x00,
0x02,0x00,0x00,0x00,0x2a,0x00,0x10,0x00,0x02,0x00,0x00,0x00,0x1a,0x00,0x10,0x00,
0x06,0x00,0x00,0x00,0xa8,0x00,0x00,0x09,0x12,0xf0,0x11,0x00,0x03,0x00,0x00,0x00,
0x3a,0x00,0x10,0x00,0x02,0x00,0x00,0x00,0x2a,0x00,0x10,0x00,0x02,0x00,0x00,0x00,
0x2a,0x00,0x10,0x00,0x06,0x00,0x00,0x00,0xa8,0x00,0x00,0x09,0x12,0xf0,0x11,0x00,
0x04,0x00,0x00,0x00,0x3a,0x00,0x10,0x00,0x02,0x00,0x00,0x00,0x2a,0x00,0x10,0x00,
0x02,0x00,0x00,0x00,0x3a,0x00,0x10,0x00,0x06,0x00,0x00,0x00,0x15,0x00,0x00,0x01,
0x15,0x00,0x00,0x01,0x1f,0x00,0x04,0x03,0x1a,0x00,0x10,0x00,0x05,0x00,0x00,0x00,
0xbe,0x10,0x00,0x01,0x4f,0x00,0x00,0x06,0x42,0x00,0x10,0x00,0x02,0x00,0x00,0x00,
0x0a,0x40,0x02,0x00,0x01,0x40,0x00,0x00,0x40,0x00,0x00,0x00,0x1f,0x00,0x04,0x03,
0x2a,0x00,0x10,0x00,0x02,0x00,0x00,0x00,0x1e,0x00,0x00,0x07,0x42,0x00,0x10,0x00,
0x02,0x00,0x00,0x00,0x3a,0x00,0x10,0x00,0x04,0x00,0x00,0x00,0x01,0x40,0x00,0x00,
0x01,0x00,0x00,0x00,0x29,0x00,0x00,0x07,0x82,0x00,0x10,0x00,0x02,0x00,0x00,0x00,
0x1a,0x00,0x10,0x00,0x02,0x00,0x00,0x00,0x01,0x40,0x00,0x00,0x02,0x00,0x00,0x00,
0x8c,0x00,0x00,0x0b,0x82,0x00,0x10,0x00,0x02,0x00,0x00,0x00,0x01,0x40,0x00,0x00,
0x02,0x00,0x00,0x00,0x01,0x40,0x00,0x00,0x03,0x00,0x00,0x00,0x0a,0x00,0x10,0x00,
0x01,0x00,0x00,0x00,0x3a,0x00,0x10,0x00,0x02,0x00,0x00,0x00,0x23,0x00,0x00,0x09,
0x82,0x00,0x10,0x00,0x02,0x00,0x00,0x00,0x0a,0x00,0x10,0x00,0x02,0x00,0x00,0x00,
0x01,0x40,0x00,0x00,0x40,0x00,0x00,0x00,0x3a,0x00,0x10,0x00,0x02,0x00,0x00,0x00,
0xa7,0x00,0x00,0x09,0x12,0x00,0x10,0x00,0x06,0x00,0x00,0x00,0x3a,0x00,0x10,0x00,
0x04,0x00,0x00,0x00,0x3a,0x00,0x10,0x00,0x02,0x00,0x00,0x00,0x06,0xf0,0x11,0x00,
0x01,0x00,0x00,0x00,0xa7,0x00,0x00,0x09,0x22,0x00,0x10,0x00,0x06,0x00,0x00,0x00,
0x3a,0x00,0x10,0x00,0x04,0x00,0x00,0x00,0x3a,0x00,0x10,0x00,0x02,0x00,0x00,0x00,
0x06,0xf0,0x11,0x00,0x02,0x00,0x00,0x00,0xa7,0x00,0x00,0x09,0x42,0x00,0x10,0x00,
0x06,0x00,0x00,0x00,0x3a,0x00,0x10,0x00,0x04,0x00,0x00,0x00,0x3a,0x00,0x10,0x00,
0x02,0x00,0x00,0x00,0x06,0xf0,0x11,0x00,0x03,0x00,0x00,0x00,0xa7,0x00,0x00,0x09,
0x82,0x00,0x10,0x00,0x06,0x00,0x00,0x00,0x3a,0x00,0x10,0x00,0x04,0x00,0x00,0x00,
0x3a,0x00,0x10,0x00,0x02,0x00,0x00,0x00,0x06,0xf0,0x11,0x00,0x04,0x00,0x00,0x00,
0xa7,0x00,0x00,0x09,0x12,0x00,0x10,0x00,0x07,0x00,0x00,0x00,0x2a,0x00,0x10,0x00,
0x02,0x00,0x00,0x00,0x3a,0x00,0x10,0x00,0x02,0x00,0x00,0x00,0x06,0xf0,0x11,0x00,
0x01,0x00,0x00,0x00,0xa7,0x00,0x00,0x09,0x22,0x00,0x10,0x00,0x07,0x00,0x00,0x00,
0x2a,0x00,0x10,0x00,0x02,0x00,0x00,0x00,0x3a,0x00,0x10,0x00,0x02,0x00,0x00,0x00,
0x06,0xf0,0x11,0x00,0x02,0x00,0x00,0x00,0xa7,0x00,0x00,0x09,0x42,0x00,0x10,0x00,
0x07,0x00,0x00,0x00,0x2a,0x00,0x10,0x00,0x02,0x00,0x00,0x00,0x3a,0x00,0x10,0x00,
0x02,0x00,0x00,0x00,0x06,0xf0,0x11,0x00,0x03,0x00,0x00,0x00,0xa7,0x00,0x00,0x09,
0x82,0x00,0x10,0x00,0x07,0x00,0x00,0x00,0x2a,0x00,0x10,0x00,0x02,0x00,0x00,0x00,
0x3a,0x00,0x10,0x00,0x02,0x00,0x00,0x00,0x06,0xf0,0x11,0x00,0x04,0x00,0x00,0x00,
0x1e,0x00,0x00,0x07,0x12,0x00,0x10,0x00,0x03,0x00,0x00,0x00,0x3a,0x00,0x10,0x00,
0x02,0x00,0x00,0x00,0x01,0x40,0x00,0x00,0x04,0x00,0x00,0x00,0xa7,0x00,0x00,0x09,
0x12,0x00,0x10,0x00,0x08,0x00,0x00,0x00,0x3a,0x00,0x10,0x00,0x04,0x00,0x00,0x00,
0x0a,0x00,0x10,0x00,0x03,0x00,0x00,0x00,0x06,0xf0,0x11,0x00,0x01,0x00,0x00,0x00,
0xa7,0x00,0x00,0x09,0x22,0x00,0x10,0x00,0x08,0x00,0x00,0x00,0x3a,0x00,0x10,0x00,
0x04,0x00,0x00,0x00,0x0a,0x00,0x10,0x00,0x03,0x00,0x00,0x00,0x06,0xf0,0x11,0x00,
0x02,0x00,0x00,0x00,0xa7,0x00,0x00,0x09,0x42,0x00,0x10,0x00,0x08,0x00,0x00,0x00,
0x3a,0x00,0x10,0x00,0x04,0x00,0x00,0x00,0x0a,0x00,0x10,0x00,0x03,0x00,0x00,0x00,
0x06,0xf0,0x11,0x00,0x03,0x00,0x00,0x00,0xa7,0x00,0x00,0x09,0x82,0x00,0x10,0x00,
0x08,0x00,0x00,0x00,0x3a,0x00,0x10,0x00,0x04,0x00,0x00,0x00,0x0a,0x00,0x10,0x00,
0x03,0x00,0x00,0x00,0x06,0xf0,0x11,0x00,0x04,0x00,0x00,0x00,0xa7,0x00,0x00,0x09,
0x12,0x00,0x10,0x00,0x09,0x00,0x00,0x00,0x2a,0x00,0x10,0x00,0x02,0x00,0x00,0x00,
0x0a,0x00,0x10,0x00,0x03,0x00,0x00,0x00,0x06,0xf0,0x11,0x00,0x01,0x00,0x00,0x00,
0xa7,0x00,0x00,0x09,0x22,0x00,0x10,0x00,0x09,0x00,0x00,0x00,0x2a,0x00,0x10,0x00,
0x02,0x00,0x00,0x00,0x0a,0x00,0x10,0x00,0x03,0x00,0x00,0x00,0x06,0xf0,0x11,0x00,
0x02,0x00,0x00,0x00,0xa7,0x00,0x00,0x09,0x42,0x00,0x10,0x00,0x09,0x00,0x00,0x00,
0x2a,0x00,0x10,0x00,0x02,0x00,0x00,0x00,0x0a,0x00,0x10,0x00,0x03,0x00,0x00,0x00,
0x06,0xf0,0x11,0x00,0x03,0x00,0x00,0x00,0xa7,0x00,0x00,0x09,0x82,0x00,0x10,0x00,
0x09,0x00,0x00,0x00,0x2a,0x00,0x10,0x00,0x02,0x00,0x00,0x00,0x0a,0x00,0x10,0x00,
0x03,0x00,0x00,0x00,0x06,0xf0,0x11,0x00,0x04,0x00,0x00,0x00,0x31,0x00,0x00,0x07,
0x42,0x00,0x10,0x00,0x02,0x00,0x00,0x00,0x01,0x40,0x00,0x00,0x00,0x00,0x00,0x00,
0x2a,0x00,0x10,0x00,0x06,0x00,0x00,0x00,0x01,0x00,0x00,0x07,0x42,0x00,0x10,0x00,
0x02,0x00,0x00,0x00,0x2a,0x00,0x10,0x00,0x02,0x00,0x00,0x00,0x01,0x40,0x00,0x00,
0x00,0x00,0x80,0x3f,0x31,0x00,0x00,0x07,0x12,0x00,0x10,0x00,0x03,0x00,0x00,0x00,
0x01,0x40,0x00,0x00,0x00,0x00,0x00,0x00,0x2a,0x00,0x10,0x00,0x07,0x00,0x00,0x00,
0x01,0x00,0x00,0x07,0x12,0x00,0x10,0x00,0x03,0x00,0x00,0x00,0x0a,0x00,0x10,0x00,
0x03,0x00,0x00,0x00,0x01,0x40,0x00,0x00,0x00,0x00,0x80,0x3f,0x38,0x00,0x00,0x07,
0xf2,0x00,0x10,0x00,0x07,0x00,0x00,0x00,0x06,0x00,0x10,0x00,0x03,0x00,0x00,0x00,
0x46,0x0e,0x10,0x00,0x07,0x00,0x00,0x00,0x32,0x00,0x00,0x09,0xf2,0x00,0x10,0x00,
0x06,0x00,0x00,0x00,0x46,0x0e,0x10,0x00,0x06,0x00,0x00,0x00,0xa6,0x0a,0x10,0x00,
0x02,0x00,0x00,0x00,0x46,0x0e,0x10,0x00,0x07,0x00,0x00,0x00,0x00,0x00,0x00,0x07,
0x42,0x00,0x10,0x00,0x02,0x00,0x00,0x00,0x2a,0x00,0x10,0x00,0x02,0x00,0x00,0x00,
0x0a,0x00,0x10,0x00,0x03,0x00,0x00,0x00,0x31,0x00,0x00,0x07,0x12,0x00,0x10,0x00,
0x03,0x00,0x00,0x00,0x01,0x40,0x00,0x00,0x00,0x00,0x00,0x00,0x2a,0x00,0x10,0x00,
0x08,0x00,0x00,0x00,0x01,0x00,0x00,0x07,0x12,0x00,0x10,0x00,0x03,0x00,0x00,0x00,
0x0a,0x00,0x10,0x00,0x03,0x00,0x00,0x00,0x01,0x40,0x00,0x00,0x00,0x00,0x80,0x3f,
0x32,0x00,0x00,0x09,0xf2,0x00,0x10,0x00,0x06,0x00,0x00,0x00,0x46,0x0e,0x10,0x00,
0x08,0x00,0x00,0x00,0x06,0x00,0x10,0x00,0x03,0x00,0x00,0x00,0x46,0x0e,0x10,0x00,
0x06,0x00,0x00,0x00,0x00,0x00,0x00,0x07,0x42,0x00,0x10,0x00,0x02,0x00,0x00,0x00,
0x2a,0x00,0x10,0x00,0x02,0x00,0x00,0x00,0x0a,0x00,0x10,0x00,0x03,0x00,0x00,0x00,
0x31,0x00,0x00,0x07,0x12,0x00,0x10,0x00,0x03,0x00,0x00,0x00,0x01,0x40,0x00,0x00,
0x00,0x00,0x00,0x00,0x2a,0x00,0x10,0x00,0x09,0x00,0x00,0x00,0x01,0x00,0x00,0x07,
0x12,0x00,0x10,0x00,0x03,0x00,0x00,0x00,0x0a,0x00,0x10,0x00,0x03,0x00,0x00,0x00,
0x01,0x40,0x00,0x00,0x00,0x00,0x80,0x3f,0x32,0x00,0x00,0x09,0xf2,0x00,0x10,0x00,
0x06,0x00,0x00,0x00,0x46,0x0e,0x10,0x00,0x09,0x00,0x00,0x00,0x06,0x00,0x10,0x00,
0x03,0x00,0x00,0x00,0x46,0x0e,0x10,0x00,0x06,0x00,0x00,0x00,0x00,0x00,0x00,0x07,
0x42,0x00,0x10,0x00,0x02,0x00,0x00,0x00,0x2a,0x00,0x10,0x00,0x02,0x00,0x00,0x00,
0x0a,0x00,0x10,0x00,0x03,0x00,0x00,0x00,0x31,0x00,0x00,0x07,0x12,0x00,0x10,0x00,
0x03,0x00,0x00,0x00,0x01,0x40,0x00,0x00,0x6f,0x12,0x83,0x3a,0x2a,0x00,0x10,0x00,
0x02,0x00,0x00,0x00,0x37,0x00,0x00,0x09,0x42,0x00,0x10,0x00,0x02,0x00,0x00,0x00,
0x0a,0x00,0x10,0x00,0x03,0x00,0x00,0x00,0x2a,0x00,0x10,0x00,0x02,0x00,0x00,0x00,
0x01,0x40,0x00,0x00,0x00,0x00,0x80,0x3f,0x0e,0x00,0x00,0x07,0xf2,0x00,0x10,0x00,
0x06,0x00,0x00,0x00,0x46,0x0e,0x10,0x00,0x06,0x00,0x00,0x00,0xa6,0x0a,0x10,0x00,
0x02,0x00,0x00,0x00,0x29,0x00,0x00,0x0a,0xf2,0x00,0x10,0x00,0x07,0x00,0x00,0x00,
0xc6,0x0f,0x10,0x00,0x00,0x00,0x00,0x00,0x02,0x40,0x00,0x00,0x03,0x00,0x00,0x00,
0x03,0x00,0x00,0x00,0x03,0x00,0x00,0x00,0x03,0x00,0x00,0x00,0x1e,0x00,0x00,0x07,
0xf2,0x00,0x10,0x00,0x07,0x00,0x00,0x00,0x96,0x0a,0x10,0x00,0x03,0x00,0x00,0x00,
0x46,0x0e,0x10,0x00,0x07,0x00,0x00,0x00,0xa4,0x00,0x00,0x07,0xf2,0xe0,0x11,0x00,
0x03,0x00,0x00,0x00,0x46,0x0e,0x10,0x00,0x07,0x00,0x00,0x00,0x46,0x0e,0x10,0x00,
0x06,0x00,0x00,0x00,0x8c,0x00,0x00,0x0b,0x42,0x00,0x10,0x00,0x02,0x00,0x00,0x00,
0x01,0x40,0x00,0x00,0x01,0x00,0x00,0x00,0x01,0x40,0x00,0x00,0x00,0x00,0x00,0x00,
0x2a,0x00,0x10,0x00,0x03,0x00,0x00,0x00,0x3a,0x00,0x10,0x00,0x04,0x00,0x00,0x00,
0xa8,0x00,0x00,0x09,0x12,0xf0,0x11,0x00,0x01,0x00,0x00,0x00,0x2a,0x00,0x10,0x00,
0x02,0x00,0x00,0x00,0x3a,0x00,0x10,0x00,0x02,0x00,0x00,0x00,0x0a,0x00,0x10,0x00,
0x06,0x00,0x00,0x00,0xa8,0x00,0x00,0x09,0x12,0xf0,0x11,0x00,0x02,0x00,0x00,0x00,
0x2a,0x00,0x10,0x00,0x02,0x00,0x00,0x00,0x3a,0x00,0x10,0x00,0x02,0x00,0x00,0x00,
0x1a,0x00,0x10,0x00,0x06,0x00,0x00,0x00,0xa8,0x00,0x00,0x09,0x12,0xf0,0x11,0x00,
0x03,0x00,0x00,0x00,0x2a,0x00,0x10,0x00,0x02,0x00,0x00,0x00,0x3a,0x00,0x10,0x00,
0x02,0x00,0x00,0x00,0x2a,0x00,0x10,0x00,0x06,0x00,0x00,0x00,0xa8,0x00,0x00,0x09,
0x12,0xf0,0x11,0x00,0x04,0x00,0x00,0x00,0x2a,0x00,0x10,0x00,0x02,0x00,0x00,0x00,
0x3a,0x00,0x10,0x00,0x02,0x00,0x00,0x00,0x3a,0x00,0x10,0x00,0x06,0x00,0x00,0x00,
0x15,0x00,0x00,0x01,0x4f,0x00,0x00,0x08,0x42,0x00,0x10,0x00,0x02,0x00,0x00,0x00,
0x01,0x40,0x00,0x00,0x03,0x00,0x00,0x00,0x0a,0x80,0x20,0x00,0x01,0x00,0x00,0x00,
0x00,0x00,0x00,0x00,0x1f,0x00,0x04,0x03,0x2a,0x00,0x10,0x00,0x02,0x00,0x00,0x00,
0xbe,0x10,0x00,0x01,0x4f,0x00,0x00,0x06,0x42,0x00,0x10,0x00,0x02,0x00,0x00,0x00,
0x0a,0x40,0x02,0x00,0x01,0x40,0x00,0x00,0x10,0x00,0x00,0x00,0x1f,0x00,0x04,0x03,
0x2a,0x00,0x10,0x00,0x02,0x00,0x00,0x00,0x29,0x00,0x00,0x07,0x42,0x00,0x10,0x00,
0x02,0x00,0x00,0x00,0x1a,0x00,0x10,0x00,0x01,0x00,0x00,0x00,0x01,0x40,0x00,0x00,
0x02,0x00,0x00,0x00,0x8c,0x00,0x00,0x0a,0x42,0x00,0x10,0x00,0x02,0x00,0x00,0x00,
0x01,0x40,0x00,0x00,0x01,0x00,0x00,0x00,0x01,0x40,0x00,0x00,0x02,0x00,0x00,0x00,
0x0a,0x40,0x02,0x00,0x2a,0x00,0x10,0x00,0x02,0x00,0x00,0x00,0x23,0x00,0x00,0x09,
0x42,0x00,0x10,0x00,0x02,0x00,0x00,0x00,0x3a,0x00,0x10,0x00,0x01,0x00,0x00,0x00,
0x01,0x40,0x00,0x00,0x20,0x00,0x00,0x00,0x2a,0x00,0x10,0x00,0x02,0x00,0x00,0x00,
0x23,0x00,0x00,0x09,0x82,0x00,0x10,0x00,0x02,0x00,0x00,0x00,0x1a,0x00,0x10,0x00,
0x03,0x00,0x00,0x00,0x01,0x40,0x00,0x00,0x04,0x00,0x00,0x00,0x01,0x40,0x00,0x00,
0x02,0x00,0x00,0x00,0x1e,0x00,0x00,0x0a,0x92,0x00,0x10,0x00,0x03,0x00,0x00,0x00,
0xa6,0x0a,0x10,0x00,0x02,0x00,0x00,0x00,0x02,0x40,0x00,0x00,0x01,0x00,0x00,0x00,
0x00,0x00,0x00,0x00,0x00,0x00,0x00,0x00,0x03,0x00,0x00,0x00,0x29,0x00,0x00,0x07,
0x12,0x00,0x10,0x00,0x05,0x00,0x00,0x00,0x2a,0x00,0x10,0x00,0x01,0x00,0x00,0x00,
0x01,0x40,0x00,0x00,0x04,0x00,0x00,0x00,0x8c,0x00,0x00,0x0b,0x12,0x00,0x10,0x00,
0x05,0x00,0x00,0x00,0x01,0x40,0x00,0x00,0x02,0x00,0x00,0x00,0x01,0x40,0x00,0x00,
0x04,0x00,0x00,0x00,0x0a,0x00,0x10,0x00,0x01,0x00,0x00,0x00,0x0a,0x00,0x10,0x00,
0x05,0x00,0x00,0x00,0x23,0x00,0x00,0x09,0x12,0x00,0x10,0x00,0x05,0x00,0x00,0x00,
0x0a,0x00,0x10,0x00,0x02,0x00,0x00,0x00,0x01,0x40,0x00,0x00,0x80,0x00,0x00,0x00,
0x0a,0x00,0x10,0x00,0x05,0x00,0x00,0x00,0xa7,0x00,0x00,0x09,0x12,0x00,0x10,0x00,
0x06,0x00,0x00,0x00,0x2a,0x00,0x10,0x00,0x02,0x00,0x00,0x00,0x0a,0x00,0x10,0x00,
0x05,0x00,0x00,0x00,0x06,0xf0,0x11,0x00,0x01,0x00,0x00,0x00,0xa7,0x00,0x00,0x09,
0x22,0x00,0x10,0x00,0x06,0x00,0x00,0x00,0x2a,0x00,0x10,0x00,0x02,0x00,0x00,0x00,
0x0a,0x00,0x10,0x00,0x05,0x00,0x00,0x00,0x06,0xf0,0x11,0x00,0x02,0x00,0x00,0x00,
0xa7,0x00,0x00,0x09,0x42,0x00,0x10,0x00,0x06,0x00,0x00,0x00,0x2a,0x00,0x10,0x00,
0x02,0x00,0x00,0x00,0x0a,0x00,0x10,0x00,0x05,0x00,0x00,0x00,0x06,0xf0,0x11,0x00,
0x03,0x00,0x00,0x00,0xa7,0x00,0x00,0x09,0x82,0x00,0x10,0x00,0x06,0x00,0x00,0x00,
0x2a,0x00,0x10,0x00,0x02,0x00,0x00,0x00,0x0a,0x00,0x10,0x00,0x05,0x00,0x00,0x00,
0x06,0xf0,0x11,0x00,0x04,0x00,0x00,0x00,0xa7,0x00,0x00,0x09,0x12,0x00,0x10,0x00,
0x07,0x00,0x00,0x00,0x3a,0x00,0x10,0x00,0x02,0x00,0x00,0x00,0x0a,0x00,0x10,0x00,
0x05,0x00,0x00,0x00,0x06,0xf0,0x11,0x00,0x01,0x00,0x00,0x00,0xa7,0x00,0x00,0x09,
0x22,0x00,0x10,0x00,0x07,0x00,0x00,0x00,0x3a,0x00,0x10,0x00,0x02,0x00,0x00,0x00,
0x0a,0x00,0x10,0x00,0x05,0x00,0x00,0x00,0x06,0xf0,0x11,0x00,0x02,0x00,0x00,0x00,
0xa7,0x00,0x00,0x09,0x42,0x00,0x10,0x00,0x07,0x00,0x00,0x00,0x3a,0x00,0x10,0x00,
0x02,0x00,0x00,0x00,0x0a,0x00,0x10,0x00,0x05,0x00,0x00,0x00,0x06,0xf0,0x11,0x00,
0x03,0x00,0x00,0x00,0xa7,0x00,0x00,0x09,0x82,0x00,0x10,0x00,0x07,0x00,0x00,0x00,
0x3a,0x00,0x10,0x00,0x02,0x00,0x00,0x00,0x0a,0x00,0x10,0x00,0x05,0x00,0x00,0x00,
0x06,0xf0,0x11,0x00,0x04,0x00,0x00,0x00,0x1e,0x00,0x00,0x07,0x82,0x00,0x10,0x00,
0x02,0x00,0x00,0x00,0x0a,0x00,0x10,0x00,0x05,0x00,0x00,0x00,0x01,0x40,0x00,0x00,
0x08,0x00,0x00,0x00,0xa7,0x00,0x00,0x09,0x12,0x00,0x10,0x00,0x08,0x00,0x00,0x00,
0x0a,0x00,0x10,0x00,0x03,0x00,0x00,0x00,0x3a,0x00,0x10,0x00,0x02,0x00,0x00,0x00,
0x06,0xf0,0x11,0x00,0x01,0x00,0x00,0x00,0xa7,0x00,0x00,0x09,0x22,0x00,0x10,0x00,
0x08,0x00,0x00,0x00,0x0a,0x00,0x10,0x00,0x03,0x00,0x00,0x00,0x3a,0x00,0x10,0x00,
0x02,0x00,0x00,0x00,0x06,0xf0,0x11,0x00,0x02,0x00,0x00,0x00,0xa7,0x00,0x00,0x09,
0x42,0x00,0x10,0x00,0x08,0x00,0x00,0x00,0x0a,0x00,0x10,0x00,0x03,0x00,0x00,0x00,
0x3a,0x00,0x10,0x00,0x02,0x00,0x00,0x00,0x06,0xf0,0x11,0x00,0x03,0x00,0x00,0x00,
0xa7,0x00,0x00,0x09,0x82,0x00,0x10,0x00,0x08,0x00,0x00,0x00,0x0a,0x00,0x10,0x00,
0x03,0x00,0x00,0x00,0x3a,0x00,0x10,0x00,0x02,0x00,0x00,0x00,0x06,0xf0,0x11,0x00,
0x04,0x00,0x00,0x00,0xa7,0x00,0x00,0x09,0x12,0x00,0x10,0x00,0x09,0x00,0x00,0x00,
0x3a,0x00,0x10,0x00,0x03,0x00,0x00,0x00,0x3a,0x00,0x10,0x00,0x02,0x00,0x00,0x00,
0x06,0xf0,0x11,0x00,0x01,0x00,0x00,0x00,0xa7,0x00,0x00,0x09,0x22,0x00,0x10,0x00,
0x09,0x00,0x00,0x00,0x3a,0x00,0x10,0x00,0x03,0x00,0x00,0x00,0x3a,0x00,0x10,0x00,
0x02,0x00,0x00,0x00,0x06,0xf0,0x11,0x00,0x02,0x00,0x00,0x00,0xa7,0x00,0x00,0x09,
0x42,0x00,0x10,0x00,0x09,0x00,0x00,0x00,0x3a,0x00,0x10,0x00,0x03,0x00,0x00,0x00,
0x3a,0x00,0x10,0x00,0x02,0x00,0x00,0x00,0x06,0xf0,0x11,0x00,0x03,0x00,0x00,0x00,
0xa7,0x00,0x00,0x09,0x82,0x00,0x10,0x00,0x09,0x00,0x00,0x00,0x3a,0x00,0x10,0x00,
0x03,0x00,0x00,0x00,0x3a,0x00,0x10,0x00,0x02,0x00,0x00,0x00,0x06,0xf0,0x11,0x00,
0x04,0x00,0x00,0x00,0x31,0x00,0x00,0x07,0x82,0x00,0x10,0x00,0x02,0x00,0x00,0x00,
0x01,0x40,0x00,0x00,0x00,0x00,0x00,0x00,0x2a,0x00,0x10,0x00,0x06,0x00,0x00,0x00,
0x01,0x00,0x00,0x07,0x82,0x00,0x10,0x00,0x02,0x00,0x00,0x00,0x3a,0x00,0x10,0x00,
0x02,0x00,0x00,0x00,0x01,0x40,0x00,0x00,0x00,0x00,0x80,0x3f,0x31,0x00,0x00,0x07,
0x12,0x00,0x10,0x00,0x03,0x00,0x00,0x00,0x01,0x40,0x00,0x00,0x00,0x00,0x00,0x00,
0x2a,0x00,0x10,0x00,0x07,0x00,0x00,0x00,0x01,0x00,0x00,0x07,0x12,0x00,0x10,0x00,
0x03,0x00,0x00,0x00,0x0a,0x00,0x10,0x00,0x03,0x00,0x00,0x00,0x01,0x40,0x00,0x00,
0x00,0x00,0x80,0x3f,0x38,0x00,0x00,0x07,0xf2,0x00,0x10,0x00,0x07,0x00,0x00,0x00,
0x06,0x00,0x10,0x00,0x03,0x00,0x00,0x00,0x46,0x0e,0x10,0x00,0x07,0x00,0x00,0x00,
0x32,0x00,0x00,0x09,0xf2,0x00,0x10,0x00,0x06,0x00,0x00,0x00,0x46,0x0e,0x10,0x00,
0x06,0x00,0x00,0x00,0xf6,0x0f,0x10,0x00,0x02,0x00,0x00,0x00,0x46,0x0e,0x10,0x00,
0x07,0x00,0x00,0x00,0x00,0x00,0x00,0x07,0x82,0x00,0x10,0x00,0x02,0x00,0x00,0x00,
0x3a,0x00,0x10,0x00,0x02,0x00,0x00,0x00,0x0a,0x00,0x10,0x00,0x03,0x00,0x00,0x00,
0x31,0x00,0x00,0x07,0x12,0x00,0x10,0x00,0x03,0x00,0x00,0x00,0x01,0x40,0x00,0x00,
0x00,0x00,0x00,0x00,0x2a,0x00,0x10,0x00,0x08,0x00,0x00,0x00,0x01,0x00,0x00,0x07,
0x12,0x00,0x10,0x00,0x03,0x00,0x00,0x00,0x0a,0x00,0x10,0x00,0x03,0x00,0x00,0x00,
0x01,0x40,0x00,0x00,0x00,0x00,0x80,0x3f,0x32,0x00,0x00,0x09,0xf2,0x00,0x10,0x00,
0x06,0x00,0x00,0x00,0x46,0x0e,0x10,0x00,0x08,0x00,0x00,0x00,0x06,0x00,0x10,0x00,
0x03,0x00,0x00,0x00,0x46,0x0e,0x10,0x00,0x06,0x00,0x00,0x00,0x00,0x00,0x00,0x07,
0x82,0x00,0x10,0x00,0x02,0x00,0x00,0x00,0x3a,0x00,0x10,0x00,0x02,0x00,0x00,0x00,
0x0a,0x00,0x10,0x00,0x03,0x00,0x00,0x00,0x31,0x00,0x00,0x07,0x12,0x00,0x10,0x00,
0x03,0x00,0x00,0x00,0x01,0x40,0x00,0x00,0x00,0x00,0x00,0x00,0x2a,0x00,0x10,0x00,
0x09,0x00,0x00,0x00,0x01,0x00,0x00,0x07,0x12,0x00,0x10,0x00,0x03,0x00,0x00,0x00,
0x0a,0x00,0x10,0x00,0x03,0x00,0x00,0x00,0x01,0x40,0x00,0x00,0x00,0x00,0x80,0x3f,
0x32,0x00,0x00,0x09,0xf2,0x00,0x10,0x00,0x06,0x00,0x00,0x00,0x46,0x0e,0x10,0x00,
0x09,0x00,0x00,0x00,0x06,0x00,0x10,0x00,0x03,0x00,0x00,0x00,0x46,0x0e,0x10,0x00,
0x06,0x00,0x00,0x00,0x00,0x00,0x00,0x07,0x82,0x00,0x10,0x00,0x02,0x00,0x00,0x00,
0x3a,0x00,0x10,0x00,0x02,0x00,0x00,0x00,0x0a,0x00,0x10,0x00,0x03,0x00,0x00,0x00,
0x31,0x00,0x00,0x07,0x12,0x00,0x10,0x00,0x03,0x00,0x00,0x00,0x01,0x40,0x00,0x00,
0x6f,0x12,0x83,0x3a,0x3a,0x00,0x10,0x00,0x02,0x00,0x00,0x00,0x37,0x00,0x00,0x09,
0x82,0x00,0x10,0x00,0x02,0x00,0x00,0x00,0x0a,0x00,0x10,0x00,0x03,0x00,0x00,0x00,
0x3a,0x00,0x10,0x00,0x02,0x00,0x00,0x00,0x01,0x40,0x00,0x00,0x00,0x00,0x80,0x3f,
0x0e,0x00,0x00,0x07,0xf2,0x00,0x10,0x00,0x06,0x00,0x00,0x00,0x46,0x0e,0x10,0x00,
0x06,0x00,0x00,0x00,0xf6,0x0f,0x10,0x00,0x02,0x00,0x00,0x00,0x29,0x00,0x00,0x0a,
0xf2,0x00,0x10,0x00,0x07,0x00,0x00,0x00,0xc6,0x0f,0x10,0x00,0x00,0x00,0x00,0x00,
0x02,0x40,0x00,0x00,0x02,0x00,0x00,0x00,0x02,0x00,0x00,0x00,0x02,0x00,0x00,0x00,
0x02,0x00,0x00,0x00,0x1e,0x00,0x00,0x07,0xf2,0x00,0x10,0x00,0x07,0x00,0x00,0x00,
0x96,0x0a,0x10,0x00,0x03,0x00,0x00,0x00,0x46,0x0e,0x10,0x00,0x07,0x00,0x00,0x00,
0xa4,0x00,0x00,0x07,0xf2,0xe0,0x11,0x00,0x04,0x00,0x00,0x00,0x46,0x0e,0x10,0x00,
0x07,0x00,0x00,0x00,0x46,0x0e,0x10,0x00,0x06,0x00,0x00,0x00,0x1e,0x00,0x00,0x07,
0x42,0x00,0x10,0x00,0x02,0x00,0x00,0x00,0x2a,0x00,0x10,0x00,0x03,0x00,0x00,0x00,
0x2a,0x00,0x10,0x00,0x02,0x00,0x00,0x00,0xa8,0x00,0x00,0x09,0x12,0xf0,0x11,0x00,
0x01,0x00,0x00,0x00,0x2a,0x00,0x10,0x00,0x02,0x00,0x00,0x00,0x0a,0x00,0x10,0x00,
0x05,0x00,0x00,0x00,0x0a,0x00,0x10,0x00,0x06,0x00,0x00,0x00,0xa8,0x00,0x00,0x09,
0x12,0xf0,0x11,0x00,0x02,0x00,0x00,0x00,0x2a,0x00,0x10,0x00,0x02,0x00,0x00,0x00,
0x0a,0x00,0x10,0x00,0x05,0x00,0x00,0x00,0x1a,0x00,0x10,0x00,0x06,0x00,0x00,0x00,
0xa8,0x00,0x00,0x09,0x12,0xf0,0x11,0x00,0x03,0x00,0x00,0x00,0x2a,0x00,0x10,0x00,
0x02,0x00,0x00,0x00,0x0a,0x00,0x10,0x00,0x05,0x00,0x00,0x00,0x2a,0x00,0x10,0x00,
0x06,0x00,0x00,0x00,0xa8,0x00,0x00,0x09,0x12,0xf0,0x11,0x00,0x04,0x00,0x00,0x00,
0x2a,0x00,0x10,0x00,0x02,0x00,0x00,0x00,0x0a,0x00,0x10,0x00,0x05,0x00,0x00,0x00,
0x3a,0x00,0x10,0x00,0x06,0x00,0x00,0x00,0x15,0x00,0x00,0x01,0x4f,0x00,0x00,0x08,
0x42,0x00,0x10,0x00,0x02,0x00,0x00,0x00,0x01,0x40,0x00,0x00,0x04,0x00,0x00,0x00,
0x0a,0x80,0x20,0x00,0x01,0x00,0x00,0x00,0x00,0x00,0x00,0x00,0x1f,0x00,0x04,0x03,
0x2a,0x00,0x10,0x00,0x02,0x00,0x00,0x00,0xbe,0x10,0x00,0x01,0x4f,0x00,0x00,0x06,
0x42,0x00,0x10,0x00,0x02,0x00,0x00,0x00,0x0a,0x40,0x02,0x00,0x01,0x40,0x00,0x00,
0x04,0x00,0x00,0x00,0x1f,0x00,0x04,0x03,0x2a,0x00,0x10,0x00,0x02,0x00,0x00,0x00,
0x29,0x00,0x00,0x07,0x42,0x00,0x10,0x00,0x02,0x00,0x00,0x00,0x1a,0x00,0x10,0x00,
0x01,0x00,0x00,0x00,0x01,0x40,0x00,0x00,0x03,0x00,0x00,0x00,0x8c,0x00,0x00,0x0a,
0x42,0x00,0x10,0x00,0x02,0x00,0x00,0x00,0x01,0x40,0x00,0x00,0x01,0x00,0x00,0x00,
0x01,0x40,0x00,0x00,0x03,0x00,0x00,0x00,0x0a,0x40,0x02,0x00,0x2a,0x00,0x10,0x00,
0x02,0x00,0x00,0x00,0x23,0x00,0x00,0x09,0x42,0x00,0x10,0x00,0x02,0x00,0x00,0x00,
0x3a,0x00,0x10,0x00,0x01,0x00,0x00,0x00,0x01,0x40,0x00,0x00,0x40,0x00,0x00,0x00,
0x2a,0x00,0x10,0x00,0x02,0x00,0x00,0x00,0x1e,0x00,0x00,0x07,0x82,0x00,0x10,0x00,
0x02,0x00,0x00,0x00,0x1a,0x00,0x10,0x00,0x04,0x00,0x00,0x00,0x2a,0x00,0x10,0x00,
0x02,0x00,0x00,0x00,0x23,0x00,0x00,0x0f,0x92,0x00,0x10,0x00,0x03,0x00,0x00,0x00,
0x56,0x05,0x10,0x00,0x03,0x00,0x00,0x00,0x02,0x40,0x00,0x00,0x08,0x00,0x00,0x00,
0x00,0x00,0x00,0x00,0x00,0x00,0x00,0x00,0x08,0x00,0x00,0x00,0x02,0x40,0x00,0x00,
0x04,0x00,0x00,0x00,0x00,0x00,0x00,0x00,0x00,0x00,0x00,0x00,0x05,0x00,0x00,0x00,
0x1e,0x00,0x00,0x07,0x42,0x00,0x10,0x00,0x02,0x00,0x00,0x00,0x2a,0x00,0x10,0x00,
0x02,0x00,0x00,0x00,0x01,0x40,0x00,0x00,0x01,0x00,0x00,0x00,0x1e,0x00,0x00,0x07,
0x42,0x00,0x10,0x00,0x02,0x00,0x00,0x00,0x1a,0x00,0x10,0x00,0x04,0x00,0x00,0x00,
0x2a,0x00,0x10,0x00,0x02,0x00,0x00,0x00,0x1e,0x00,0x00,0x07,0x92,0x00,0x10,0x00,
0x03,0x00,0x00,0x00,0x56,0x05,0x10,0x00,0x04,0x00,0x00,0x00,0x06,0x0c,0x10,0x00,
0x03,0x00,0x00,0x00,0x29,0x00,0x00,0x07,0x12,0x00,0x10,0x00,0x05,0x00,0x00,0x00,
0x2a,0x00,0x10,0x00,0x01,0x00,0x00,0x00,0x01,0x40,0x00,0x00,0x05,0x00,0x00,0x00,
0x8c,0x00,0x00,0x0b,0x12,0x00,0x10,0x00,0x05,0x00,0x00,0x00,0x01,0x40,0x00,0x00,
0x02,0x00,0x00,0x00,0x01,0x40,0x00,0x00,0x05,0x00,0x00,0x00,0x0a,0x00,0x10,0x00,
0x01,0x00,0x00,0x00,0x0a,0x00,0x10,0x00,0x05,0x00,0x00,0x00,0x23,0x00,0x00,0x09,
0x12,0x00,0x10,0x00,0x05,0x00,0x00,0x00,0x0a,0x00,0x10,0x00,0x02,0x00,0x00,0x00,
0x01,0x40,0x00,0x00,0x00,0x01,0x00,0x00,0x0a,0x00,0x10,0x00,0x05,0x00,0x00,0x00,
0xa7,0x00,0x00,0x09,0x12,0x00,0x10,0x00,0x06,0x00,0x00,0x00,0x3a,0x00,0x10,0x00,
0x02,0x00,0x00,0x00,0x0a,0x00,0x10,0x00,0x05,0x00,0x00,0x00,0x06,0xf0,0x11,0x00,
0x01,0x00,0x00,0x00,0xa7,0x00,0x00,0x09,0x22,0x00,0x10,0x00,0x06,0x00,0x00,0x00,
0x3a,0x00,0x10,0x00,0x02,0x00,0x00,0x00,0x0a,0x00,0x10,0x00,0x05,0x00,0x00,0x00,
0x06,0xf0,0x11,0x00,0x02,0x00,0x00,0x00,0xa7,0x00,0x00,0x09,0x42,0x00,0x10,0x00,
0x06,0x00,0x00,0x00,0x3a,0x00,0x10,0x00,0x02,0x00,0x00,0x00,0x0a,0x00,0x10,0x00,
0x05,0x00,0x00,0x00,0x06,0xf0,0x11,0x00,0x03,0x00,0x00,0x00,0xa7,0x00,0x00,0x09,
0x82,0x00,0x10,0x00,0x06,0x00,0x00,0x00,0x3a,0x00,0x10,0x00,0x02,0x00,0x00,0x00,
0x0a,0x00,0x10,0x00,0x05,0x00,0x00,0x00,0x06,0xf0,0x11,0x00,0x04,0x00,0x00,0x00,
0xa7,0x00,0x00,0x09,0x12,0x00,0x10,0x00,0x07,0x00,0x00,0x00,0x0a,0x00,0x10,0x00,
0x03,0x00,0x00,0x00,0x0a,0x00,0x10,0x00,0x05,0x00,0x00,0x00,0x06,0xf0,0x11,0x00,
0x01,0x00,0x00,0x00,0xa7,0x00,0x00,0x09,0x22,0x00,0x10,0x00,0x07,0x00,0x00,0x00,
0x0a,0x00,0x10,0x00,0x03,0x00,0x00,0x00,0x0a,0x00,0x10,0x00,0x05,0x00,0x00,0x00,
0x06,0xf0,0x11,0x00,0x02,0x00,0x00,0x00,0xa7,0x00,0x00,0x09,0x42,0x00,0x10,0x00,
0x07,0x00,0x00,0x00,0x0a,0x00,0x10,0x00,0x03,0x00,0x00,0x00,0x0a,0x00,0x10,0x00,
0x05,0x00,0x00,0x00,0x06,0xf0,0x11,0x00,0x03,0x00,0x00,0x00,0xa7,0x00,0x00,0x09,
0x82,0x00,0x10,0x00,0x07,0x00,0x00,0x00,0x0a,0x00,0x10,0x00,0x03,0x00,0x00,0x00,
0x0a,0x00,0x10,0x00,0x05,0x00,0x00,0x00,0x06,0xf0,0x11,0x00,0x04,0x00,0x00,0x00,
0x1e,0x00,0x00,0x07,0x82,0x00,0x10,0x00,0x02,0x00,0x00,0x00,0x0a,0x00,0x10,0x00,
0x05,0x00,0x00,0x00,0x01,0x40,0x00,0x00,0x10,0x00,0x00,0x00,0xa7,0x00,0x00,0x09,
0x12,0x00,0x10,0x00,0x08,0x00,0x00,0x00,0x2a,0x00,0x10,0x00,0x02,0x00,0x00,0x00,
0x3a,0x00,0x10,0x00,0x02,0x00,0x00,0x00,0x06,0xf0,0x11,0x00,0x01,0x00,0x00,0x00,
0xa7,0x00,0x00,0x09,0x22,0x00,0x10,0x00,0x08,0x00,0x00,0x00,0x2a,0x00,0x10,0x00,
0x02,0x00,0x00,0x00,0x3a,0x00,0x10,0x00,0x02,0x00,0x00,0x00,0x06,0xf0,0x11,0x00,
0x02,0x00,0x00,0x00,0xa7,0x00,0x00,0x09,0x42,0x00,0x10,0x00,0x08,0x00,0x00,0x00,
0x2a,0x00,0x10,0x00,0x02,0x00,0x00,0x00,0x3a,0x00,0x10,0x00,0x02,0x00,0x00,0x00,
0x06,0xf0,0x11,0x00,0x03,0x00,0x00,0x00,0xa7,0x00,0x00,0x09,0x82,0x00,0x10,0x00,
0x08,0x00,0x00,0x00,0x2a,0x00,0x10,0x00,0x02,0x00,0x00,0x00,0x3a,0x00,0x10,0x00,
0x02,0x00,0x00,0x00,0x06,0xf0,0x11,0x00,0x04,0x00,0x00,0x00,0xa7,0x00,0x00,0x09,
0x12,0x00,0x10,0x00,0x09,0x00,0x00,0x00,0x3a,0x00,0x10,0x00,0x03,0x00,0x00,0x00,
0x3a,0x00,0x10,0x00,0x02,0x00,0x00,0x00,0x06,0xf0,0x11,0x00,0x01,0x00,0x00,0x00,
0xa7,0x00,0x00,0x09,0x22,0x00,0x10,0x00,0x09,0x00,0x00,0x00,0x3a,0x00,0x10,0x00,
0x03,0x00,0x00,0x00,0x3a,0x00,0x10,0x00,0x02,0x00,0x00,0x00,0x06,0xf0,0x11,0x00,
0x02,0x00,0x00,0x00,0xa7,0x00,0x00,0x09,0x42,0x00,0x10,0x00,0x09,0x00,0x00,0x00,
0x3a,0x00,0x10,0x00,0x03,0x00,0x00,0x00,0x3a,0x00,0x10,0x00,0x02,0x00,0x00,0x00,
0x06,0xf0,0x11,0x00,0x03,0x00,0x00,0x00,0xa7,0x00,0x00,0x09,0x82,0x00,0x10,0x00,
0x09,0x00,0x00,0x00,0x3a,0x00,0x10,0x00,0x03,0x00,0x00,0x00,0x3a,0x00,0x10,0x00,
0x02,0x00,0x00,0x00,0x06,0xf0,0x11,0x00,0x04,0x00,0x00,0x00,0x31,0x00,0x00,0x07,
0x42,0x00,0x10,0x00,0x02,0x00,0x00,0x00,0x01,0x40,0x00,0x00,0x00,0x00,0x00,0x00,
0x2a,0x00,0x10,0x00,0x06,0x00,0x00,0x00,0x31,0x00,0x00,0x07,0x82,0x00,0x10,0x00,
0x02,0x00,0x00,0x00,0x01,0x40,0x00,0x00,0x00,0x00,0x00,0x00,0x2a,0x00,0x10,0x00,
0x07,0x00,0x00,0x00,0x01,0x00,0x00,0x0a,0xc2,0x00,0x10,0x00,0x02,0x00,0x00,0x00,
0xa6,0x0e,0x10,0x00,0x02,0x00,0x00,0x00,0x02,0x40,0x00,0x00,0x00,0x00,0x00,0x00,
0x00,0x00,0x00,0x00,0x00,0x00,0x80,0x3f,0x00,0x00,0x80,0x3f,0x38,0x00,0x00,0x07,
0xf2,0x00,0x10,0x00,0x07,0x00,0x00,0x00,0xf6,0x0f,0x10,0x00,0x02,0x00,0x00,0x00,
0x46,0x0e,0x10,0x00,0x07,0x00,0x00,0x00,0x32,0x00,0x00,0x09,0xf2,0x00,0x10,0x00,
0x06,0x00,0x00,0x00,0x46,0x0e,0x10,0x00,0x06,0x00,0x00,0x00,0xa6,0x0a,0x10,0x00,
0x02,0x00,0x00,0x00,0x46,0x0e,0x10,0x00,0x07,0x00,0x00,0x00,0x00,0x00,0x00,0x07,
0x42,0x00,0x10,0x00,0x02,0x00,0x00,0x00,0x3a,0x00,0x10,0x00,0x02,0x00,0x00,0x00,
0x2a,0x00,0x10,0x00,0x02,0x00,0x00,0x00,0x31,0x00,0x00,0x07,0x82,0x00,0x10,0x00,
0x02,0x00,0x00,0x00,0x01,0x40,0x00,0x00,0x00,0x00,0x00,0x00,0x2a,0x00,0x10,0x00,
0x08,0x00,0x00,0x00,0x01,0x00,0x00,0x07,0x82,0x00,0x10,0x00,0x02,0x00,0x00,0x00,
0x3a,0x00,0x10,0x00,0x02,0x00,0x00,0x00,0x01,0x40,0x00,0x00,0x00,0x00,0x80,0x3f,
0x32,0x00,0x00,0x09,0xf2,0x00,0x10,0x00,0x06,0x00,0x00,0x00,0x46,0x0e,0x10,0x00,
0x08,0x00,0x00,0x00,0xf6,0x0f,0x10,0x00,0x02,0x00,0x00,0x00,0x46,0x0e,0x10,0x00,
0x06,0x00,0x00,0x00,0x00,0x00,0x00,0x07,0x42,0x00,0x10,0x00,0x02,0x00,0x00,0x00,
0x3a,0x00,0x10,0x00,0x02,0x00,0x00,0x00,0x2a,0x00,0x10,0x00,0x02,0x00,0x00,0x00,
0x31,0x00,0x00,0x07,0x82,0x00,0x10,0x00,0x02,0x00,0x00,0x00,0x01,0x40,0x00,0x00,
0x00,0x00,0x00,0x00,0x2a,0x00,0x10,0x00,0x09,0x00,0x00,0x00,0x01,0x00,0x00,0x07,
0x82,0x00,0x10,0x00,0x02,0x00,0x00,0x00,0x3a,0x00,0x10,0x00,0x02,0x00,0x00,0x00,
0x01,0x40,0x00,0x00,0x00,0x00,0x80,0x3f,0x32,0x00,0x00,0x09,0xf2,0x00,0x10,0x00,
0x06,0x00,0x00,0x00,0x46,0x0e,0x10,0x00,0x09,0x00,0x00,0x00,0xf6,0x0f,0x10,0x00,
0x02,0x00,0x00,0x00,0x46,0x0e,0x10,0x00,0x06,0x00,0x00,0x00,0x00,0x00,0x00,0x07,
0x42,0x00,0x10,0x00,0x02,0x00,0x00,0x00,0x3a,0x00,0x10,0x00,0x02,0x00,0x00,0x00,
0x2a,0x00,0x10,0x00,0x02,0x00,0x00,0x00,0x31,0x00,0x00,0x07,0x82,0x00,0x10,0x00,
0x02,0x00,0x00,0x00,0x01,0x40,0x00,0x00,0x6f,0x12,0x83,0x3a,0x2a,0x00,0x10,0x00,
0x02,0x00,0x00,0x00,0x37,0x00,0x00,0x09,0x42,0x00,0x10,0x00,0x02,0x00,0x00,0x00,
0x3a,0x00,0x10,0x00,0x02,0x00,0x00,0x00,0x2a,0x00,0x10,0x00,0x02,0x00,0x00,0x00,
0x01,0x40,0x00,0x00,0x00,0x00,0x80,0x3f,0x0e,0x00,0x00,0x07,0xf2,0x00,0x10,0x00,
0x06,0x00,0x00,0x00,0x46,0x0e,0x10,0x00,0x06,0x00,0x00,0x00,0xa6,0x0a,0x10,0x00,
0x02,0x00,0x00,0x00,0x29,0x00,0x00,0x0a,0xf2,0x00,0x10,0x00,0x07,0x00,0x00,0x00,
0xc6,0x0f,0x10,0x00,0x00,0x00,0x00,0x00,0x02,0x40,0x00,0x00,0x01,0x00,0x00,0x00,
0x01,0x00,0x00,0x00,0x01,0x00,0x00,0x00,0x01,0x00,0x00,0x00,0x1e,0x00,0x00,0x07,
0xf2,0x00,0x10,0x00,0x07,0x00,0x00,0x00,0x96,0x0a,0x10,0x00,0x03,0x00,0x00,0x00,
0x46,0x0e,0x10,0x00,0x07,0x00,0x00,0x00,0xa4,0x00,0x00,0x07,0xf2,0xe0,0x11,0x00,
0x05,0x00,0x00,0x00,0x46,0x0e,0x10,0x00,0x07,0x00,0x00,0x00,0x46,0x0e,0x10,0x00,
0x06,0x00,0x00,0x00,0x1e,0x00,0x00,0x07,0x42,0x00,0x10,0x00,0x02,0x00,0x00,0x00,
0x1a,0x00,0x10,0x00,0x03,0x00,0x00,0x00,0x1a,0x00,0x10,0x00,0x04,0x00,0x00,0x00,
0xa8,0x00,0x00,0x09,0x12,0xf0,0x11,0x00,0x01,0x00,0x00,0x00,0x2a,0x00,0x10,0x00,
0x02,0x00,0x00,0x00,0x01,0x40,0x00,0x00,0x00,0x00,0x00,0x00,0x0a,0x00,0x10,0x00,
0x06,0x00,0x00,0x00,0xa8,0x00,0x00,0x09,0x12,0xf0,0x11,0x00,0x02,0x00,0x00,0x00,
0x2a,0x00,0x10,0x00,0x02,0x00,0x00,0x00,0x01,0x40,0x00,0x00,0x00,0x00,0x00,0x00,
0x1a,0x00,0x10,0x00,0x06,0x00,0x00,0x00,0xa8,0x00,0x00,0x09,0x12,0xf0,0x11,0x00,
0x03,0x00,0x00,0x00,0x2a,0x00,0x10,0x00,0x02,0x00,0x00,0x00,0x01,0x40,0x00,0x00,
0x00,0x00,0x00,0x00,0x2a,0x00,0x10,0x00,0x06,0x00,0x00,0x00,0xa8,0x00,0x00,0x09,
0x12,0xf0,0x11,0x00,0x04,0x00,0x00,0x00,0x2a,0x00,0x10,0x00,0x02,0x00,0x00,0x00,
0x01,0x40,0x00,0x00,0x00,0x00,0x00,0x00,0x3a,0x00,0x10,0x00,0x06,0x00,0x00,0x00,
0x15,0x00,0x00,0x01,0x4f,0x00,0x00,0x08,0x42,0x00,0x10,0x00,0x02,0x00,0x00,0x00,
0x01,0x40,0x00,0x00,0x05,0x00,0x00,0x00,0x0a,0x80,0x20,0x00,0x01,0x00,0x00,0x00,
0x00,0x00,0x00,0x00,0x1f,0x00,0x04,0x03,0x2a,0x00,0x10,0x00,0x02,0x00,0x00,0x00,
0xbe,0x10,0x00,0x01,0x4f,0x00,0x00,0x06,0x42,0x00,0x10,0x00,0x02,0x00,0x00,0x00,
0x0a,0x40,0x02,0x00,0x01,0x40,0x00,0x00,0x01,0x00,0x00,0x00,0x1f,0x00,0x04,0x03,
0x2a,0x00,0x10,0x00,0x02,0x00,0x00,0x00,0xa7,0x00,0x00,0x09,0x12,0x00,0x10,0x00,
0x06,0x00,0x00,0x00,0x01,0x40,0x00,0x00,0x00,0x00,0x00,0x00,0x01,0x40,0x00,0x00,
0x00,0x00,0x00,0x00,0x06,0xf0,0x11,0x00,0x01,0x00,0x00,0x00,0xa7,0x00,0x00,0x09,
0x22,0x00,0x10,0x00,0x06,0x00,0x00,0x00,0x01,0x40,0x00,0x00,0x00,0x00,0x00,0x00,
0x01,0x40,0x00,0x00,0x00,0x00,0x00,0x00,0x06,0xf0,0x11,0x00,0x02,0x00,0x00,0x00,
0xa7,0x00,0x00,0x09,0x42,0x00,0x10,0x00,0x06,0x00,0x00,0x00,0x01,0x40,0x00,0x00,
0x00,0x00,0x00,0x00,0x01,0x40,0x00,0x00,0x00,0x00,0x00,0x00,0x06,0xf0,0x11,0x00,
0x03,0x00,0x00,0x00,0xa7,0x00,0x00,0x09,0x82,0x00,0x10,0x00,0x06,0x00,0x00,0x00,
0x01,0x40,0x00,0x00,0x00,0x00,0x00,0x00,0x01,0x40,0x00,0x00,0x00,0x00,0x00,0x00,
0x06,0xf0,0x11,0x00,0x04,0x00,0x00,0x00,0xa7,0x00,0x00,0x09,0x12,0x00,0x10,0x00,
0x07,0x00,0x00,0x00,0x01,0x40,0x00,0x00,0x01,0x00,0x00,0x00,0x01,0x40,0x00,0x00,
0x00,0x00,0x00,0x00,0x06,0xf0,0x11,0x00,0x01,0x00,0x00,0x00,0xa7,0x00,0x00,0x09,
0x22,0x00,0x10,0x00,0x07,0x00,0x00,0x00,0x01,0x40,0x00,0x00,0x01,0x00,0x00,0x00,
0x01,0x40,0x00,0x00,0x00,0x00,0x00,0x00,0x06,0xf0,0x11,0x00,0x02,0x00,0x00,0x00,
0xa7,0x00,0x00,0x09,0x42,0x00,0x10,0x00,0x07,0x00,0x00,0x00,0x01,0x40,0x00,0x00,
0x01,0x00,0x00,0x00,0x01,0x40,0x00,0x00,0x00,0x00,0x00,0x00,0x06,0xf0,0x11,0x00,
0x03,0x00,0x00,0x00,0xa7,0x00,0x00,0x09,0x82,0x00,0x10,0x00,0x07,0x00,0x00,0x00,
0x01,0x40,0x00,0x00,0x01,0x00,0x00,0x00,0x01,0x40,0x00,0x00,0x00,0x00,0x00,0x00,
0x06,0xf0,0x11,0x00,0x04,0x00,0x00,0x00,0xa7,0x00,0x00,0x09,0x12,0x00,0x10,0x00,
0x08,0x00,0x00,0x00,0x01,0x40,0x00,0x00,0x02,0x00,0x00,0x00,0x01,0x40,0x00,0x00,
0x00,0x00,0x00,0x00,0x06,0xf0,0x11,0x00,0x01,0x00,0x00,0x00,0xa7,0x00,0x00,0x09,
0x22,0x00,0x10,0x00,0x08,0x00,0x00,0x00,0x01,0x40,0x00,0x00,0x02,0x00,0x00,0x00,
0x01,0x40,0x00,0x00,0x00,0x00,0x00,0x00,0x06,0xf0,0x11,0x00,0x02,0x00,0x00,0x00,
0xa7,0x00,0x00,0x09,0x42,0x00,0x10,0x00,0x08,0x00,0x00,0x00,0x01,0x40,0x00,0x00,
0x02,0x00,0x00,0x00,0x01,0x40,0x00,0x00,0x00,0x00,0x00,0x00,0x06,0xf0,0x11,0x00,
0x03,0x00,0x00,0x00,0xa7,0x00,0x00,0x09,0x82,0x00,0x10,0x00,0x08,0x00,0x00,0x00,
0x01,0x40,0x00,0x00,0x02,0x00,0x00,0x00,0x01,0x40,0x00,0x00,0x00,0x00,0x00,0x00,
0x06,0xf0,0x11,0x00,0x04,0x00,0x00,0x00,0xa7,0x00,0x00,0x09,0x12,0x00,0x10,0x00,
0x09,0x00,0x00,0x00,0x01,0x40,0x00,0x00,0x03,0x00,0x00,0x00,0x01,0x40,0x00,0x00,
0x00,0x00,0x00,0x00,0x06,0xf0,0x11,0x00,0x01,0x00,0x00,0x00,0xa7,0x00,0x00,0x09,
0x22,0x00,0x10,0x00,0x09,0x00,0x00,0x00,0x01,0x40,0x00,0x00,0x03,0x00,0x00,0x00,
0x01,0x40,0x00,0x00,0x00,0x00,0x00,0x00,0x06,0xf0,0x11,0x00,0x02,0x00,0x00,0x00,
0xa7,0x00,0x00,0x09,0x42,0x00,0x10,0x00,0x09,0x00,0x00,0x00,0x01,0x40,0x00,0x00,
0x03,0x00,0x00,0x00,0x01,0x40,0x00,0x00,0x00,0x00,0x00,0x00,0x06,0xf0,0x11,0x00,
0x03,0x00,0x00,0x00,0xa7,0x00,0x00,0x09,0x82,0x00,0x10,0x00,0x09,0x00,0x00,0x00,
0x01,0x40,0x00,0x00,0x03,0x00,0x00,0x00,0x01,0x40,0x00,0x00,0x00,0x00,0x00,0x00,
0x06,0xf0,0x11,0x00,0x04,0x00,0x00,0x00,0x31,0x00,0x00,0x07,0x42,0x00,0x10,0x00,
0x02,0x00,0x00,0x00,0x01,0x40,0x00,0x00,0x00,0x00,0x00,0x00,0x2a,0x00,0x10,0x00,
0x06,0x00,0x00,0x00,0x31,0x00,0x00,0x07,0x82,0x00,0x10,0x00,0x02,0x00,0x00,0x00,
0x01,0x40,0x00,0x00,0x00,0x00,0x00,0x00,0x2a,0x00,0x10,0x00,0x07,0x00,0x00,0x00,
0x01,0x00,0x00,0x0a,0xc2,0x00,0x10,0x00,0x02,0x00,0x00,0x00,0xa6,0x0e,0x10,0x00,
0x02,0x00,0x00,0x00,0x02,0x40,0x00,0x00,0x00,0x00,0x00,0x00,0x00,0x00,0x00,0x00,
0x00,0x00,0x80,0x3f,0x00,0x00,0x80,0x3f,0x38,0x00,0x00,0x07,0xf2,0x00,0x10,0x00,
0x07,0x00,0x00,0x00,0xf6,0x0f,0x10,0x00,0x02,0x00,0x00,0x00,0x46,0x0e,0x10,0x00,
0x07,0x00,0x00,0x00,0x32,0x00,0x00,0x09,0xf2,0x00,0x10,0x00,0x06,0x00,0x00,0x00,
0x46,0x0e,0x10,0x00,0x06,0x00,0x00,0x00,0xa6,0x0a,0x10,0x00,0x02,0x00,0x00,0x00,
0x46,0x0e,0x10,0x00,0x07,0x00,0x00,0x00,0x00,0x00,0x00,0x07,0x42,0x00,0x10,0x00,
0x02,0x00,0x00,0x00,0x3a,0x00,0x10,0x00,0x02,0x00,0x00,0x00,0x2a,0x00,0x10,0x00,
0x02,0x00,0x00,0x00,0x31,0x00,0x00,0x07,0x82,0x00,0x10,0x00,0x02,0x00,0x00,0x00,
0x01,0x40,0x00,0x00,0x00,0x00,0x00,0x00,0x2a,0x00,0x10,0x00,0x08,0x00,0x00,0x00,
0x01,0x00,0x00,0x07,0x82,0x00,0x10,0x00,0x02,0x00,0x00,0x00,0x3a,0x00,0x10,0x00,
0x02,0x00,0x00,0x00,0x01,0x40,0x00,0x00,0x00,0x00,0x80,0x3f,0x32,0x00,0x00,0x09,
0xf2,0x00,0x10,0x00,0x06,0x00,0x00,0x00,0x46,0x0e,0x10,0x00,0x08,0x00,0x00,0x00,
0xf6,0x0f,0x10,0x00,0x02,0x00,0x00,0x00,0x46,0x0e,0x10,0x00,0x06,0x00,0x00,0x00,
0x00,0x00,0x00,0x07,0x42,0x00,0x10,0x00,0x02,0x00,0x00,0x00,0x3a,0x00,0x10,0x00,
0x02,0x00,0x00,0x00,0x2a,0x00,0x10,0x00,0x02,0x00,0x00,0x00,0x31,0x00,0x00,0x07,
0x82,0x00,0x10,0x00,0x02,0x00,0x00,0x00,0x01,0x40,0x00,0x00,0x00,0x00,0x00,0x00,
0x2a,0x00,0x10,0x00,0x09,0x00,0x00,0x00,0x01,0x00,0x00,0x07,0x82,0x00,0x10,0x00,
0x02,0x00,0x00,0x00,0x3a,0x00,0x10,0x00,0x02,0x00,0x00,0x00,0x01,0x40,0x00,0x00,
0x00,0x00,0x80,0x3f,0x32,0x00,0x00,0x09,0xf2,0x00,0x10,0x00,0x06,0x00,0x00,0x00,
0x46,0x0e,0x10,0x00,0x09,0x00,0x00,0x00,0xf6,0x0f,0x10,0x00,0x02,0x00,0x00,0x00,
0x46,0x0e,0x10,0x00,0x06,0x00,0x00,0x00,0x00,0x00,0x00,0x07,0x42,0x00,0x10,0x00,
0x02,0x00,0x00,0x00,0x3a,0x00,0x10,0x00,0x02,0x00,0x00,0x00,0x2a,0x00,0x10,0x00,
0x02,0x00,0x00,0x00,0x31,0x00,0x00,0x07,0x82,0x00,0x10,0x00,0x02,0x00,0x00,0x00,
0x01,0x40,0x00,0x00,0x6f,0x12,0x83,0x3a,0x2a,0x00,0x10,0x00,0x02,0x00,0x00,0x00,
0x37,0x00,0x00,0x09,0x42,0x00,0x10,0x00,0x02,0x00,0x00,0x00,0x3a,0x00,0x10,0x00,
0x02,0x00,0x00,0x00,0x2a,0x00,0x10,0x00,0x02,0x00,0x00,0x00,0x01,0x40,0x00,0x00,
0x00,0x00,0x80,0x3f,0x0e,0x00,0x00,0x07,0xf2,0x00,0x10,0x00,0x06,0x00,0x00,0x00,
0x46,0x0e,0x10,0x00,0x06,0x00,0x00,0x00,0xa6,0x0a,0x10,0x00,0x02,0x00,0x00,0x00,
0xa4,0x00,0x00,0x07,0xf2,0xe0,0x11,0x00,0x06,0x00,0x00,0x00,0x46,0x0e,0x10,0x00,
0x00,0x00,0x00,0x00,0x46,0x0e,0x10,0x00,0x06,0x00,0x00,0x00,0x15,0x00,0x00,0x01,
0x15,0x00,0x00,0x01,0x15,0x00,0x00,0x01,0x15,0x00,0x00,0x01,0x15,0x00,0x00,0x01,
0x1f,0x00,0x04,0x03,0x2a,0x00,0x10,0x00,0x05,0x00,0x00,0x00,0x1f,0x00,0x00,0x02,
0x0a,0x40,0x02,0x00,0xb4,0x00,0x00,0x0c,0x12,0x00,0x10,0x00,0x00,0x00,0x00,0x00,
0x00,0xe0,0x11,0x00,0x00,0x00,0x00,0x00,0x02,0x40,0x00,0x00,0x00,0x00,0x00,0x00,
0x00,0x00,0x00,0x00,0x00,0x00,0x00,0x00,0x00,0x00,0x00,0x00,0x01,0x40,0x00,0x00,
0x01,0x00,0x00,0x00,0xa6,0x00,0x00,0x07,0x12,0xf0,0x11,0x00,0x00,0x00,0x00,0x00,
0x01,0x40,0x00,0x00,0x00,0x00,0x00,0x00,0x0a,0x00,0x10,0x00,0x00,0x00,0x00,0x00,
0x15,0x00,0x00,0x01,0xbe,0x10,0x00,0x01,0xa5,0x00,0x00,0x07,0x12,0x00,0x10,0x00,
0x00,0x00,0x00,0x00,0x01,0x40,0x00,0x00,0x00,0x00,0x00,0x00,0x06,0xf0,0x11,0x00,
0x00,0x00,0x00,0x00,0x1e,0x00,0x00,0x08,0x22,0x00,0x10,0x00,0x00,0x00,0x00,0x00,
0x1a,0x80,0x20,0x00,0x01,0x00,0x00,0x00,0x00,0x00,0x00,0x00,0x01,0x40,0x00,0x00,
0xff,0xff,0xff,0xff,0x20,0x00,0x00,0x07,0x12,0x00,0x10,0x00,0x00,0x00,0x00,0x00,
0x1a,0x00,0x10,0x00,0x00,0x00,0x00,0x00,0x0a,0x00,0x10,0x00,0x00,0x00,0x00,0x00,
0x1f,0x00,0x04,0x03,0x0a,0x00,0x10,0x00,0x00,0x00,0x00,0x00,0xa8,0x00,0x00,0x09,
0x12,0xe0,0x11,0x00,0x00,0x00,0x00,0x00,0x01,0x40,0x00,0x00,0x00,0x00,0x00,0x00,
0x01,0x40,0x00,0x00,0x00,0x00,0x00,0x00,0x01,0x40,0x00,0x00,0x00,0x00,0x00,0x00,
0x29,0x00,0x00,0x07,0x12,0x00,0x10,0x00,0x00,0x00,0x00,0x00,0x1a,0x00,0x10,0x00,
0x01,0x00,0x00,0x00,0x01,0x40,0x00,0x00,0x02,0x00,0x00,0x00,0x8c,0x00,0x00,0x0a,
0x12,0x00,0x10,0x00,0x00,0x00,0x00,0x00,0x01,0x40,0x00,0x00,0x01,0x00,0x00,0x00,
0x01,0x40,0x00,0x00,0x02,0x00,0x00,0x00,0x0a,0x40,0x02,0x00,0x0a,0x00,0x10,0x00,
0x00,0x00,0x00,0x00,0x23,0x00,0x00,0x09,0x22,0x00,0x10,0x00,0x00,0x00,0x00,0x00,
0x3a,0x00,0x10,0x00,0x01,0x00,0x00,0x00,0x01,0x40,0x00,0x00,0x20,0x00,0x00,0x00,
0x0a,0x00,0x10,0x00,0x00,0x00,0x00,0x00,0x29,0x00,0x00,0x07,0x42,0x00,0x10,0x00,
0x02,0x00,0x00,0x00,0x2a,0x00,0x10,0x00,0x01,0x00,0x00,0x00,0x01,0x40,0x00,0x00,
0x02,0x00,0x00,0x00,0x8c,0x00,0x00,0x0b,0x82,0x00,0x10,0x00,0x02,0x00,0x00,0x00,
0x01,0x40,0x00,0x00,0x02,0x00,0x00,0x00,0x01,0x40,0x00,0x00,0x02,0x00,0x00,0x00,
0x0a,0x00,0x10,0x00,0x01,0x00,0x00,0x00,0x2a,0x00,0x10,0x00,0x02,0x00,0x00,0x00,
0x23,0x00,0x00,0x09,0x42,0x00,0x10,0x00,0x00,0x00,0x00,0x00,0x0a,0x00,0x10,0x00,
0x02,0x00,0x00,0x00,0x01,0x40,0x00,0x00,0x20,0x00,0x00,0x00,0x3a,0x00,0x10,0x00,
0x02,0x00,0x00,0x00,0x1e,0x00,0x00,0x0a,0xf2,0x00,0x10,0x00,0x05,0x00,0x00,0x00,
0x96,0x0a,0x10,0x00,0x00,0x00,0x00,0x00,0x02,0x40,0x00,0x00,0x00,0x00,0x00,0x00,
0x01,0x00,0x00,0x00,0x01,0x00,0x00,0x00,0x01,0x00,0x00,0x00,0x1e,0x00,0x00,0x0a,
0xf2,0x00,0x10,0x00,0x06,0x00,0x00,0x00,0x96,0x0a,0x10,0x00,0x00,0x00,0x00,0x00,
0x02,0x40,0x00,0x00,0x01,0x00,0x00,0x00,0x00,0x00,0x00,0x00,0x00,0x00,0x00,0x00,
0x00,0x00,0x00,0x00,0x1e,0x00,0x00,0x0a,0xf2,0x00,0x10,0x00,0x07,0x00,0x00,0x00,
0x96,0x0a,0x10,0x00,0x00,0x00,0x00,0x00,0x02,0x40,0x00,0x00,0x01,0x00,0x00,0x00,
0x01,0x00,0x00,0x00,0x01,0x00,0x00,0x00,0x01,0x00,0x00,0x00,0xa3,0x00,0x00,0x89,
0xc2,0x00,0x00,0x80,0x43,0x55,0x15,0x00,0xf2,0x00,0x10,0x00,0x08,0x00,0x00,0x00,
0x96,0x0a,0x10,0x00,0x00,0x00,0x00,0x00,0x46,0xee,0x11,0x00,0x06,0x00,0x00,0x00,
0xa3,0x00,0x00,0x89,0xc2,0x00,0x00,0x80,0x43,0x55,0x15,0x00,0xf2,0x00,0x10,0x00,
0x05,0x00,0x00,0x00,0x46,0x0e,0x10,0x00,0x05,0x00,0x00,0x00,0x46,0xee,0x11,0x00,
0x06,0x00,0x00,0x00,0xa3,0x00,0x00,0x89,0xc2,0x00,0x00,0x80,0x43,0x55,0x15,0x00,
0xf2,0x00,0x10,0x00,0x06,0x00,0x00,0x00,0x46,0x0e,0x10,0x00,0x06,0x00,0x00,0x00,
0x46,0xee,0x11,0x00,0x06,0x00,0x00,0x00,0xa3,0x00,0x00,0x89,0xc2,0x00,0x00,0x80,
0x43,0x55,0x15,0x00,0xf2,0x00,0x10,0x00,0x07,0x00,0x00,0x00,0x46,0x0e,0x10,0x00,
0x07,0x00,0x00,0x00,0x46,0xee,0x11,0x00,0x06,0x00,0x00,0x00,0x31,0x00,0x00,0x07,
0x82,0x00,0x10,0x00,0x02,0x00,0x00,0x00,0x01,0x40,0x00,0x00,0x00,0x00,0x00,0x00,
0x2a,0x00,0x10,0x00,0x08,0x00,0x00,0x00,0x01,0x00,0x00,0x07,0x82,0x00,0x10,0x00,
0x02,0x00,0x00,0x00,0x3a,0x00,0x10,0x00,0x02,0x00,0x00,0x00,0x01,0x40,0x00,0x00,
0x00,0x00,0x80,0x3f,0x31,0x00,0x00,0x07,0x12,0x00,0x10,0x00,0x03,0x00,0x00,0x00,
0x01,0x40,0x00,0x00,0x00,0x00,0x00,0x00,0x2a,0x00,0x10,0x00,0x05,0x00,0x00,0x00,
0x01,0x00,0x00,0x07,0x12,0x00,0x10,0x00,0x03,0x00,0x00,0x00,0x0a,0x00,0x10,0x00,
0x03,0x00,0x00,0x00,0x01,0x40,0x00,0x00,0x00,0x00,0x80,0x3f,0x38,0x00,0x00,0x07,
0xf2,0x00,0x10,0x00,0x05,0x00,0x00,0x00,0x06,0x00,0x10,0x00,0x03,0x00,0x00,0x00,
0x46,0x0e,0x10,0x00,0x05,0x00,0x00,0x00,0x32,0x00,0x00,0x09,0xf2,0x00,0x10,0x00,
0x05,0x00,0x00,0x00,0x46,0x0e,0x10,0x00,0x08,0x00,0x00,0x00,0xf6,0x0f,0x10,0x00,
0x02,0x00,0x00,0x00,0x46,0x0e,0x10,0x00,0x05,0x00,0x00,0x00,0x00,0x00,0x00,0x07,
0x82,0x00,0x10,0x00,0x02,0x00,0x00,0x00,0x3a,0x00,0x10,0x00,0x02,0x00,0x00,0x00,
0x0a,0x00,0x10,0x00,0x03,0x00,0x00,0x00,0x31,0x00,0x00,0x07,0x12,0x00,0x10,0x00,
0x03,0x00,0x00,0x00,0x01,0x40,0x00,0x00,0x00,0x00,0x00,0x00,0x2a,0x00,0x10,0x00,
0x06,0x00,0x00,0x00,0x01,0x00,0x00,0x07,0x12,0x00,0x10,0x00,0x03,0x00,0x00,0x00,
0x0a,0x00,0x10,0x00,0x03,0x00,0x00,0x00,0x01,0x40,0x00,0x00,0x00,0x00,0x80,0x3f,
0x32,0x00,0x00,0x09,0xf2,0x00,0x10,0x00,0x05,0x00,0x00,0x00,0x46,0x0e,0x10,0x00,
0x06,0x00,0x00,0x00,0x06,0x00,0x10,0x00,0x03,0x00,0x00,0x00,0x46,0x0e,0x10,0x00,
0x05,0x00,0x00,0x00,0x00,0x00,0x00,0x07,0x82,0x00,0x10,0x00,0x02,0x00,0x00,0x00,
0x3a,0x00,0x10,0x00,0x02,0x00,0x00,0x00,0x0a,0x00,0x10,0x00,0x03,0x00,0x00,0x00,
0x31,0x00,0x00,0x07,0x12,0x00,0x10,0x00,0x03,0x00,0x00,0x00,0x01,0x40,0x00,0x00,
0x00,0x00,0x00,0x00,0x2a,0x00,0x10,0x00,0x07,0x00,0x00,0x00,0x01,0x00,0x00,0x07,
0x12,0x00,0x10,0x00,0x03,0x00,0x00,0x00,0x0a,0x00,0x10,0x00,0x03,0x00,0x00,0x00,
0x01,0x40,0x00,0x00,0x00,0x00,0x80,0x3f,0x32,0x00,0x00,0x09,0xf2,0x00,0x10,0x00,
0x05,0x00,0x00,0x00,0x46,0x0e,0x10,0x00,0x07,0x00,0x00,0x00,0x06,0x00,0x10,0x00,
0x03,0x00,0x00,0x00,0x46,0x0e,0x10,0x00,0x05,0x00,0x00,0x00,0x00,0x00,0x00,0x07,
0x82,0x00,0x10,0x00,0x02,0x00,0x00,0x00,0x3a,0x00,0x10,0x00,0x02,0x00,0x00,0x00,
0x0a,0x00,0x10,0x00,0x03,0x00,0x00,0x00,0x31,0x00,0x00,0x07,0x12,0x00,0x10,0x00,
0x03,0x00,0x00,0x00,0x01,0x40,0x00,0x00,0x6f,0x12,0x83,0x3a,0x3a,0x00,0x10,0x00,
0x02,0x00,0x00,0x00,0x37,0x00,0x00,0x09,0x82,0x00,0x10,0x00,0x02,0x00,0x00,0x00,
0x0a,0x00,0x10,0x00,0x03,0x00,0x00,0x00,0x3a,0x00,0x10,0x00,0x02,0x00,0x00,0x00,
0x01,0x40,0x00,0x00,0x00,0x00,0x80,0x3f,0x0e,0x00,0x00,0x07,0xf2,0x00,0x10,0x00,
0x05,0x00,0x00,0x00,0x46,0x0e,0x10,0x00,0x05,0x00,0x00,0x00,0xf6,0x0f,0x10,0x00,
0x02,0x00,0x00,0x00,0xa4,0x00,0x00,0x07,0xf2,0xe0,0x11,0x00,0x07,0x00,0x00,0x00,
0x76,0x05,0x10,0x00,0x04,0x00,0x00,0x00,0x46,0x0e,0x10,0x00,0x05,0x00,0x00,0x00,
0x23,0x00,0x00,0x0f,0x92,0x00,0x10,0x00,0x00,0x00,0x00,0x00,0x56,0x09,0x10,0x00,
0x03,0x00,0x00,0x00,0x02,0x40,0x00,0x00,0x04,0x00,0x00,0x00,0x00,0x00,0x00,0x00,
0x00,0x00,0x00,0x00,0x04,0x00,0x00,0x00,0x02,0x40,0x00,0x00,0x02,0x00,0x00,0x00,
0x00,0x00,0x00,0x00,0x00,0x00,0x00,0x00,0x02,0x00,0x00,0x00,0x1e,0x00,0x00,0x0a,
0x52,0x00,0x10,0x00,0x04,0x00,0x00,0x00,0xf6,0x0d,0x10,0x00,0x04,0x00,0x00,0x00,
0x02,0x40,0x00,0x00,0x01,0x00,0x00,0x00,0x00,0x00,0x00,0x00,0x01,0x00,0x00,0x00,
0x00,0x00,0x00,0x00,0x1e,0x00,0x00,0x0a,0xf2,0x00,0x10,0x00,0x06,0x00,0x00,0x00,
0x86,0x0a,0x10,0x00,0x00,0x00,0x00,0x00,0x02,0x40,0x00,0x00,0x00,0x00,0x00,0x00,
0x01,0x00,0x00,0x00,0x01,0x00,0x00,0x00,0x01,0x00,0x00,0x00,0x1e,0x00,0x00,0x0a,
0xf2,0x00,0x10,0x00,0x07,0x00,0x00,0x00,0x86,0x0a,0x10,0x00,0x00,0x00,0x00,0x00,
0x02,0x40,0x00,0x00,0x01,0x00,0x00,0x00,0x00,0x00,0x00,0x00,0x00,0x00,0x00,0x00,
0x00,0x00,0x00,0x00,0x1e,0x00,0x00,0x0a,0xf2,0x00,0x10,0x00,0x08,0x00,0x00,0x00,
0x86,0x0a,0x10,0x00,0x00,0x00,0x00,0x00,0x02,0x40,0x00,0x00,0x01,0x00,0x00,0x00,
0x01,0x00,0x00,0x00,0x01,0x00,0x00,0x00,0x01,0x00,0x00,0x00,0xa3,0x00,0x00,0x89,
0xc2,0x00,0x00,0x80,0x43,0x55,0x15,0x00,0xf2,0x00,0x10,0x00,0x09,0x00,0x00,0x00,
0x86,0x0a,0x10,0x00,0x00,0x00,0x00,0x00,0x46,0xee,0x11,0x00,0x06,0x00,0x00,0x00,
0xa3,0x00,0x00,0x89,0xc2,0x00,0x00,0x80,0x43,0x55,0x15,0x00,0xf2,0x00,0x10,0x00,
0x06,0x00,0x00,0x00,0x46,0x0e,0x10,0x00,0x06,0x00,0x00,0x00,0x46,0xee,0x11,0x00,
0x06,0x00,0x00,0x00,0xa3,0x00,0x00,0x89,0xc2,0x00,0x00,0x80,0x43,0x55,0x15,0x00,
0xf2,0x00,0x10,0x00,0x07,0x00,0x00,0x00,0x46,0x0e,0x10,0x00,0x07,0x00,0x00,0x00,
0x46,0xee,0x11,0x00,0x06,0x00,0x00,0x00,0xa3,0x00,0x00,0x89,0xc2,0x00,0x00,0x80,
0x43,0x55,0x15,0x00,0xf2,0x00,0x10,0x00,0x08,0x00,0x00,0x00,0x46,0x0e,0x10,0x00,
0x08,0x00,0x00,0x00,0x46,0xee,0x11,0x00,0x06,0x00,0x00,0x00,0x31,0x00,0x00,0x07,
0x82,0x00,0x10,0x00,0x02,0x00,0x00,0x00,0x01,0x40,0x00,0x00,0x00,0x00,0x00,0x00,
0x2a,0x00,0x10,0x00,0x09,0x00,0x00,0x00,0x01,0x00,0x00,0x07,0x82,0x00,0x10,0x00,
0x02,0x00,0x00,0x00,0x3a,0x00,0x10,0x00,0x02,0x00,0x00,0x00,0x01,0x40,0x00,0x00,
0x00,0x00,0x80,0x3f,0x31,0x00,0x00,0x07,0x12,0x00,0x10,0x00,0x03,0x00,0x00,0x00,
0x01,0x40,0x00,0x00,0x00,0x00,0x00,0x00,0x2a,0x00,0x10,0x00,0x06,0x00,0x00,0x00,
0x01,0x00,0x00,0x07,0x12,0x00,0x10,0x00,0x03,0x00,0x00,0x00,0x0a,0x00,0x10,0x00,
0x03,0x00,0x00,0x00,0x01,0x40,0x00,0x00,0x00,0x00,0x80,0x3f,0x38,0x00,0x00,0x07,
0xf2,0x00,0x10,0x00,0x06,0x00,0x00,0x00,0x06,0x00,0x10,0x00,0x03,0x00,0x00,0x00,
0x46,0x0e,0x10,0x00,0x06,0x00,0x00,0x00,0x32,0x00,0x00,0x09,0xf2,0x00,0x10,0x00,
0x06,0x00,0x00,0x00,0x46,0x0e,0x10,0x00,0x09,0x00,0x00,0x00,0xf6,0x0f,0x10,0x00,
0x02,0x00,0x00,0x00,0x46,0x0e,0x10,0x00,0x06,0x00,0x00,0x00,0x00,0x00,0x00,0x07,
0x82,0x00,0x10,0x00,0x02,0x00,0x00,0x00,0x3a,0x00,0x10,0x00,0x02,0x00,0x00,0x00,
0x0a,0x00,0x10,0x00,0x03,0x00,0x00,0x00,0x31,0x00,0x00,0x07,0x12,0x00,0x10,0x00,
0x03,0x00,0x00,0x00,0x01,0x40,0x00,0x00,0x00,0x00,0x00,0x00,0x2a,0x00,0x10,0x00,
0x07,0x00,0x00,0x00,0x01,0x00,0x00,0x07,0x12,0x00,0x10,0x00,0x03,0x00,0x00,0x00,
0x0a,0x00,0x10,0x00,0x03,0x00,0x00,0x00,0x01,0x40,0x00,0x00,0x00,0x00,0x80,0x3f,
0x32,0x00,0x00,0x09,0xf2,0x00,0x10,0x00,0x06,0x00,0x00,0x00,0x46,0x0e,0x10,0x00,
0x07,0x00,0x00,0x00,0x06,0x00,0x10,0x00,0x03,0x00,0x00,0x00,0x46,0x0e,0x10,0x00,
0x06,0x00,0x00,0x00,0x00,0x00,0x00,0x07,0x82,0x00,0x10,0x00,0x02,0x00,0x00,0x00,
0x3a,0x00,0x10,0x00,0x02,0x00,0x00,0x00,0x0a,0x00,0x10,0x00,0x03,0x00,0x00,0x00,
0x31,0x00,0x00,0x07,0x12,0x00,0x10,0x00,0x03,0x00,0x00,0x00,0x01,0x40,0x00,0x00,
0x00,0x00,0x00,0x00,0x2a,0x00,0x10,0x00,0x08,0x00,0x00,0x00,0x01,0x00,0x00,0x07,
0x12,0x00,0x10,0x00,0x03,0x00,0x00,0x00,0x0a,0x00,0x10,0x00,0x03,0x00,0x00,0x00,
0x01,0x40,0x00,0x00,0x00,0x00,0x80,0x3f,0x32,0x00,0x00,0x09,0xf2,0x00,0x10,0x00,
0x06,0x00,0x00,0x00,0x46,0x0e,0x10,0x00,0x08,0x00,0x00,0x00,0x06,0x00,0x10,0x00,
0x03,0x00,0x00,0x00,0x46,0x0e,0x10,0x00,0x06,0x00,0x00,0x00,0x00,0x00,0x00,0x07,
0x82,0x00,0x10,0x00,0x02,0x00,0x00,0x00,0x3a,0x00,0x10,0x00,0x02,0x00,0x00,0x00,
0x0a,0x00,0x10,0x00,0x03,0x00,0x00,0x00,0x31,0x00,0x00,0x07,0x12,0x00,0x10,0x00,
0x03,0x00,0x00,0x00,0x01,0x40,0x00,0x00,0x6f,0x12,0x83,0x3a,0x3a,0x00,0x10,0x00,
0x02,0x00,0x00,0x00,0x37,0x00,0x00,0x09,0x82,0x00,0x10,0x00,0x02,0x00,0x00,0x00,
0x0a,0x00,0x10,0x00,0x03,0x00,0x00,0x00,0x3a,0x00,0x10,0x00,0x02,0x00,0x00,0x00,
0x01,0x40,0x00,0x00,0x00,0x00,0x80,0x3f,0x0e,0x00,0x00,0x07,0xf2,0x00,0x10,0x00,
0x06,0x00,0x00,0x00,0x46,0x0e,0x10,0x00,0x06,0x00,0x00,0x00,0xf6,0x0f,0x10,0x00,
0x02,0x00,0x00,0x00,0xa4,0x00,0x00,0x07,0xf2,0xe0,0x11,0x00,0x07,0x00,0x00,0x00,
0x46,0x05,0x10,0x00,0x04,0x00,0x00,0x00,0x46,0x0e,0x10,0x00,0x06,0x00,0x00,0x00,
0x1e,0x00,0x00,0x0a,0xf2,0x00,0x10,0x00,0x07,0x00,0x00,0x00,0xd6,0x0f,0x10,0x00,
0x00,0x00,0x00,0x00,0x02,0x40,0x00,0x00,0x00,0x00,0x00,0x00,0x01,0x00,0x00,0x00,
0x01,0x00,0x00,0x00,0x01,0x00,0x00,0x00,0x1e,0x00,0x00,0x0a,0xf2,0x00,0x10,0x00,
0x08,0x00,0x00,0x00,0xd6,0x0f,0x10,0x00,0x00,0x00,0x00,0x00,0x02,0x40,0x00,0x00,
0x01,0x00,0x00,0x00,0x00,0x00,0x00,0x00,0x00,0x00,0x00,0x00,0x00,0x00,0x00,0x00,
0x1e,0x00,0x00,0x0a,0xf2,0x00,0x10,0x00,0x09,0x00,0x00,0x00,0xd6,0x0f,0x10,0x00,
0x00,0x00,0x00,0x00,0x02,0x40,0x00,0x00,0x01,0x00,0x00,0x00,0x01,0x00,0x00,0x00,
0x01,0x00,0x00,0x00,0x01,0x00,0x00,0x00,0xa3,0x00,0x00,0x89,0xc2,0x00,0x00,0x80,
0x43,0x55,0x15,0x00,0xf2,0x00,0x10,0x00,0x0a,0x00,0x00,0x00,0xd6,0x0f,0x10,0x00,
0x00,0x00,0x00,0x00,0x46,0xee,0x11,0x00,0x06,0x00,0x00,0x00,0xa3,0x00,0x00,0x89,
0xc2,0x00,0x00,0x80,0x43,0x55,0x15,0x00,0xf2,0x00,0x10,0x00,0x07,0x00,0x00,0x00,
0x46,0x0e,0x10,0x00,0x07,0x00,0x00,0x00,0x46,0xee,0x11,0x00,0x06,0x00,0x00,0x00,
0xa3,0x00,0x00,0x89,0xc2,0x00,0x00,0x80,0x43,0x55,0x15,0x00,0xf2,0x00,0x10,0x00,
0x08,0x00,0x00,0x00,0x46,0x0e,0x10,0x00,0x08,0x00,0x00,0x00,0x46,0xee,0x11,0x00,
0x06,0x00,0x00,0x00,0xa3,0x00,0x00,0x89,0xc2,0x00,0x00,0x80,0x43,0x55,0x15,0x00,
0xf2,0x00,0x10,0x00,0x09,0x00,0x00,0x00,0x46,0x0e,0x10,0x00,0x09,0x00,0x00,0x00,
0x46,0xee,0x11,0x00,0x06,0x00,0x00,0x00,0x31,0x00,0x00,0x07,0x82,0x00,0x10,0x00,
0x02,0x00,0x00,0x00,0x01,0x40,0x00,0x00,0x00,0x00,0x00,0x00,0x2a,0x00,0x10,0x00,
0x0a,0x00,0x00,0x00,0x01,0x00,0x00,0x07,0x82,0x00,0x10,0x00,0x02,0x00,0x00,0x00,
0x3a,0x00,0x10,0x00,0x02,0x00,0x00,0x00,0x01,0x40,0x00,0x00,0x00,0x00,0x80,0x3f,
0x31,0x00,0x00,0x07,0x12,0x00,0x10,0x00,0x03,0x00,0x00,0x00,0x01,0x40,0x00,0x00,
0x00,0x00,0x00,0x00,0x2a,0x00,0x10,0x00,0x07,0x00,0x00,0x00,0x01,0x00,0x00,0x07,
0x12,0x00,0x10,0x00,0x03,0x00,0x00,0x00,0x0a,0x00,0x10,0x00,0x03,0x00,0x00,0x00,
0x01,0x40,0x00,0x00,0x00,0x00,0x80,0x3f,0x38,0x00,0x00,0x07,0xf2,0x00,0x10,0x00,
0x07,0x00,0x00,0x00,0x06,0x00,0x10,0x00,0x03,0x00,0x00,0x00,0x46,0x0e,0x10,0x00,
0x07,0x00,0x00,0x00,0x32,0x00,0x00,0x09,0xf2,0x00,0x10,0x00,0x07,0x00,0x00,0x00,
0x46,0x0e,0x10,0x00,0x0a,0x00,0x00,0x00,0xf6,0x0f,0x10,0x00,0x02,0x00,0x00,0x00,
0x46,0x0e,0x10,0x00,0x07,0x00,0x00,0x00,0x00,0x00,0x00,0x07,0x82,0x00,0x10,0x00,
0x02,0x00,0x00,0x00,0x3a,0x00,0x10,0x00,0x02,0x00,0x00,0x00,0x0a,0x00,0x10,0x00,
0x03,0x00,0x00,0x00,0x31,0x00,0x00,0x07,0x12,0x00,0x10,0x00,0x03,0x00,0x00,0x00,
0x01,0x40,0x00,0x00,0x00,0x00,0x00,0x00,0x2a,0x00,0x10,0x00,0x08,0x00,0x00,0x00,
0x01,0x00,0x00,0x07,0x12,0x00,0x10,0x00,0x03,0x00,0x00,0x00,0x0a,0x00,0x10,0x00,
0x03,0x00,0x00,0x00,0x01,0x40,0x00,0x00,0x00,0x00,0x80,0x3f,0x32,0x00,0x00,0x09,
0xf2,0x00,0x10,0x00,0x07,0x00,0x00,0x00,0x46,0x0e,0x10,0x00,0x08,0x00,0x00,0x00,
0x06,0x00,0x10,0x00,0x03,0x00,0x00,0x00,0x46,0x0e,0x10,0x00,0x07,0x00,0x00,0x00,
0x00,0x00,0x00,0x07,0x82,0x00,0x10,0x00,0x02,0x00,0x00,0x00,0x3a,0x00,0x10,0x00,
0x02,0x00,0x00,0x00,0x0a,0x00,0x10,0x00,0x03,0x00,0x00,0x00,0x31,0x00,0x00,0x07,
0x12,0x00,0x10,0x00,0x03,0x00,0x00,0x00,0x01,0x40,0x00,0x00,0x00,0x00,0x00,0x00,
0x2a,0x00,0x10,0x00,0x09,0x00,0x00,0x00,0x01,0x00,0x00,0x07,0x12,0x00,0x10,0x00,
0x03,0x00,0x00,0x00,0x0a,0x00,0x10,0x00,0x03,0x00,0x00,0x00,0x01,0x40,0x00,0x00,
0x00,0x00,0x80,0x3f,0x32,0x00,0x00,0x09,0xf2,0x00,0x10,0x00,0x07,0x00,0x00,0x00,
0x46,0x0e,0x10,0x00,0x09,0x00,0x00,0x00,0x06,0x00,0x10,0x00,0x03,0x00,0x00,0x00,
0x46,0x0e,0x10,0x00,0x07,0x00,0x00,0x00,0x00,0x00,0x00,0x07,0x82,0x00,0x10,0x00,
0x02,0x00,0x00,0x00,0x3a,0x00,0x10,0x00,0x02,0x00,0x00,0x00,0x0a,0x00,0x10,0x00,
0x03,0x00,0x00,0x00,0x31,0x00,0x00,0x07,0x12,0x00,0x10,0x00,0x03,0x00,0x00,0x00,
0x01,0x40,0x00,0x00,0x6f,0x12,0x83,0x3a,0x3a,0x00,0x10,0x00,0x02,0x00,0x00,0x00,
0x37,0x00,0x00,0x09,0x82,0x00,0x10,0x00,0x02,0x00,0x00,0x00,0x0a,0x00,0x10,0x00,
0x03,0x00,0x00,0x00,0x3a,0x00,0x10,0x00,0x02,0x00,0x00,0x00,0x01,0x40,0x00,0x00,
0x00,0x00,0x80,0x3f,0x0e,0x00,0x00,0x07,0xf2,0x00,0x10,0x00,0x07,0x00,0x00,0x00,
0x46,0x0e,0x10,0x00,0x07,0x00,0x00,0x00,0xf6,0x0f,0x10,0x00,0x02,0x00,0x00,0x00,
0xa4,0x00,0x00,0x07,0xf2,0xe0,0x11,0x00,0x07,0x00,0x00,0x00,0xb6,0x0a,0x10,0x00,
0x04,0x00,0x00,0x00,0x46,0x0e,0x10,0x00,0x07,0x00,0x00,0x00,0x3c,0x00,0x00,0x0a,
0xf2,0x00,0x10,0x00,0x08,0x00,0x00,0x00,0xc6,0x0f,0x10,0x00,0x00,0x00,0x00,0x00,
0x02,0x40,0x00,0x00,0x02,0x00,0x00,0x00,0x03,0x00,0x00,0x00,0x03,0x00,0x00,0x00,
0x03,0x00,0x00,0x00,0x3c,0x00,0x00,0x0a,0xf2,0x00,0x10,0x00,0x09,0x00,0x00,0x00,
0xc6,0x0f,0x10,0x00,0x00,0x00,0x00,0x00,0x02,0x40,0x00,0x00,0x03,0x00,0x00,0x00,
0x02,0x00,0x00,0x00,0x02,0x00,0x00,0x00,0x02,0x00,0x00,0x00,0x3c,0x00,0x00,0x0a,
0xf2,0x00,0x10,0x00,0x0a,0x00,0x00,0x00,0xc6,0x0f,0x10,0x00,0x00,0x00,0x00,0x00,
0x02,0x40,0x00,0x00,0x03,0x00,0x00,0x00,0x03,0x00,0x00,0x00,0x03,0x00,0x00,0x00,
0x03,0x00,0x00,0x00,0xa3,0x00,0x00,0x89,0xc2,0x00,0x00,0x80,0x43,0x55,0x15,0x00,
0xf2,0x00,0x10,0x00,0x0b,0x00,0x00,0x00,0xc6,0x0f,0x10,0x00,0x00,0x00,0x00,0x00,
0x46,0xee,0x11,0x00,0x06,0x00,0x00,0x00,0xa3,0x00,0x00,0x89,0xc2,0x00,0x00,0x80,
0x43,0x55,0x15,0x00,0xf2,0x00,0x10,0x00,0x08,0x00,0x00,0x00,0x46,0x0e,0x10,0x00,
0x08,0x00,0x00,0x00,0x46,0xee,0x11,0x00,0x06,0x00,0x00,0x00,0xa3,0x00,0x00,0x89,
0xc2,0x00,0x00,0x80,0x43,0x55,0x15,0x00,0xf2,0x00,0x10,0x00,0x09,0x00,0x00,0x00,
0x46,0x0e,0x10,0x00,0x09,0x00,0x00,0x00,0x46,0xee,0x11,0x00,0x06,0x00,0x00,0x00,
0xa3,0x00,0x00,0x89,0xc2,0x00,0x00,0x80,0x43,0x55,0x15,0x00,0xf2,0x00,0x10,0x00,
0x0a,0x00,0x00,0x00,0x46,0x0e,0x10,0x00,0x0a,0x00,0x00,0x00,0x46,0xee,0x11,0x00,
0x06,0x00,0x00,0x00,0x31,0x00,0x00,0x07,0x82,0x00,0x10,0x00,0x00,0x00,0x00,0x00,
0x01,0x40,0x00,0x00,0x00,0x00,0x00,0x00,0x2a,0x00,0x10,0x00,0x0b,0x00,0x00,0x00,
0x01,0x00,0x00,0x07,0x82,0x00,0x10,0x00,0x00,0x00,0x00,0x00,0x3a,0x00,0x10,0x00,
0x00,0x00,0x00,0x00,0x01,0x40,0x00,0x00,0x00,0x00,0x80,0x3f,0x31,0x00,0x00,0x07,
0x82,0x00,0x10,0x00,0x02,0x00,0x00,0x00,0x01,0x40,0x00,0x00,0x00,0x00,0x00,0x00,
0x2a,0x00,0x10,0x00,0x08,0x00,0x00,0x00,0x01,0x00,0x00,0x07,0x82,0x00,0x10,0x00,
0x02,0x00,0x00,0x00,0x3a,0x00,0x10,0x00,0x02,0x00,0x00,0x00,0x01,0x40,0x00,0x00,
0x00,0x00,0x80,0x3f,0x38,0x00,0x00,0x07,0xf2,0x00,0x10,0x00,0x08,0x00,0x00,0x00,
0xf6,0x0f,0x10,0x00,0x02,0x00,0x00,0x00,0x46,0x0e,0x10,0x00,0x08,0x00,0x00,0x00,
0x32,0x00,0x00,0x09,0xf2,0x00,0x10,0x00,0x08,0x00,0x00,0x00,0x46,0x0e,0x10,0x00,
0x0b,0x00,0x00,0x00,0xf6,0x0f,0x10,0x00,0x00,0x00,0x00,0x00,0x46,0x0e,0x10,0x00,
0x08,0x00,0x00,0x00,0x00,0x00,0x00,0x07,0x82,0x00,0x10,0x00,0x00,0x00,0x00,0x00,
0x3a,0x00,0x10,0x00,0x00,0x00,0x00,0x00,0x3a,0x00,0x10,0x00,0x02,0x00,0x00,0x00,
0x31,0x00,0x00,0x07,0x82,0x00,0x10,0x00,0x02,0x00,0x00,0x00,0x01,0x40,0x00,0x00,
0x00,0x00,0x00,0x00,0x2a,0x00,0x10,0x00,0x09,0x00,0x00,0x00,0x01,0x00,0x00,0x07,
0x82,0x00,0x10,0x00,0x02,0x00,0x00,0x00,0x3a,0x00,0x10,0x00,0x02,0x00,0x00,0x00,
0x01,0x40,0x00,0x00,0x00,0x00,0x80,0x3f,0x32,0x00,0x00,0x09,0xf2,0x00,0x10,0x00,
0x08,0x00,0x00,0x00,0x46,0x0e,0x10,0x00,0x09,0x00,0x00,0x00,0xf6,0x0f,0x10,0x00,
0x02,0x00,0x00,0x00,0x46,0x0e,0x10,0x00,0x08,0x00,0x00,0x00,0x00,0x00,0x00,0x07,
0x82,0x00,0x10,0x00,0x00,0x00,0x00,0x00,0x3a,0x00,0x10,0x00,0x00,0x00,0x00,0x00,
0x3a,0x00,0x10,0x00,0x02,0x00,0x00,0x00,0x31,0x00,0x00,0x07,0x82,0x00,0x10,0x00,
0x02,0x00,0x00,0x00,0x01,0x40,0x00,0x00,0x00,0x00,0x00,0x00,0x2a,0x00,0x10,0x00,
0x0a,0x00,0x00,0x00,0x01,0x00,0x00,0x07,0x82,0x00,0x10,0x00,0x02,0x00,0x00,0x00,
0x3a,0x00,0x10,0x00,0x02,0x00,0x00,0x00,0x01,0x40,0x00,0x00,0x00,0x00,0x80,0x3f,
0x32,0x00,0x00,0x09,0xf2,0x00,0x10,0x00,0x08,0x00,0x00,0x00,0x46,0x0e,0x10,0x00,
0x0a,0x00,0x00,0x00,0xf6,0x0f,0x10,0x00,0x02,0x00,0x00,0x00,0x46,0x0e,0x10,0x00,
0x08,0x00,0x00,0x00,0x00,0x00,0x00,0x07,0x82,0x00,0x10,0x00,0x00,0x00,0x00,0x00,
0x3a,0x00,0x10,0x00,0x00,0x00,0x00,0x00,0x3a,0x00,0x10,0x00,0x02,0x00,0x00,0x00,
0x31,0x00,0x00,0x07,0x82,0x00,0x10,0x00,0x02,0x00,0x00,0x00,0x01,0x40,0x00,0x00,
0x6f,0x12,0x83,0x3a,0x3a,0x00,0x10,0x00,0x00,0x00,0x00,0x00,0x37,0x00,0x00,0x09,
0x82,0x00,0x10,0x00,0x00,0x00,0x00,0x00,0x3a,0x00,0x10,0x00,0x02,0x00,0x00,0x00,
0x3a,0x00,0x10,0x00,0x00,0x00,0x00,0x00,0x01,0x40,0x00,0x00,0x00,0x00,0x80,0x3f,
0x0e,0x00,0x00,0x07,0xf2,0x00,0x10,0x00,0x08,0x00,0x00,0x00,0x46,0x0e,0x10,0x00,
0x08,0x00,0x00,0x00,0xf6,0x0f,0x10,0x00,0x00,0x00,0x00,0x00,0xa4,0x00,0x00,0x07,
0xf2,0xe0,0x11,0x00,0x07,0x00,0x00,0x00,0x86,0x0a,0x10,0x00,0x04,0x00,0x00,0x00,
0x46,0x0e,0x10,0x00,0x08,0x00,0x00,0x00,0x4f,0x00,0x00,0x0b,0x92,0x00,0x10,0x00,
0x03,0x00,0x00,0x00,0x02,0x40,0x00,0x00,0x07,0x00,0x00,0x00,0x00,0x00,0x00,0x00,
0x00,0x00,0x00,0x00,0x08,0x00,0x00,0x00,0x06,0x80,0x20,0x00,0x01,0x00,0x00,0x00,
0x00,0x00,0x00,0x00,0x1f,0x00,0x04,0x03,0x0a,0x00,0x10,0x00,0x03,0x00,0x00,0x00,
0x31,0x00,0x00,0x07,0x82,0x00,0x10,0x00,0x00,0x00,0x00,0x00,0x01,0x40,0x00,0x00,
0x00,0x00,0x00,0x00,0x2a,0x00,0x10,0x00,0x05,0x00,0x00,0x00,0x01,0x00,0x00,0x07,
0x82,0x00,0x10,0x00,0x00,0x00,0x00,0x00,0x3a,0x00,0x10,0x00,0x00,0x00,0x00,0x00,
0x01,0x40,0x00,0x00,0x00,0x00,0x80,0x3f,0x31,0x00,0x00,0x07,0x82,0x00,0x10,0x00,
0x02,0x00,0x00,0x00,0x01,0x40,0x00,0x00,0x00,0x00,0x00,0x00,0x2a,0x00,0x10,0x00,
0x06,0x00,0x00,0x00,0x01,0x00,0x00,0x07,0x82,0x00,0x10,0x00,0x02,0x00,0x00,0x00,
0x3a,0x00,0x10,0x00,0x02,0x00,0x00,0x00,0x01,0x40,0x00,0x00,0x00,0x00,0x80,0x3f,
0x38,0x00,0x00,0x07,0xf2,0x00,0x10,0x00,0x06,0x00,0x00,0x00,0xf6,0x0f,0x10,0x00,
0x02,0x00,0x00,0x00,0x46,0x0e,0x10,0x00,0x06,0x00,0x00,0x00,0x32,0x00,0x00,0x09,
0xf2,0x00,0x10,0x00,0x05,0x00,0x00,0x00,0x46,0x0e,0x10,0x00,0x05,0x00,0x00,0x00,
0xf6,0x0f,0x10,0x00,0x00,0x00,0x00,0x00,0x46,0x0e,0x10,0x00,0x06,0x00,0x00,0x00,
0x00,0x00,0x00,0x07,0x82,0x00,0x10,0x00,0x00,0x00,0x00,0x00,0x3a,0x00,0x10,0x00,
0x00,0x00,0x00,0x00,0x3a,0x00,0x10,0x00,0x02,0x00,0x00,0x00,0x31,0x00,0x00,0x07,
0x82,0x00,0x10,0x00,0x02,0x00,0x00,0x00,0x01,0x40,0x00,0x00,0x00,0x00,0x00,0x00,
0x2a,0x00,0x10,0x00,0x07,0x00,0x00,0x00,0x01,0x00,0x00,0x07,0x82,0x00,0x10,0x00,
0x02,0x00,0x00,0x00,0x3a,0x00,0x10,0x00,0x02,0x00,0x00,0x00,0x01,0x40,0x00,0x00,
0x00,0x00,0x80,0x3f,0x32,0x00,0x00,0x09,0xf2,0x00,0x10,0x00,0x05,0x00,0x00,0x00,
0x46,0x0e,0x10,0x00,0x07,0x00,0x00,0x00,0xf6,0x0f,0x10,0x00,0x02,0x00,0x00,0x00,
0x46,0x0e,0x10,0x00,0x05,0x00,0x00,0x00,0x00,0x00,0x00,0x07,0x82,0x00,0x10,0x00,
0x00,0x00,0x00,0x00,0x3a,0x00,0x10,0x00,0x00,0x00,0x00,0x00,0x3a,0x00,0x10,0x00,
0x02,0x00,0x00,0x00,0x31,0x00,0x00,0x07,0x82,0x00,0x10,0x00,0x02,0x00,0x00,0x00,
0x01,0x40,0x00,0x00,0x00,0x00,0x00,0x00,0x2a,0x00,0x10,0x00,0x08,0x00,0x00,0x00,
0x01,0x00,0x00,0x07,0x82,0x00,0x10,0x00,0x02,0x00,0x00,0x00,0x3a,0x00,0x10,0x00,
0x02,0x00,0x00,0x00,0x01,0x40,0x00,0x00,0x00,0x00,0x80,0x3f,0x32,0x00,0x00,0x09,
0xf2,0x00,0x10,0x00,0x05,0x00,0x00,0x00,0x46,0x0e,0x10,0x00,0x08,0x00,0x00,0x00,
0xf6,0x0f,0x10,0x00,0x02,0x00,0x00,0x00,0x46,0x0e,0x10,0x00,0x05,0x00,0x00,0x00,
0x00,0x00,0x00,0x07,0x82,0x00,0x10,0x00,0x00,0x00,0x00,0x00,0x3a,0x00,0x10,0x00,
0x00,0x00,0x00,0x00,0x3a,0x00,0x10,0x00,0x02,0x00,0x00,0x00,0x31,0x00,0x00,0x07,
0x82,0x00,0x10,0x00,0x02,0x00,0x00,0x00,0x01,0x40,0x00,0x00,0x6f,0x12,0x83,0x3a,
0x3a,0x00,0x10,0x00,0x00,0x00,0x00,0x00,0x37,0x00,0x00,0x09,0x82,0x00,0x10,0x00,
0x00,0x00,0x00,0x00,0x3a,0x00,0x10,0x00,0x02,0x00,0x00,0x00,0x3a,0x00,0x10,0x00,
0x00,0x00,0x00,0x00,0x01,0x40,0x00,0x00,0x00,0x00,0x80,0x3f,0x0e,0x00,0x00,0x07,
0xf2,0x00,0x10,0x00,0x05,0x00,0x00,0x00,0x46,0x0e,0x10,0x00,0x05,0x00,0x00,0x00,
0xf6,0x0f,0x10,0x00,0x00,0x00,0x00,0x00,0xa4,0x00,0x00,0x07,0xf2,0xe0,0x11,0x00,
0x08,0x00,0x00,0x00,0x96,0x0a,0x10,0x00,0x03,0x00,0x00,0x00,0x46,0x0e,0x10,0x00,
0x05,0x00,0x00,0x00,0xa8,0x00,0x00,0x09,0x12,0xf0,0x11,0x00,0x01,0x00,0x00,0x00,
0x1a,0x00,0x10,0x00,0x03,0x00,0x00,0x00,0x2a,0x00,0x10,0x00,0x00,0x00,0x00,0x00,
0x0a,0x00,0x10,0x00,0x05,0x00,0x00,0x00,0xa8,0x00,0x00,0x09,0x12,0xf0,0x11,0x00,
0x02,0x00,0x00,0x00,0x1a,0x00,0x10,0x00,0x03,0x00,0x00,0x00,0x2a,0x00,0x10,0x00,
0x00,0x00,0x00,0x00,0x1a,0x00,0x10,0x00,0x05,0x00,0x00,0x00,0xa8,0x00,0x00,0x09,
0x12,0xf0,0x11,0x00,0x03,0x00,0x00,0x00,0x1a,0x00,0x10,0x00,0x03,0x00,0x00,0x00,
0x2a,0x00,0x10,0x00,0x00,0x00,0x00,0x00,0x2a,0x00,0x10,0x00,0x05,0x00,0x00,0x00,
0xa8,0x00,0x00,0x09,0x12,0xf0,0x11,0x00,0x04,0x00,0x00,0x00,0x1a,0x00,0x10,0x00,
0x03,0x00,0x00,0x00,0x2a,0x00,0x10,0x00,0x00,0x00,0x00,0x00,0x3a,0x00,0x10,0x00,
0x05,0x00,0x00,0x00,0x15,0x00,0x00,0x01,0x1f,0x00,0x04,0x03,0x3a,0x00,0x10,0x00,
0x03,0x00,0x00,0x00,0xbe,0x10,0x00,0x01,0x4f,0x00,0x00,0x06,0x42,0x00,0x10,0x00,
0x00,0x00,0x00,0x00,0x0a,0x40,0x02,0x00,0x01,0x40,0x00,0x00,0x40,0x00,0x00,0x00,
0x1f,0x00,0x04,0x03,0x2a,0x00,0x10,0x00,0x00,0x00,0x00,0x00,0x29,0x00,0x00,0x07,
0x42,0x00,0x10,0x00,0x00,0x00,0x00,0x00,0x1a,0x00,0x10,0x00,0x02,0x00,0x00,0x00,
0x01,0x40,0x00,0x00,0x02,0x00,0x00,0x00,0x8c,0x00,0x00,0x0b,0x42,0x00,0x10,0x00,
0x00,0x00,0x00,0x00,0x01,0x40,0x00,0x00,0x02,0x00,0x00,0x00,0x01,0x40,0x00,0x00,
0x03,0x00,0x00,0x00,0x0a,0x00,0x10,0x00,0x01,0x00,0x00,0x00,0x2a,0x00,0x10,0x00,
0x00,0x00,0x00,0x00,0x23,0x00,0x00,0x09,0x42,0x00,0x10,0x00,0x00,0x00,0x00,0x00,
0x0a,0x00,0x10,0x00,0x02,0x00,0x00,0x00,0x01,0x40,0x00,0x00,0x40,0x00,0x00,0x00,
0x2a,0x00,0x10,0x00,0x00,0x00,0x00,0x00,0xa7,0x00,0x00,0x09,0x12,0x00,0x10,0x00,
0x05,0x00,0x00,0x00,0x3a,0x00,0x10,0x00,0x04,0x00,0x00,0x00,0x2a,0x00,0x10,0x00,
0x00,0x00,0x00,0x00,0x06,0xf0,0x11,0x00,0x01,0x00,0x00,0x00,0xa7,0x00,0x00,0x09,
0x22,0x00,0x10,0x00,0x05,0x00,0x00,0x00,0x3a,0x00,0x10,0x00,0x04,0x00,0x00,0x00,
0x2a,0x00,0x10,0x00,0x00,0x00,0x00,0x00,0x06,0xf0,0x11,0x00,0x02,0x00,0x00,0x00,
0xa7,0x00,0x00,0x09,0x42,0x00,0x10,0x00,0x05,0x00,0x00,0x00,0x3a,0x00,0x10,0x00,
0x04,0x00,0x00,0x00,0x2a,0x00,0x10,0x00,0x00,0x00,0x00,0x00,0x06,0xf0,0x11,0x00,
0x03,0x00,0x00,0x00,0xa7,0x00,0x00,0x09,0x82,0x00,0x10,0x00,0x05,0x00,0x00,0x00,
0x3a,0x00,0x10,0x00,0x04,0x00,0x00,0x00,0x2a,0x00,0x10,0x00,0x00,0x00,0x00,0x00,
0x06,0xf0,0x11,0x00,0x04,0x00,0x00,0x00,0xa7,0x00,0x00,0x09,0x12,0x00,0x10,0x00,
0x06,0x00,0x00,0x00,0x0a,0x00,0x10,0x00,0x04,0x00,0x00,0x00,0x2a,0x00,0x10,0x00,
0x00,0x00,0x00,0x00,0x06,0xf0,0x11,0x00,0x01,0x00,0x00,0x00,0xa7,0x00,0x00,0x09,
0x22,0x00,0x10,0x00,0x06,0x00,0x00,0x00,0x0a,0x00,0x10,0x00,0x04,0x00,0x00,0x00,
0x2a,0x00,0x10,0x00,0x00,0x00,0x00,0x00,0x06,0xf0,0x11,0x00,0x02,0x00,0x00,0x00,
0xa7,0x00,0x00,0x09,0x42,0x00,0x10,0x00,0x06,0x00,0x00,0x00,0x0a,0x00,0x10,0x00,
0x04,0x00,0x00,0x00,0x2a,0x00,0x10,0x00,0x00,0x00,0x00,0x00,0x06,0xf0,0x11,0x00,
0x03,0x00,0x00,0x00,0xa7,0x00,0x00,0x09,0x82,0x00,0x10,0x00,0x06,0x00,0x00,0x00,
0x0a,0x00,0x10,0x00,0x04,0x00,0x00,0x00,0x2a,0x00,0x10,0x00,0x00,0x00,0x00,0x00,
0x06,0xf0,0x11,0x00,0x04,0x00,0x00,0x00,0x1e,0x00,0x00,0x07,0x82,0x00,0x10,0x00,
0x00,0x00,0x00,0x00,0x2a,0x00,0x10,0x00,0x00,0x00,0x00,0x00,0x01,0x40,0x00,0x00,
0x04,0x00,0x00,0x00,0xa7,0x00,0x00,0x09,0x12,0x00,0x10,0x00,0x07,0x00,0x00,0x00,
0x3a,0x00,0x10,0x00,0x04,0x00,0x00,0x00,0x3a,0x00,0x10,0x00,0x00,0x00,0x00,0x00,
0x06,0xf0,0x11,0x00,0x01,0x00,0x00,0x00,0xa7,0x00,0x00,0x09,0x22,0x00,0x10,0x00,
0x07,0x00,0x00,0x00,0x3a,0x00,0x10,0x00,0x04,0x00,0x00,0x00,0x3a,0x00,0x10,0x00,
0x00,0x00,0x00,0x00,0x06,0xf0,0x11,0x00,0x02,0x00,0x00,0x00,0xa7,0x00,0x00,0x09,
0x42,0x00,0x10,0x00,0x07,0x00,0x00,0x00,0x3a,0x00,0x10,0x00,0x04,0x00,0x00,0x00,
0x3a,0x00,0x10,0x00,0x00,0x00,0x00,0x00,0x06,0xf0,0x11,0x00,0x03,0x00,0x00,0x00,
0xa7,0x00,0x00,0x09,0x82,0x00,0x10,0x00,0x07,0x00,0x00,0x00,0x3a,0x00,0x10,0x00,
0x04,0x00,0x00,0x00,0x3a,0x00,0x10,0x00,0x00,0x00,0x00,0x00,0x06,0xf0,0x11,0x00,
0x04,0x00,0x00,0x00,0xa7,0x00,0x00,0x09,0x12,0x00,0x10,0x00,0x08,0x00,0x00,0x00,
0x0a,0x00,0x10,0x00,0x04,0x00,0x00,0x00,0x3a,0x00,0x10,0x00,0x00,0x00,0x00,0x00,
0x06,0xf0,0x11,0x00,0x01,0x00,0x00,0x00,0xa7,0x00,0x00,0x09,0x22,0x00,0x10,0x00,
0x08,0x00,0x00,0x00,0x0a,0x00,0x10,0x00,0x04,0x00,0x00,0x00,0x3a,0x00,0x10,0x00,
0x00,0x00,0x00,0x00,0x06,0xf0,0x11,0x00,0x02,0x00,0x00,0x00,0xa7,0x00,0x00,0x09,
0x42,0x00,0x10,0x00,0x08,0x00,0x00,0x00,0x0a,0x00,0x10,0x00,0x04,0x00,0x00,0x00,
0x3a,0x00,0x10,0x00,0x00,0x00,0x00,0x00,0x06,0xf0,0x11,0x00,0x03,0x00,0x00,0x00,
0xa7,0x00,0x00,0x09,0x82,0x00,0x10,0x00,0x08,0x00,0x00,0x00,0x0a,0x00,0x10,0x00,
0x04,0x00,0x00,0x00,0x3a,0x00,0x10,0x00,0x00,0x00,0x00,0x00,0x06,0xf0,0x11,0x00,
0x04,0x00,0x00,0x00,0x31,0x00,0x00,0x07,0x82,0x00,0x10,0x00,0x00,0x00,0x00,0x00,
0x01,0x40,0x00,0x00,0x00,0x00,0x00,0x00,0x2a,0x00,0x10,0x00,0x05,0x00,0x00,0x00,
0x01,0x00,0x00,0x07,0x82,0x00,0x10,0x00,0x00,0x00,0x00,0x00,0x3a,0x00,0x10,0x00,
0x00,0x00,0x00,0x00,0x01,0x40,0x00,0x00,0x00,0x00,0x80,0x3f,0x31,0x00,0x00,0x07,
0x22,0x00,0x10,0x00,0x02,0x00,0x00,0x00,0x01,0x40,0x00,0x00,0x00,0x00,0x00,0x00,
0x2a,0x00,0x10,0x00,0x06,0x00,0x00,0x00,0x01,0x00,0x00,0x07,0x22,0x00,0x10,0x00,
0x02,0x00,0x00,0x00,0x1a,0x00,0x10,0x00,0x02,0x00,0x00,0x00,0x01,0x40,0x00,0x00,
0x00,0x00,0x80,0x3f,0x38,0x00,0x00,0x07,0xf2,0x00,0x10,0x00,0x06,0x00,0x00,0x00,
0x56,0x05,0x10,0x00,0x02,0x00,0x00,0x00,0x46,0x0e,0x10,0x00,0x06,0x00,0x00,0x00,
0x32,0x00,0x00,0x09,0xf2,0x00,0x10,0x00,0x05,0x00,0x00,0x00,0x46,0x0e,0x10,0x00,
0x05,0x00,0x00,0x00,0xf6,0x0f,0x10,0x00,0x00,0x00,0x00,0x00,0x46,0x0e,0x10,0x00,
0x06,0x00,0x00,0x00,0x00,0x00,0x00,0x07,0x82,0x00,0x10,0x00,0x00,0x00,0x00,0x00,
0x3a,0x00,0x10,0x00,0x00,0x00,0x00,0x00,0x1a,0x00,0x10,0x00,0x02,0x00,0x00,0x00,
0x31,0x00,0x00,0x07,0x22,0x00,0x10,0x00,0x02,0x00,0x00,0x00,0x01,0x40,0x00,0x00,
0x00,0x00,0x00,0x00,0x2a,0x00,0x10,0x00,0x07,0x00,0x00,0x00,0x01,0x00,0x00,0x07,
0x22,0x00,0x10,0x00,0x02,0x00,0x00,0x00,0x1a,0x00,0x10,0x00,0x02,0x00,0x00,0x00,
0x01,0x40,0x00,0x00,0x00,0x00,0x80,0x3f,0x32,0x00,0x00,0x09,0xf2,0x00,0x10,0x00,
0x05,0x00,0x00,0x00,0x46,0x0e,0x10,0x00,0x07,0x00,0x00,0x00,0x56,0x05,0x10,0x00,
0x02,0x00,0x00,0x00,0x46,0x0e,0x10,0x00,0x05,0x00,0x00,0x00,0x00,0x00,0x00,0x07,
0x82,0x00,0x10,0x00,0x00,0x00,0x00,0x00,0x3a,0x00,0x10,0x00,0x00,0x00,0x00,0x00,
0x1a,0x00,0x10,0x00,0x02,0x00,0x00,0x00,0x31,0x00,0x00,0x07,0x22,0x00,0x10,0x00,
0x02,0x00,0x00,0x00,0x01,0x40,0x00,0x00,0x00,0x00,0x00,0x00,0x2a,0x00,0x10,0x00,
0x08,0x00,0x00,0x00,0x01,0x00,0x00,0x07,0x22,0x00,0x10,0x00,0x02,0x00,0x00,0x00,
0x1a,0x00,0x10,0x00,0x02,0x00,0x00,0x00,0x01,0x40,0x00,0x00,0x00,0x00,0x80,0x3f,
0x32,0x00,0x00,0x09,0xf2,0x00,0x10,0x00,0x05,0x00,0x00,0x00,0x46,0x0e,0x10,0x00,
0x08,0x00,0x00,0x00,0x56,0x05,0x10,0x00,0x02,0x00,0x00,0x00,0x46,0x0e,0x10,0x00,
0x05,0x00,0x00,0x00,0x00,0x00,0x00,0x07,0x82,0x00,0x10,0x00,0x00,0x00,0x00,0x00,
0x3a,0x00,0x10,0x00,0x00,0x00,0x00,0x00,0x1a,0x00,0x10,0x00,0x02,0x00,0x00,0x00,
0x31,0x00,0x00,0x07,0x22,0x00,0x10,0x00,0x02,0x00,0x00,0x00,0x01,0x40,0x00,0x00,
0x6f,0x12,0x83,0x3a,0x3a,0x00,0x10,0x00,0x00,0x00,0x00,0x00,0x37,0x00,0x00,0x09,
0x82,0x00,0x10,0x00,0x00,0x00,0x00,0x00,0x1a,0x00,0x10,0x00,0x02,0x00,0x00,0x00,
0x3a,0x00,0x10,0x00,0x00,0x00,0x00,0x00,0x01,0x40,0x00,0x00,0x00,0x00,0x80,0x3f,
0x0e,0x00,0x00,0x07,0xf2,0x00,0x10,0x00,0x05,0x00,0x00,0x00,0x46,0x0e,0x10,0x00,
0x05,0x00,0x00,0x00,0xf6,0x0f,0x10,0x00,0x00,0x00,0x00,0x00,0xa4,0x00,0x00,0x07,
0xf2,0xe0,0x11,0x00,0x09,0x00,0x00,0x00,0x96,0x0a,0x10,0x00,0x03,0x00,0x00,0x00,
0x46,0x0e,0x10,0x00,0x05,0x00,0x00,0x00,0x8c,0x00,0x00,0x0b,0x82,0x00,0x10,0x00,
0x00,0x00,0x00,0x00,0x01,0x40,0x00,0x00,0x01,0x00,0x00,0x00,0x01,0x40,0x00,0x00,
0x00,0x00,0x00,0x00,0x2a,0x00,0x10,0x00,0x03,0x00,0x00,0x00,0x3a,0x00,0x10,0x00,
0x04,0x00,0x00,0x00,0xa8,0x00,0x00,0x09,0x12,0xf0,0x11,0x00,0x01,0x00,0x00,0x00,
0x3a,0x00,0x10,0x00,0x00,0x00,0x00,0x00,0x2a,0x00,0x10,0x00,0x00,0x00,0x00,0x00,
0x0a,0x00,0x10,0x00,0x05,0x00,0x00,0x00,0xa8,0x00,0x00,0x09,0x12,0xf0,0x11,0x00,
0x02,0x00,0x00,0x00,0x3a,0x00,0x10,0x00,0x00,0x00,0x00,0x00,0x2a,0x00,0x10,0x00,
0x00,0x00,0x00,0x00,0x1a,0x00,0x10,0x00,0x05,0x00,0x00,0x00,0xa8,0x00,0x00,0x09,
0x12,0xf0,0x11,0x00,0x03,0x00,0x00,0x00,0x3a,0x00,0x10,0x00,0x00,0x00,0x00,0x00,
0x2a,0x00,0x10,0x00,0x00,0x00,0x00,0x00,0x2a,0x00,0x10,0x00,0x05,0x00,0x00,0x00,
0xa8,0x00,0x00,0x09,0x12,0xf0,0x11,0x00,0x04,0x00,0x00,0x00,0x3a,0x00,0x10,0x00,
0x00,0x00,0x00,0x00,0x2a,0x00,0x10,0x00,0x00,0x00,0x00,0x00,0x3a,0x00,0x10,0x00,
0x05,0x00,0x00,0x00,0x15,0x00,0x00,0x01,0x4f,0x00,0x00,0x08,0x42,0x00,0x10,0x00,
0x00,0x00,0x00,0x00,0x01,0x40,0x00,0x00,0x09,0x00,0x00,0x00,0x0a,0x80,0x20,0x00,
0x01,0x00,0x00,0x00,0x00,0x00,0x00,0x00,0x1f,0x00,0x04,0x03,0x2a,0x00,0x10,0x00,
0x00,0x00,0x00,0x00,0xbe,0x10,0x00,0x01,0x4f,0x00,0x00,0x06,0x42,0x00,0x10,0x00,
0x00,0x00,0x00,0x00,0x0a,0x40,0x02,0x00,0x01,0x40,0x00,0x00,0x10,0x00,0x00,0x00,
0x1f,0x00,0x04,0x03,0x2a,0x00,0x10,0x00,0x00,0x00,0x00,0x00,0x1e,0x00,0x00,0x0a,
0xc2,0x00,0x10,0x00,0x00,0x00,0x00,0x00,0x56,0x05,0x10,0x00,0x00,0x00,0x00,0x00,
0x02,0x40,0x00,0x00,0x00,0x00,0x00,0x00,0x00,0x00,0x00,0x00,0x01,0x00,0x00,0x00,
0x03,0x00,0x00,0x00,0x29,0x00,0x00,0x07,0x22,0x00,0x10,0x00,0x02,0x00,0x00,0x00,
0x2a,0x00,0x10,0x00,0x02,0x00,0x00,0x00,0x01,0x40,0x00,0x00,0x02,0x00,0x00,0x00,
0x8c,0x00,0x00,0x0b,0x22,0x00,0x10,0x00,0x02,0x00,0x00,0x00,0x01,0x40,0x00,0x00,
0x02,0x00,0x00,0x00,0x01,0x40,0x00,0x00,0x04,0x00,0x00,0x00,0x0a,0x00,0x10,0x00,
0x01,0x00,0x00,0x00,0x1a,0x00,0x10,0x00,0x02,0x00,0x00,0x00,0x23,0x00,0x00,0x09,
0x22,0x00,0x10,0x00,0x02,0x00,0x00,0x00,0x0a,0x00,0x10,0x00,0x02,0x00,0x00,0x00,
0x01,0x40,0x00,0x00,0x80,0x00,0x00,0x00,0x1a,0x00,0x10,0x00,0x02,0x00,0x00,0x00,
0xa7,0x00,0x00,0x09,0x12,0x00,0x10,0x00,0x05,0x00,0x00,0x00,0x1a,0x00,0x10,0x00,
0x00,0x00,0x00,0x00,0x1a,0x00,0x10,0x00,0x02,0x00,0x00,0x00,0x06,0xf0,0x11,0x00,
0x01,0x00,0x00,0x00,0xa7,0x00,0x00,0x09,0x22,0x00,0x10,0x00,0x05,0x00,0x00,0x00,
0x1a,0x00,0x10,0x00,0x00,0x00,0x00,0x00,0x1a,0x00,0x10,0x00,0x02,0x00,0x00,0x00,
0x06,0xf0,0x11,0x00,0x02,0x00,0x00,0x00,0xa7,0x00,0x00,0x09,0x42,0x00,0x10,0x00,
0x05,0x00,0x00,0x00,0x1a,0x00,0x10,0x00,0x00,0x00,0x00,0x00,0x1a,0x00,0x10,0x00,
0x02,0x00,0x00,0x00,0x06,0xf0,0x11,0x00,0x03,0x00,0x00,0x00,0xa7,0x00,0x00,0x09,
0x82,0x00,0x10,0x00,0x05,0x00,0x00,0x00,0x1a,0x00,0x10,0x00,0x00,0x00,0x00,0x00,
0x1a,0x00,0x10,0x00,0x02,0x00,0x00,0x00,0x06,0xf0,0x11,0x00,0x04,0x00,0x00,0x00,
0xa7,0x00,0x00,0x09,0x12,0x00,0x10,0x00,0x06,0x00,0x00,0x00,0x0a,0x00,0x10,0x00,
0x00,0x00,0x00,0x00,0x1a,0x00,0x10,0x00,0x02,0x00,0x00,0x00,0x06,0xf0,0x11,0x00,
0x01,0x00,0x00,0x00,0xa7,0x00,0x00,0x09,0x22,0x00,0x10,0x00,0x06,0x00,0x00,0x00,
0x0a,0x00,0x10,0x00,0x00,0x00,0x00,0x00,0x1a,0x00,0x10,0x00,0x02,0x00,0x00,0x00,
0x06,0xf0,0x11,0x00,0x02,0x00,0x00,0x00,0xa7,0x00,0x00,0x09,0x42,0x00,0x10,0x00,
0x06,0x00,0x00,0x00,0x0a,0x00,0x10,0x00,0x00,0x00,0x00,0x00,0x1a,0x00,0x10,0x00,
0x02,0x00,0x00,0x00,0x06,0xf0,0x11,0x00,0x03,0x00,0x00,0x00,0xa7,0x00,0x00,0x09,
0x82,0x00,0x10,0x00,0x06,0x00,0x00,0x00,0x0a,0x00,0x10,0x00,0x00,0x00,0x00,0x00,
0x1a,0x00,0x10,0x00,0x02,0x00,0x00,0x00,0x06,0xf0,0x11,0x00,0x04,0x00,0x00,0x00,
0x1e,0x00,0x00,0x07,0x12,0x00,0x10,0x00,0x00,0x00,0x00,0x00,0x1a,0x00,0x10,0x00,
0x02,0x00,0x00,0x00,0x01,0x40,0x00,0x00,0x08,0x00,0x00,0x00,0xa7,0x00,0x00,0x09,
0x12,0x00,0x10,0x00,0x07,0x00,0x00,0x00,0x2a,0x00,0x10,0x00,0x00,0x00,0x00,0x00,
0x0a,0x00,0x10,0x00,0x00,0x00,0x00,0x00,0x06,0xf0,0x11,0x00,0x01,0x00,0x00,0x00,
0xa7,0x00,0x00,0x09,0x22,0x00,0x10,0x00,0x07,0x00,0x00,0x00,0x2a,0x00,0x10,0x00,
0x00,0x00,0x00,0x00,0x0a,0x00,0x10,0x00,0x00,0x00,0x00,0x00,0x06,0xf0,0x11,0x00,
0x02,0x00,0x00,0x00,0xa7,0x00,0x00,0x09,0x42,0x00,0x10,0x00,0x07,0x00,0x00,0x00,
0x2a,0x00,0x10,0x00,0x00,0x00,0x00,0x00,0x0a,0x00,0x10,0x00,0x00,0x00,0x00,0x00,
0x06,0xf0,0x11,0x00,0x03,0x00,0x00,0x00,0xa7,0x00,0x00,0x09,0x82,0x00,0x10,0x00,
0x07,0x00,0x00,0x00,0x2a,0x00,0x10,0x00,0x00,0x00,0x00,0x00,0x0a,0x00,0x10,0x00,
0x00,0x00,0x00,0x00,0x06,0xf0,0x11,0x00,0x04,0x00,0x00,0x00,0xa7,0x00,0x00,0x09,
0x12,0x00,0x10,0x00,0x08,0x00,0x00,0x00,0x3a,0x00,0x10,0x00,0x00,0x00,0x00,0x00,
0x0a,0x00,0x10,0x00,0x00,0x00,0x00,0x00,0x06,0xf0,0x11,0x00,0x01,0x00,0x00,0x00,
0xa7,0x00,0x00,0x09,0x22,0x00,0x10,0x00,0x08,0x00,0x00,0x00,0x3a,0x00,0x10,0x00,
0x00,0x00,0x00,0x00,0x0a,0x00,0x10,0x00,0x00,0x00,0x00,0x00,0x06,0xf0,0x11,0x00,
0x02,0x00,0x00,0x00,0xa7,0x00,0x00,0x09,0x42,0x00,0x10,0x00,0x08,0x00,0x00,0x00,
0x3a,0x00,0x10,0x00,0x00,0x00,0x00,0x00,0x0a,0x00,0x10,0x00,0x00,0x00,0x00,0x00,
0x06,0xf0,0x11,0x00,0x03,0x00,0x00,0x00,0xa7,0x00,0x00,0x09,0x82,0x00,0x10,0x00,
0x08,0x00,0x00,0x00,0x3a,0x00,0x10,0x00,0x00,0x00,0x00,0x00,0x0a,0x00,0x10,0x00,
0x00,0x00,0x00,0x00,0x06,0xf0,0x11,0x00,0x04,0x00,0x00,0x00,0x31,0x00,0x00,0x07,
0x12,0x00,0x10,0x00,0x00,0x00,0x00,0x00,0x01,0x40,0x00,0x00,0x00,0x00,0x00,0x00,
0x2a,0x00,0x10,0x00,0x05,0x00,0x00,0x00,0x31,0x00,0x00,0x07,0x42,0x00,0x10,0x00,
0x00,0x00,0x00,0x00,0x01,0x40,0x00,0x00,0x00,0x00,0x00,0x00,0x2a,0x00,0x10,0x00,
0x06,0x00,0x00,0x00,0x01,0x00,0x00,0x0a,0x52,0x00,0x10,0x00,0x00,0x00,0x00,0x00,
0x06,0x02,0x10,0x00,0x00,0x00,0x00,0x00,0x02,0x40,0x00,0x00,0x00,0x00,0x80,0x3f,
0x00,0x00,0x00,0x00,0x00,0x00,0x80,0x3f,0x00,0x00,0x00,0x00,0x38,0x00,0x00,0x07,
0xf2,0x00,0x10,0x00,0x06,0x00,0x00,0x00,0xa6,0x0a,0x10,0x00,0x00,0x00,0x00,0x00,
0x46,0x0e,0x10,0x00,0x06,0x00,0x00,0x00,0x32,0x00,0x00,0x09,0xf2,0x00,0x10,0x00,
0x05,0x00,0x00,0x00,0x46,0x0e,0x10,0x00,0x05,0x00,0x00,0x00,0x06,0x00,0x10,0x00,
0x00,0x00,0x00,0x00,0x46,0x0e,0x10,0x00,0x06,0x00,0x00,0x00,0x00,0x00,0x00,0x07,
0x12,0x00,0x10,0x00,0x00,0x00,0x00,0x00,0x2a,0x00,0x10,0x00,0x00,0x00,0x00,0x00,
0x0a,0x00,0x10,0x00,0x00,0x00,0x00,0x00,0x31,0x00,0x00,0x07,0x42,0x00,0x10,0x00,
0x00,0x00,0x00,0x00,0x01,0x40,0x00,0x00,0x00,0x00,0x00,0x00,0x2a,0x00,0x10,0x00,
0x07,0x00,0x00,0x00,0x01,0x00,0x00,0x07,0x42,0x00,0x10,0x00,0x00,0x00,0x00,0x00,
0x2a,0x00,0x10,0x00,0x00,0x00,0x00,0x00,0x01,0x40,0x00,0x00,0x00,0x00,0x80,0x3f,
0x32,0x00,0x00,0x09,0xf2,0x00,0x10,0x00,0x05,0x00,0x00,0x00,0x46,0x0e,0x10,0x00,
0x07,0x00,0x00,0x00,0xa6,0x0a,0x10,0x00,0x00,0x00,0x00,0x00,0x46,0x0e,0x10,0x00,
0x05,0x00,0x00,0x00,0x00,0x00,0x00,0x07,0x12,0x00,0x10,0x00,0x00,0x00,0x00,0x00,
0x2a,0x00,0x10,0x00,0x00,0x00,0x00,0x00,0x0a,0x00,0x10,0x00,0x00,0x00,0x00,0x00,
0x31,0x00,0x00,0x07,0x42,0x00,0x10,0x00,0x00,0x00,0x00,0x00,0x01,0x40,0x00,0x00,
0x00,0x00,0x00,0x00,0x2a,0x00,0x10,0x00,0x08,0x00,0x00,0x00,0x01,0x00,0x00,0x07,
0x42,0x00,0x10,0x00,0x00,0x00,0x00,0x00,0x2a,0x00,0x10,0x00,0x00,0x00,0x00,0x00,
0x01,0x40,0x00,0x00,0x00,0x00,0x80,0x3f,0x32,0x00,0x00,0x09,0xf2,0x00,0x10,0x00,
0x05,0x00,0x00,0x00,0x46,0x0e,0x10,0x00,0x08,0x00,0x00,0x00,0xa6,0x0a,0x10,0x00,
0x00,0x00,0x00,0x00,0x46,0x0e,0x10,0x00,0x05,0x00,0x00,0x00,0x00,0x00,0x00,0x07,
0x12,0x00,0x10,0x00,0x00,0x00,0x00,0x00,0x2a,0x00,0x10,0x00,0x00,0x00,0x00,0x00,
0x0a,0x00,0x10,0x00,0x00,0x00,0x00,0x00,0x31,0x00,0x00,0x07,0x42,0x00,0x10,0x00,
0x00,0x00,0x00,0x00,0x01,0x40,0x00,0x00,0x6f,0x12,0x83,0x3a,0x0a,0x00,0x10,0x00,
0x00,0x00,0x00,0x00,0x37,0x00,0x00,0x09,0x12,0x00,0x10,0x00,0x00,0x00,0x00,0x00,
0x2a,0x00,0x10,0x00,0x00,0x00,0x00,0x00,0x0a,0x00,0x10,0x00,0x00,0x00,0x00,0x00,
0x01,0x40,0x00,0x00,0x00,0x00,0x80,0x3f,0x0e,0x00,0x00,0x07,0xf2,0x00,0x10,0x00,
0x05,0x00,0x00,0x00,0x46,0x0e,0x10,0x00,0x05,0x00,0x00,0x00,0x06,0x00,0x10,0x00,
0x00,0x00,0x00,0x00,0xa4,0x00,0x00,0x07,0xf2,0xe0,0x11,0x00,0x0a,0x00,0x00,0x00,
0x96,0x0a,0x10,0x00,0x03,0x00,0x00,0x00,0x46,0x0e,0x10,0x00,0x05,0x00,0x00,0x00,
0x1e,0x00,0x00,0x07,0x12,0x00,0x10,0x00,0x00,0x00,0x00,0x00,0x2a,0x00,0x10,0x00,
0x03,0x00,0x00,0x00,0x1a,0x00,0x10,0x00,0x00,0x00,0x00,0x00,0xa8,0x00,0x00,0x09,
0x12,0xf0,0x11,0x00,0x01,0x00,0x00,0x00,0x0a,0x00,0x10,0x00,0x00,0x00,0x00,0x00,
0x1a,0x00,0x10,0x00,0x02,0x00,0x00,0x00,0x0a,0x00,0x10,0x00,0x05,0x00,0x00,0x00,
0xa8,0x00,0x00,0x09,0x12,0xf0,0x11,0x00,0x02,0x00,0x00,0x00,0x0a,0x00,0x10,0x00,
0x00,0x00,0x00,0x00,0x1a,0x00,0x10,0x00,0x02,0x00,0x00,0x00,0x1a,0x00,0x10,0x00,
0x05,0x00,0x00,0x00,0xa8,0x00,0x00,0x09,0x12,0xf0,0x11,0x00,0x03,0x00,0x00,0x00,
0x0a,0x00,0x10,0x00,0x00,0x00,0x00,0x00,0x1a,0x00,0x10,0x00,0x02,0x00,0x00,0x00,
0x2a,0x00,0x10,0x00,0x05,0x00,0x00,0x00,0xa8,0x00,0x00,0x09,0x12,0xf0,0x11,0x00,
0x04,0x00,0x00,0x00,0x0a,0x00,0x10,0x00,0x00,0x00,0x00,0x00,0x1a,0x00,0x10,0x00,
0x02,0x00,0x00,0x00,0x3a,0x00,0x10,0x00,0x05,0x00,0x00,0x00,0x15,0x00,0x00,0x01,
0x4f,0x00,0x00,0x08,0x12,0x00,0x10,0x00,0x00,0x00,0x00,0x00,0x01,0x40,0x00,0x00,
0x0a,0x00,0x00,0x00,0x0a,0x80,0x20,0x00,0x01,0x00,0x00,0x00,0x00,0x00,0x00,0x00,
0x1f,0x00,0x04,0x03,0x0a,0x00,0x10,0x00,0x00,0x00,0x00,0x00,0xbe,0x10,0x00,0x01,
0x4f,0x00,0x00,0x06,0x12,0x00,0x10,0x00,0x00,0x00,0x00,0x00,0x0a,0x40,0x02,0x00,
0x01,0x40,0x00,0x00,0x04,0x00,0x00,0x00,0x1f,0x00,0x04,0x03,0x0a,0x00,0x10,0x00,
0x00,0x00,0x00,0x00,0x29,0x00,0x00,0x07,0x12,0x00,0x10,0x00,0x00,0x00,0x00,0x00,
0x1a,0x00,0x10,0x00,0x01,0x00,0x00,0x00,0x01,0x40,0x00,0x00,0x03,0x00,0x00,0x00,
0x8c,0x00,0x00,0x0a,0x12,0x00,0x10,0x00,0x00,0x00,0x00,0x00,0x01,0x40,0x00,0x00,
0x01,0x00,0x00,0x00,0x01,0x40,0x00,0x00,0x03,0x00,0x00,0x00,0x0a,0x40,0x02,0x00,
0x0a,0x00,0x10,0x00,0x00,0x00,0x00,0x00,0x23,0x00,0x00,0x09,0x12,0x00,0x10,0x00,
0x00,0x00,0x00,0x00,0x3a,0x00,0x10,0x00,0x01,0x00,0x00,0x00,0x01,0x40,0x00,0x00,
0x40,0x00,0x00,0x00,0x0a,0x00,0x10,0x00,0x00,0x00,0x00,0x00,0x1e,0x00,0x00,0x07,
0x22,0x00,0x10,0x00,0x00,0x00,0x00,0x00,0x1a,0x00,0x10,0x00,0x04,0x00,0x00,0x00,
0x0a,0x00,0x10,0x00,0x00,0x00,0x00,0x00,0x23,0x00,0x00,0x0f,0xc2,0x00,0x10,0x00,
0x00,0x00,0x00,0x00,0x56,0x05,0x10,0x00,0x03,0x00,0x00,0x00,0x02,0x40,0x00,0x00,
0x00,0x00,0x00,0x00,0x00,0x00,0x00,0x00,0x08,0x00,0x00,0x00,0x08,0x00,0x00,0x00,
0x02,0x40,0x00,0x00,0x00,0x00,0x00,0x00,0x00,0x00,0x00,0x00,0x04,0x00,0x00,0x00,
0x05,0x00,0x00,0x00,0x1e,0x00,0x00,0x07,0x12,0x00,0x10,0x00,0x00,0x00,0x00,0x00,
0x0a,0x00,0x10,0x00,0x00,0x00,0x00,0x00,0x01,0x40,0x00,0x00,0x01,0x00,0x00,0x00,
0x1e,0x00,0x00,0x07,0xd2,0x00,0x10,0x00,0x00,0x00,0x00,0x00,0x56,0x05,0x10,0x00,
0x04,0x00,0x00,0x00,0x06,0x0e,0x10,0x00,0x00,0x00,0x00,0x00,0x29,0x00,0x00,0x07,
0x22,0x00,0x10,0x00,0x01,0x00,0x00,0x00,0x2a,0x00,0x10,0x00,0x01,0x00,0x00,0x00,
0x01,0x40,0x00,0x00,0x05,0x00,0x00,0x00,0x8c,0x00,0x00,0x0b,0x12,0x00,0x10,0x00,
0x01,0x00,0x00,0x00,0x01,0x40,0x00,0x00,0x02,0x00,0x00,0x00,0x01,0x40,0x00,0x00,
0x05,0x00,0x00,0x00,0x0a,0x00,0x10,0x00,0x01,0x00,0x00,0x00,0x1a,0x00,0x10,0x00,
0x01,0x00,0x00,0x00,0x23,0x00,0x00,0x09,0x12,0x00,0x10,0x00,0x01,0x00,0x00,0x00,
0x0a,0x00,0x10,0x00,0x02,0x00,0x00,0x00,0x01,0x40,0x00,0x00,0x00,0x01,0x00,0x00,
0x0a,0x00,0x10,0x00,0x01,0x00,0x00,0x00,0xa7,0x00,0x00,0x09,0x12,0x00,0x10,0x00,
0x02,0x00,0x00,0x00,0x1a,0x00,0x10,0x00,0x00,0x00,0x00,0x00,0x0a,0x00,0x10,0x00,
0x01,0x00,0x00,0x00,0x06,0xf0,0x11,0x00,0x01,0x00,0x00,0x00,0xa7,0x00,0x00,0x09,
0x22,0x00,0x10,0x00,0x02,0x00,0x00,0x00,0x1a,0x00,0x10,0x00,0x00,0x00,0x00,0x00,
0x0a,0x00,0x10,0x00,0x01,0x00,0x00,0x00,0x06,0xf0,0x11,0x00,0x02,0x00,0x00,0x00,
0xa7,0x00,0x00,0x09,0x42,0x00,0x10,0x00,0x02,0x00,0x00,0x00,0x1a,0x00,0x10,0x00,
0x00,0x00,0x00,0x00,0x0a,0x00,0x10,0x00,0x01,0x00,0x00,0x00,0x06,0xf0,0x11,0x00,
0x03,0x00,0x00,0x00,0xa7,0x00,0x00,0x09,0x82,0x00,0x10,0x00,0x02,0x00,0x00,0x00,
0x1a,0x00,0x10,0x00,0x00,0x00,0x00,0x00,0x0a,0x00,0x10,0x00,0x01,0x00,0x00,0x00,
0x06,0xf0,0x11,0x00,0x04,0x00,0x00,0x00,0xa7,0x00,0x00,0x09,0x12,0x00,0x10,0x00,
0x05,0x00,0x00,0x00,0x2a,0x00,0x10,0x00,0x00,0x00,0x00,0x00,0x0a,0x00,0x10,0x00,
0x01,0x00,0x00,0x00,0x06,0xf0,0x11,0x00,0x01,0x00,0x00,0x00,0xa7,0x00,0x00,0x09,
0x22,0x00,0x10,0x00,0x05,0x00,0x00,0x00,0x2a,0x00,0x10,0x00,0x00,0x00,0x00,0x00,
0x0a,0x00,0x10,0x00,0x01,0x00,0x00,0x00,0x06,0xf0,0x11,0x00,0x02,0x00,0x00,0x00,
0xa7,0x00,0x00,0x09,0x42,0x00,0x10,0x00,0x05,0x00,0x00,0x00,0x2a,0x00,0x10,0x00,
0x00,0x00,0x00,0x00,0x0a,0x00,0x10,0x00,0x01,0x00,0x00,0x00,0x06,0xf0,0x11,0x00,
0x03,0x00,0x00,0x00,0xa7,0x00,0x00,0x09,0x82,0x00,0x10,0x00,0x05,0x00,0x00,0x00,
0x2a,0x00,0x10,0x00,0x00,0x00,0x00,0x00,0x0a,0x00,0x10,0x00,0x01,0x00,0x00,0x00,
0x06,0xf0,0x11,0x00,0x04,0x00,0x00,0x00,0x1e,0x00,0x00,0x07,0x22,0x00,0x10,0x00,
0x00,0x00,0x00,0x00,0x0a,0x00,0x10,0x00,0x01,0x00,0x00,0x00,0x01,0x40,0x00,0x00,
0x10,0x00,0x00,0x00,0xa7,0x00,0x00,0x09,0x12,0x00,0x10,0x00,0x01,0x00,0x00,0x00,
0x0a,0x00,0x10,0x00,0x00,0x00,0x00,0x00,0x1a,0x00,0x10,0x00,0x00,0x00,0x00,0x00,
0x06,0xf0,0x11,0x00,0x01,0x00,0x00,0x00,0xa7,0x00,0x00,0x09,0x22,0x00,0x10,0x00,
0x01,0x00,0x00,0x00,0x0a,0x00,0x10,0x00,0x00,0x00,0x00,0x00,0x1a,0x00,0x10,0x00,
0x00,0x00,0x00,0x00,0x06,0xf0,0x11,0x00,0x02,0x00,0x00,0x00,0xa7,0x00,0x00,0x09,
0x42,0x00,0x10,0x00,0x01,0x00,0x00,0x00,0x0a,0x00,0x10,0x00,0x00,0x00,0x00,0x00,
0x1a,0x00,0x10,0x00,0x00,0x00,0x00,0x00,0x06,0xf0,0x11,0x00,0x03,0x00,0x00,0x00,
0xa7,0x00,0x00,0x09,0x82,0x00,0x10,0x00,0x01,0x00,0x00,0x00,0x0a,0x00,0x10,0x00,
0x00,0x00,0x00,0x00,0x1a,0x00,0x10,0x00,0x00,0x00,0x00,0x00,0x06,0xf0,0x11,0x00,
0x04,0x00,0x00,0x00,0xa7,0x00,0x00,0x09,0x12,0x00,0x10,0x00,0x06,0x00,0x00,0x00,
0x3a,0x00,0x10,0x00,0x00,0x00,0x00,0x00,0x1a,0x00,0x10,0x00,0x00,0x00,0x00,0x00,
0x06,0xf0,0x11,0x00,0x01,0x00,0x00,0x00,0xa7,0x00,0x00,0x09,0x22,0x00,0x10,0x00,
0x06,0x00,0x00,0x00,0x3a,0x00,0x10,0x00,0x00,0x00,0x00,0x00,0x1a,0x00,0x10,0x00,
0x00,0x00,0x00,0x00,0x06,0xf0,0x11,0x00,0x02,0x00,0x00,0x00,0xa7,0x00,0x00,0x09,
0x42,0x00,0x10,0x00,0x06,0x00,0x00,0x00,0x3a,0x00,0x10,0x00,0x00,0x00,0x00,0x00,
0x1a,0x00,0x10,0x00,0x00,0x00,0x00,0x00,0x06,0xf0,0x11,0x00,0x03,0x00,0x00,0x00,
0xa7,0x00,0x00,0x09,0x82,0x00,0x10,0x00,0x06,0x00,0x00,0x00,0x3a,0x00,0x10,0x00,
0x00,0x00,0x00,0x00,0x1a,0x00,0x10,0x00,0x00,0x00,0x00,0x00,0x06,0xf0,0x11,0x00,
0x04,0x00,0x00,0x00,0x31,0x00,0x00,0x07,0x12,0x00,0x10,0x00,0x00,0x00,0x00,0x00,
0x01,0x40,0x00,0x00,0x00,0x00,0x00,0x00,0x2a,0x00,0x10,0x00,0x02,0x00,0x00,0x00,
0x31,0x00,0x00,0x07,0x22,0x00,0x10,0x00,0x00,0x00,0x00,0x00,0x01,0x40,0x00,0x00,
0x00,0x00,0x00,0x00,0x2a,0x00,0x10,0x00,0x05,0x00,0x00,0x00,0x01,0x00,0x00,0x0a,
0x32,0x00,0x10,0x00,0x00,0x00,0x00,0x00,0x46,0x00,0x10,0x00,0x00,0x00,0x00,0x00,
0x02,0x40,0x00,0x00,0x00,0x00,0x80,0x3f,0x00,0x00,0x80,0x3f,0x00,0x00,0x00,0x00,
0x00,0x00,0x00,0x00,0x38,0x00,0x00,0x07,0xf2,0x00,0x10,0x00,0x05,0x00,0x00,0x00,
0x56,0x05,0x10,0x00,0x00,0x00,0x00,0x00,0x46,0x0e,0x10,0x00,0x05,0x00,0x00,0x00,
0x32,0x00,0x00,0x09,0xf2,0x00,0x10,0x00,0x02,0x00,0x00,0x00,0x46,0x0e,0x10,0x00,
0x02,0x00,0x00,0x00,0x06,0x00,0x10,0x00,0x00,0x00,0x00,0x00,0x46,0x0e,0x10,0x00,
0x05,0x00,0x00,0x00,0x00,0x00,0x00,0x07,0x12,0x00,0x10,0x00,0x00,0x00,0x00,0x00,
0x1a,0x00,0x10,0x00,0x00,0x00,0x00,0x00,0x0a,0x00,0x10,0x00,0x00,0x00,0x00,0x00,
0x31,0x00,0x00,0x07,0x22,0x00,0x10,0x00,0x00,0x00,0x00,0x00,0x01,0x40,0x00,0x00,
0x00,0x00,0x00,0x00,0x2a,0x00,0x10,0x00,0x01,0x00,0x00,0x00,0x01,0x00,0x00,0x07,
0x22,0x00,0x10,0x00,0x00,0x00,0x00,0x00,0x1a,0x00,0x10,0x00,0x00,0x00,0x00,0x00,
0x01,0x40,0x00,0x00,0x00,0x00,0x80,0x3f,0x32,0x00,0x00,0x09,0xf2,0x00,0x10,0x00,
0x01,0x00,0x00,0x00,0x46,0x0e,0x10,0x00,0x01,0x00,0x00,0x00,0x56,0x05,0x10,0x00,
0x00,0x00,0x00,0x00,0x46,0x0e,0x10,0x00,0x02,0x00,0x00,0x00,0x00,0x00,0x00,0x07,
0x12,0x00,0x10,0x00,0x00,0x00,0x00,0x00,0x1a,0x00,0x10,0x00,0x00,0x00,0x00,0x00,
0x0a,0x00,0x10,0x00,0x00,0x00,0x00,0x00,0x31,0x00,0x00,0x07,0x22,0x00,0x10,0x00,
0x00,0x00,0x00,0x00,0x01,0x40,0x00,0x00,0x00,0x00,0x00,0x00,0x2a,0x00,0x10,0x00,
0x06,0x00,0x00,0x00,0x01,0x00,0x00,0x07,0x22,0x00,0x10,0x00,0x00,0x00,0x00,0x00,
0x1a,0x00,0x10,0x00,0x00,0x00,0x00,0x00,0x01,0x40,0x00,0x00,0x00,0x00,0x80,0x3f,
0x32,0x00,0x00,0x09,0xf2,0x00,0x10,0x00,0x01,0x00,0x00,0x00,0x46,0x0e,0x10,0x00,
0x06,0x00,0x00,0x00,0x56,0x05,0x10,0x00,0x00,0x00,0x00,0x00,0x46,0x0e,0x10,0x00,
0x01,0x00,0x00,0x00,0x00,0x00,0x00,0x07,0x12,0x00,0x10,0x00,0x00,0x00,0x00,0x00,
0x1a,0x00,0x10,0x00,0x00,0x00,0x00,0x00,0x0a,0x00,0x10,0x00,0x00,0x00,0x00,0x00,
0x31,0x00,0x00,0x07,0x22,0x00,0x10,0x00,0x00,0x00,0x00,0x00,0x01,0x40,0x00,0x00,
0x6f,0x12,0x83,0x3a,0x0a,0x00,0x10,0x00,0x00,0x00,0x00,0x00,0x37,0x00,0x00,0x09,
0x12,0x00,0x10,0x00,0x00,0x00,0x00,0x00,0x1a,0x00,0x10,0x00,0x00,0x00,0x00,0x00,
0x0a,0x00,0x10,0x00,0x00,0x00,0x00,0x00,0x01,0x40,0x00,0x00,0x00,0x00,0x80,0x3f,
0x0e,0x00,0x00,0x07,0xf2,0x00,0x10,0x00,0x00,0x00,0x00,0x00,0x46,0x0e,0x10,0x00,
0x01,0x00,0x00,0x00,0x06,0x00,0x10,0x00,0x00,0x00,0x00,0x00,0xa4,0x00,0x00,0x07,
0xf2,0xe0,0x11,0x00,0x0b,0x00,0x00,0x00,0x96,0x0a,0x10,0x00,0x03,0x00,0x00,0x00,
0x46,0x0e,0x10,0x00,0x00,0x00,0x00,0x00,0x1e,0x00,0x00,0x07,0x12,0x00,0x10,0x00,
0x01,0x00,0x00,0x00,0x1a,0x00,0x10,0x00,0x03,0x00,0x00,0x00,0x1a,0x00,0x10,0x00,
0x04,0x00,0x00,0x00,0xa8,0x00,0x00,0x09,0x12,0xf0,0x11,0x00,0x01,0x00,0x00,0x00,
0x0a,0x00,0x10,0x00,0x01,0x00,0x00,0x00,0x01,0x40,0x00,0x00,0x00,0x00,0x00,0x00,
0x0a,0x00,0x10,0x00,0x00,0x00,0x00,0x00,0xa8,0x00,0x00,0x09,0x12,0xf0,0x11,0x00,
0x02,0x00,0x00,0x00,0x0a,0x00,0x10,0x00,0x01,0x00,0x00,0x00,0x01,0x40,0x00,0x00,
0x00,0x00,0x00,0x00,0x1a,0x00,0x10,0x00,0x00,0x00,0x00,0x00,0xa8,0x00,0x00,0x09,
0x12,0xf0,0x11,0x00,0x03,0x00,0x00,0x00,0x0a,0x00,0x10,0x00,0x01,0x00,0x00,0x00,
0x01,0x40,0x00,0x00,0x00,0x00,0x00,0x00,0x2a,0x00,0x10,0x00,0x00,0x00,0x00,0x00,
0xa8,0x00,0x00,0x09,0x12,0xf0,0x11,0x00,0x04,0x00,0x00,0x00,0x0a,0x00,0x10,0x00,
0x01,0x00,0x00,0x00,0x01,0x40,0x00,0x00,0x00,0x00,0x00,0x00,0x3a,0x00,0x10,0x00,
0x00,0x00,0x00,0x00,0x15,0x00,0x00,0x01,0x4f,0x00,0x00,0x08,0x12,0x00,0x10,0x00,
0x00,0x00,0x00,0x00,0x01,0x40,0x00,0x00,0x0b,0x00,0x00,0x00,0x0a,0x80,0x20,0x00,
0x01,0x00,0x00,0x00,0x00,0x00,0x00,0x00,0x1f,0x00,0x04,0x03,0x0a,0x00,0x10,0x00,
0x00,0x00,0x00,0x00,0xbe,0x10,0x00,0x01,0x4f,0x00,0x00,0x06,0x12,0x00,0x10,0x00,
0x00,0x00,0x00,0x00,0x0a,0x40,0x02,0x00,0x01,0x40,0x00,0x00,0x01,0x00,0x00,0x00,
0x1f,0x00,0x04,0x03,0x0a,0x00,0x10,0x00,0x00,0x00,0x00,0x00,0xa7,0x00,0x00,0x09,
0x12,0x00,0x10,0x00,0x00,0x00,0x00,0x00,0x01,0x40,0x00,0x00,0x00,0x00,0x00,0x00,
0x01,0x40,0x00,0x00,0x00,0x00,0x00,0x00,0x06,0xf0,0x11,0x00,0x01,0x00,0x00,0x00,
0xa7,0x00,0x00,0x09,0x22,0x00,0x10,0x00,0x00,0x00,0x00,0x00,0x01,0x40,0x00,0x00,
0x00,0x00,0x00,0x00,0x01,0x40,0x00,0x00,0x00,0x00,0x00,0x00,0x06,0xf0,0x11,0x00,
0x02,0x00,0x00,0x00,0xa7,0x00,0x00,0x09,0x42,0x00,0x10,0x00,0x00,0x00,0x00,0x00,
0x01,0x40,0x00,0x00,0x00,0x00,0x00,0x00,0x01,0x40,0x00,0x00,0x00,0x00,0x00,0x00,
0x06,0xf0,0x11,0x00,0x03,0x00,0x00,0x00,0xa7,0x00,0x00,0x09,0x82,0x00,0x10,0x00,
0x00,0x00,0x00,0x00,0x01,0x40,0x00,0x00,0x00,0x00,0x00,0x00,0x01,0x40,0x00,0x00,
0x00,0x00,0x00,0x00,0x06,0xf0,0x11,0x00,0x04,0x00,0x00,0x00,0xa7,0x00,0x00,0x09,
0x12,0x00,0x10,0x00,0x01,0x00,0x00,0x00,0x01,0x40,0x00,0x00,0x01,0x00,0x00,0x00,
0x01,0x40,0x00,0x00,0x00,0x00,0x00,0x00,0x06,0xf0,0x11,0x00,0x01,0x00,0x00,0x00,
0xa7,0x00,0x00,0x09,0x22,0x00,0x10,0x00,0x01,0x00,0x00,0x00,0x01,0x40,0x00,0x00,
0x01,0x00,0x00,0x00,0x01,0x40,0x00,0x00,0x00,0x00,0x00,0x00,0x06,0xf0,0x11,0x00,
0x02,0x00,0x00,0x00,0xa7,0x00,0x00,0x09,0x42,0x00,0x10,0x00,0x01,0x00,0x00,0x00,
0x01,0x40,0x00,0x00,0x01,0x00,0x00,0x00,0x01,0x40,0x00,0x00,0x00,0x00,0x00,0x00,
0x06,0xf0,0x11,0x00,0x03,0x00,0x00,0x00,0xa7,0x00,0x00,0x09,0x82,0x00,0x10,0x00,
0x01,0x00,0x00,0x00,0x01,0x40,0x00,0x00,0x01,0x00,0x00,0x00,0x01,0x40,0x00,0x00,
0x00,0x00,0x00,0x00,0x06,0xf0,0x11,0x00,0x04,0x00,0x00,0x00,0xa7,0x00,0x00,0x09,
0x12,0x00,0x10,0x00,0x02,0x00,0x00,0x00,0x01,0x40,0x00,0x00,0x02,0x00,0x00,0x00,
0x01,0x40,0x00,0x00,0x00,0x00,0x00,0x00,0x06,0xf0,0x11,0x00,0x01,0x00,0x00,0x00,
0xa7,0x00,0x00,0x09,0x22,0x00,0x10,0x00,0x02,0x00,0x00,0x00,0x01,0x40,0x00,0x00,
0x02,0x00,0x00,0x00,0x01,0x40,0x00,0x00,0x00,0x00,0x00,0x00,0x06,0xf0,0x11,0x00,
0x02,0x00,0x00,0x00,0xa7,0x00,0x00,0x09,0x42,0x00,0x10,0x00,0x02,0x00,0x00,0x00,
0x01,0x40,0x00,0x00,0x02,0x00,0x00,0x00,0x01,0x40,0x00,0x00,0x00,0x00,0x00,0x00,
0x06,0xf0,0x11,0x00,0x03,0x00,0x00,0x00,0xa7,0x00,0x00,0x09,0x82,0x00,0x10,0x00,
0x02,0x00,0x00,0x00,0x01,0x40,0x00,0x00,0x02,0x00,0x00,0x00,0x01,0x40,0x00,0x00,
0x00,0x00,0x00,0x00,0x06,0xf0,0x11,0x00,0x04,0x00,0x00,0x00,0xa7,0x00,0x00,0x09,
0x12,0x00,0x10,0x00,0x03,0x00,0x00,0x00,0x01,0x40,0x00,0x00,0x03,0x00,0x00,0x00,
0x01,0x40,0x00,0x00,0x00,0x00,0x00,0x00,0x06,0xf0,0x11,0x00,0x01,0x00,0x00,0x00,
0xa7,0x00,0x00,0x09,0x22,0x00,0x10,0x00,0x03,0x00,0x00,0x00,0x01,0x40,0x00,0x00,
0x03,0x00,0x00,0x00,0x01,0x40,0x00,0x00,0x00,0x00,0x00,0x00,0x06,0xf0,0x11,0x00,
0x02,0x00,0x00,0x00,0xa7,0x00,0x00,0x09,0x42,0x00,0x10,0x00,0x03,0x00,0x00,0x00,
0x01,0x40,0x00,0x00,0x03,0x00,0x00,0x00,0x01,0x40,0x00,0x00,0x00,0x00,0x00,0x00,
0x06,0xf0,0x11,0x00,0x03,0x00,0x00,0x00,0xa7,0x00,0x00,0x09,0x82,0x00,0x10,0x00,
0x03,0x00,0x00,0x00,0x01,0x40,0x00,0x00,0x03,0x00,0x00,0x00,0x01,0x40,0x00,0x00,
0x00,0x00,0x00,0x00,0x06,0xf0,0x11,0x00,0x04,0x00,0x00,0x00,0x31,0x00,0x00,0x07,
0x12,0x00,0x10,0x00,0x04,0x00,0x00,0x00,0x01,0x40,0x00,0x00,0x00,0x00,0x00,0x00,
0x2a,0x00,0x10,0x00,0x00,0x00,0x00,0x00,0x31,0x00,0x00,0x07,0x22,0x00,0x10,0x00,
0x04,0x00,0x00,0x00,0x01,0x40,0x00,0x00,0x00,0x00,0x00,0x00,0x2a,0x00,0x10,0x00,
0x01,0x00,0x00,0x00,0x01,0x00,0x00,0x0a,0x32,0x00,0x10,0x00,0x04,0x00,0x00,0x00,
0x46,0x00,0x10,0x00,0x04,0x00,0x00,0x00,0x02,0x40,0x00,0x00,0x00,0x00,0x80,0x3f,
0x00,0x00,0x80,0x3f,0x00,0x00,0x00,0x00,0x00,0x00,0x00,0x00,0x38,0x00,0x00,0x07,
0xf2,0x00,0x10,0x00,0x01,0x00,0x00,0x00,0x46,0x0e,0x10,0x00,0x01,0x00,0x00,0x00,
0x56,0x05,0x10,0x00,0x04,0x00,0x00,0x00,0x32,0x00,0x00,0x09,0xf2,0x00,0x10,0x00,
0x00,0x00,0x00,0x00,0x46,0x0e,0x10,0x00,0x00,0x00,0x00,0x00,0x06,0x00,0x10,0x00,
0x04,0x00,0x00,0x00,0x46,0x0e,0x10,0x00,0x01,0x00,0x00,0x00,0x00,0x00,0x00,0x07,
0x12,0x00,0x10,0x00,0x01,0x00,0x00,0x00,0x1a,0x00,0x10,0x00,0x04,0x00,0x00,0x00,
0x0a,0x00,0x10,0x00,0x04,0x00,0x00,0x00,0x31,0x00,0x00,0x07,0x22,0x00,0x10,0x00,
0x01,0x00,0x00,0x00,0x01,0x40,0x00,0x00,0x00,0x00,0x00,0x00,0x2a,0x00,0x10,0x00,
0x02,0x00,0x00,0x00,0x01,0x00,0x00,0x07,0x22,0x00,0x10,0x00,0x01,0x00,0x00,0x00,
0x1a,0x00,0x10,0x00,0x01,0x00,0x00,0x00,0x01,0x40,0x00,0x00,0x00,0x00,0x80,0x3f,
0x32,0x00,0x00,0x09,0xf2,0x00,0x10,0x00,0x00,0x00,0x00,0x00,0x46,0x0e,0x10,0x00,
0x02,0x00,0x00,0x00,0x56,0x05,0x10,0x00,0x01,0x00,0x00,0x00,0x46,0x0e,0x10,0x00,
0x00,0x00,0x00,0x00,0x00,0x00,0x00,0x07,0x12,0x00,0x10,0x00,0x01,0x00,0x00,0x00,
0x1a,0x00,0x10,0x00,0x01,0x00,0x00,0x00,0x0a,0x00,0x10,0x00,0x01,0x00,0x00,0x00,
0x31,0x00,0x00,0x07,0x22,0x00,0x10,0x00,0x01,0x00,0x00,0x00,0x01,0x40,0x00,0x00,
0x00,0x00,0x00,0x00,0x2a,0x00,0x10,0x00,0x03,0x00,0x00,0x00,0x01,0x00,0x00,0x07,
0x22,0x00,0x10,0x00,0x01,0x00,0x00,0x00,0x1a,0x00,0x10,0x00,0x01,0x00,0x00,0x00,
0x01,0x40,0x00,0x00,0x00,0x00,0x80,0x3f,0x32,0x00,0x00,0x09,0xf2,0x00,0x10,0x00,
0x00,0x00,0x00,0x00,0x46,0x0e,0x10,0x00,0x03,0x00,0x00,0x00,0x56,0x05,0x10,0x00,
0x01,0x00,0x00,0x00,0x46,0x0e,0x10,0x00,0x00,0x00,0x00,0x00,0x00,0x00,0x00,0x07,
0x12,0x00,0x10,0x00,0x01,0x00,0x00,0x00,0x1a,0x00,0x10,0x00,0x01,0x00,0x00,0x00,
0x0a,0x00,0x10,0x00,0x01,0x00,0x00,0x00,0x31,0x00,0x00,0x07,0x22,0x00,0x10,0x00,
0x01,0x00,0x00,0x00,0x01,0x40,0x00,0x00,0x6f,0x12,0x83,0x3a,0x0a,0x00,0x10,0x00,
0x01,0x00,0x00,0x00,0x37,0x00,0x00,0x09,0x12,0x00,0x10,0x00,0x01,0x00,0x00,0x00,
0x1a,0x00,0x10,0x00,0x01,0x00,0x00,0x00,0x0a,0x00,0x10,0x00,0x01,0x00,0x00,0x00,
0x01,0x40,0x00,0x00,0x00,0x00,0x80,0x3f,0x0e,0x00,0x00,0x07,0xf2,0x00,0x10,0x00,
0x00,0x00,0x00,0x00,0x46,0x0e,0x10,0x00,0x00,0x00,0x00,0x00,0x06,0x00,0x10,0x00,
0x01,0x00,0x00,0x00,0xa4,0x00,0x00,0x0a,0xf2,0xe0,0x11,0x00,0x0c,0x00,0x00,0x00,
0x02,0x40,0x00,0x00,0x00,0x00,0x00,0x00,0x00,0x00,0x00,0x00,0x00,0x00,0x00,0x00,
0x00,0x00,0x00,0x00,0x46,0x0e,0x10,0x00,0x00,0x00,0x00,0x00,0x15,0x00,0x00,0x01,
0x15,0x00,0x00,0x01,0x15,0x00,0x00,0x01,0x15,0x00,0x00,0x01,0x15,0x00,0x00,0x01,
0x15,0x00,0x00,0x01,0x15,0x00,0x00,0x01,0x3e,0x00,0x00,0x01,0x53,0x46,0x49,0x30,
0x08,0x00,0x00,0x00,0x08,0x08,0x00,0x00,0x00,0x00,0x00,0x00,0x53,0x54,0x41,0x54,
0x94,0x00,0x00,0x00,0x12,0x04,0x00,0x00,0x0f,0x00,0x00,0x00,0x00,0x00,0x00,0x00,
0x02,0x00,0x00,0x00,0x37,0x01,0x00,0x00,0x6d,0x00,0x00,0x00,0x89,0x00,0x00,0x00,
0x01,0x00,0x00,0x00,0x18,0x00,0x00,0x00,0x00,0x00,0x00,0x00,0x04,0x00,0x00,0x00,
0x0a,0x00,0x00,0x00,0x00,0x00,0x00,0x00,0x00,0x00,0x00,0x00,0x00,0x00,0x00,0x00,
0x30,0x00,0x00,0x00,0x00,0x00,0x00,0x00,0x00,0x00,0x00,0x00,0x00,0x00,0x00,0x00,
0x20,0x00,0x00,0x00,0x22,0x00,0x00,0x00,0x10,0x00,0x00,0x00,0x00,0x00,0x00,0x00,
0x00,0x00,0x00,0x00,0x00,0x00,0x00,0x00,0x00,0x00,0x00,0x00,0x00,0x00,0x00,0x00,
0x00,0x00,0x00,0x00,0x00,0x00,0x00,0x00,0x00,0x00,0x00,0x00,0x00,0x00,0x00,0x00,
0x00,0x00,0x00,0x00,0x00,0x00,0x00,0x00,0x00,0x00,0x00,0x00,0x0b,0x00,0x00,0x00,
0x01,0x00,0x00,0x00,0x13,0x00,0x00,0x00
};

