// ffx_fsr1_easu_pass_b6b14ebe599689ab6b33599ef5991185.h.
// Auto generated by FidelityFX-SC.

static const char* g_ffx_fsr1_easu_pass_b6b14ebe599689ab6b33599ef5991185_CBVResourceNames[] = {  "cbFSR1", };
static const uint32_t g_ffx_fsr1_easu_pass_b6b14ebe599689ab6b33599ef5991185_CBVResourceBindings[] = {  0, };
static const uint32_t g_ffx_fsr1_easu_pass_b6b14ebe599689ab6b33599ef5991185_CBVResourceCounts[] = {  1, };
static const uint32_t g_ffx_fsr1_easu_pass_b6b14ebe599689ab6b33599ef5991185_CBVResourceSpaces[] = {  1, };

static const char* g_ffx_fsr1_easu_pass_b6b14ebe599689ab6b33599ef5991185_TextureSRVResourceNames[] = {  "r_input_color", };
static const uint32_t g_ffx_fsr1_easu_pass_b6b14ebe599689ab6b33599ef5991185_TextureSRVResourceBindings[] = {  0, };
static const uint32_t g_ffx_fsr1_easu_pass_b6b14ebe599689ab6b33599ef5991185_TextureSRVResourceCounts[] = {  1, };
static const uint32_t g_ffx_fsr1_easu_pass_b6b14ebe599689ab6b33599ef5991185_TextureSRVResourceSpaces[] = {  1, };

static const char* g_ffx_fsr1_easu_pass_b6b14ebe599689ab6b33599ef5991185_TextureUAVResourceNames[] = {  "rw_internal_upscaled_color", };
static const uint32_t g_ffx_fsr1_easu_pass_b6b14ebe599689ab6b33599ef5991185_TextureUAVResourceBindings[] = {  0, };
static const uint32_t g_ffx_fsr1_easu_pass_b6b14ebe599689ab6b33599ef5991185_TextureUAVResourceCounts[] = {  1, };
static const uint32_t g_ffx_fsr1_easu_pass_b6b14ebe599689ab6b33599ef5991185_TextureUAVResourceSpaces[] = {  1, };

static const char* g_ffx_fsr1_easu_pass_b6b14ebe599689ab6b33599ef5991185_SamplerResourceNames[] = {  "s_LinearClamp", };
static const uint32_t g_ffx_fsr1_easu_pass_b6b14ebe599689ab6b33599ef5991185_SamplerResourceBindings[] = {  0, };
static const uint32_t g_ffx_fsr1_easu_pass_b6b14ebe599689ab6b33599ef5991185_SamplerResourceCounts[] = {  1, };
static const uint32_t g_ffx_fsr1_easu_pass_b6b14ebe599689ab6b33599ef5991185_SamplerResourceSpaces[] = {  1, };

static const uint32_t g_ffx_fsr1_easu_pass_b6b14ebe599689ab6b33599ef5991185_size = 39112;

static const unsigned char g_ffx_fsr1_easu_pass_b6b14ebe599689ab6b33599ef5991185_data[] = {
0x44,0x58,0x42,0x43,0xbe,0x4e,0xb1,0xb6,0xab,0x89,0x96,0x59,0x9e,0x59,0x33,0x6b,
0x85,0x11,0x99,0xf5,0x01,0x00,0x00,0x00,0xc8,0x98,0x00,0x00,0x05,0x00,0x00,0x00,
0x34,0x00,0x00,0x00,0x94,0x02,0x00,0x00,0xa4,0x02,0x00,0x00,0xb4,0x02,0x00,0x00,
0x2c,0x98,0x00,0x00,0x52,0x44,0x45,0x46,0x58,0x02,0x00,0x00,0x01,0x00,0x00,0x00,
0xfc,0x00,0x00,0x00,0x04,0x00,0x00,0x00,0x3c,0x00,0x00,0x00,0x00,0x05,0x53,0x43,
0x00,0x01,0x00,0x00,0x30,0x02,0x00,0x00,0x52,0x44,0x31,0x31,0x3c,0x00,0x00,0x00,
0x18,0x00,0x00,0x00,0x20,0x00,0x00,0x00,0x28,0x00,0x00,0x00,0x24,0x00,0x00,0x00,
0x0c,0x00,0x00,0x00,0x00,0x00,0x00,0x00,0xbc,0x00,0x00,0x00,0x03,0x00,0x00,0x00,
0x00,0x00,0x00,0x00,0x00,0x00,0x00,0x00,0x00,0x00,0x00,0x00,0x00,0x00,0x00,0x00,
0x01,0x00,0x00,0x00,0x01,0x00,0x00,0x00,0xca,0x00,0x00,0x00,0x02,0x00,0x00,0x00,
0x05,0x00,0x00,0x00,0x04,0x00,0x00,0x00,0xff,0xff,0xff,0xff,0x00,0x00,0x00,0x00,
0x01,0x00,0x00,0x00,0x0d,0x00,0x00,0x00,0xd8,0x00,0x00,0x00,0x04,0x00,0x00,0x00,
0x05,0x00,0x00,0x00,0x04,0x00,0x00,0x00,0xff,0xff,0xff,0xff,0x00,0x00,0x00,0x00,
0x01,0x00,0x00,0x00,0x0d,0x00,0x00,0x00,0xf3,0x00,0x00,0x00,0x00,0x00,0x00,0x00,
0x00,0x00,0x00,0x00,0x00,0x00,0x00,0x00,0x00,0x00,0x00,0x00,0x00,0x00,0x00,0x00,
0x01,0x00,0x00,0x00,0x01,0x00,0x00,0x00,0x73,0x5f,0x4c,0x69,0x6e,0x65,0x61,0x72,
0x43,0x6c,0x61,0x6d,0x70,0x00,0x72,0x5f,0x69,0x6e,0x70,0x75,0x74,0x5f,0x63,0x6f,
0x6c,0x6f,0x72,0x00,0x72,0x77,0x5f,0x69,0x6e,0x74,0x65,0x72,0x6e,0x61,0x6c,0x5f,
0x75,0x70,0x73,0x63,0x61,0x6c,0x65,0x64,0x5f,0x63,0x6f,0x6c,0x6f,0x72,0x00,0x63,
0x62,0x46,0x53,0x52,0x31,0x00,0xab,0xab,0xf3,0x00,0x00,0x00,0x05,0x00,0x00,0x00,
0x14,0x01,0x00,0x00,0x50,0x00,0x00,0x00,0x00,0x00,0x00,0x00,0x00,0x00,0x00,0x00,
0xdc,0x01,0x00,0x00,0x00,0x00,0x00,0x00,0x10,0x00,0x00,0x00,0x02,0x00,0x00,0x00,
0xf0,0x01,0x00,0x00,0x00,0x00,0x00,0x00,0xff,0xff,0xff,0xff,0x00,0x00,0x00,0x00,
0xff,0xff,0xff,0xff,0x00,0x00,0x00,0x00,0x14,0x02,0x00,0x00,0x10,0x00,0x00,0x00,
0x10,0x00,0x00,0x00,0x02,0x00,0x00,0x00,0xf0,0x01,0x00,0x00,0x00,0x00,0x00,0x00,
0xff,0xff,0xff,0xff,0x00,0x00,0x00,0x00,0xff,0xff,0xff,0xff,0x00,0x00,0x00,0x00,
0x1b,0x02,0x00,0x00,0x20,0x00,0x00,0x00,0x10,0x00,0x00,0x00,0x02,0x00,0x00,0x00,
0xf0,0x01,0x00,0x00,0x00,0x00,0x00,0x00,0xff,0xff,0xff,0xff,0x00,0x00,0x00,0x00,
0xff,0xff,0xff,0xff,0x00,0x00,0x00,0x00,0x22,0x02,0x00,0x00,0x30,0x00,0x00,0x00,
0x10,0x00,0x00,0x00,0x02,0x00,0x00,0x00,0xf0,0x01,0x00,0x00,0x00,0x00,0x00,0x00,
0xff,0xff,0xff,0xff,0x00,0x00,0x00,0x00,0xff,0xff,0xff,0xff,0x00,0x00,0x00,0x00,
0x29,0x02,0x00,0x00,0x40,0x00,0x00,0x00,0x10,0x00,0x00,0x00,0x02,0x00,0x00,0x00,
0xf0,0x01,0x00,0x00,0x00,0x00,0x00,0x00,0xff,0xff,0xff,0xff,0x00,0x00,0x00,0x00,
0xff,0xff,0xff,0xff,0x00,0x00,0x00,0x00,0x63,0x6f,0x6e,0x73,0x74,0x30,0x00,0x46,
0x66,0x78,0x55,0x49,0x6e,0x74,0x33,0x32,0x78,0x34,0x00,0xab,0x01,0x00,0x13,0x00,
0x01,0x00,0x04,0x00,0x00,0x00,0x00,0x00,0x00,0x00,0x00,0x00,0x00,0x00,0x00,0x00,
0x00,0x00,0x00,0x00,0x00,0x00,0x00,0x00,0x00,0x00,0x00,0x00,0xe3,0x01,0x00,0x00,
0x63,0x6f,0x6e,0x73,0x74,0x31,0x00,0x63,0x6f,0x6e,0x73,0x74,0x32,0x00,0x63,0x6f,
0x6e,0x73,0x74,0x33,0x00,0x73,0x61,0x6d,0x70,0x6c,0x65,0x00,0x4d,0x69,0x63,0x72,
0x6f,0x73,0x6f,0x66,0x74,0x20,0x28,0x52,0x29,0x20,0x48,0x4c,0x53,0x4c,0x20,0x53,
0x68,0x61,0x64,0x65,0x72,0x20,0x43,0x6f,0x6d,0x70,0x69,0x6c,0x65,0x72,0x20,0x31,
0x30,0x2e,0x31,0x00,0x49,0x53,0x47,0x4e,0x08,0x00,0x00,0x00,0x00,0x00,0x00,0x00,
0x08,0x00,0x00,0x00,0x4f,0x53,0x47,0x4e,0x08,0x00,0x00,0x00,0x00,0x00,0x00,0x00,
0x08,0x00,0x00,0x00,0x53,0x48,0x45,0x58,0x70,0x95,0x00,0x00,0x50,0x00,0x05,0x00,
0x5c,0x25,0x00,0x00,0x6a,0x08,0x00,0x01,0x59,0x00,0x00,0x04,0x46,0x8e,0x20,0x00,
0x00,0x00,0x00,0x00,0x05,0x00,0x00,0x00,0x5a,0x00,0x00,0x03,0x00,0x60,0x10,0x00,
0x00,0x00,0x00,0x00,0x58,0x18,0x00,0x04,0x00,0x70,0x10,0x00,0x00,0x00,0x00,0x00,
0x55,0x55,0x00,0x00,0x9c,0x18,0x00,0x04,0x00,0xe0,0x11,0x00,0x00,0x00,0x00,0x00,
0x55,0x55,0x00,0x00,0x5f,0x00,0x00,0x02,0x32,0x10,0x02,0x00,0x5f,0x00,0x00,0x02,
0x12,0x20,0x02,0x00,0x68,0x00,0x00,0x02,0x15,0x00,0x00,0x00,0x9b,0x00,0x00,0x04,
0x40,0x00,0x00,0x00,0x01,0x00,0x00,0x00,0x01,0x00,0x00,0x00,0x55,0x00,0x00,0x06,
0x12,0x00,0x10,0x00,0x00,0x00,0x00,0x00,0x0a,0x20,0x02,0x00,0x01,0x40,0x00,0x00,
0x03,0x00,0x00,0x00,0x8c,0x00,0x00,0x0a,0x82,0x00,0x10,0x00,0x00,0x00,0x00,0x00,
0x01,0x40,0x00,0x00,0x01,0x00,0x00,0x00,0x01,0x40,0x00,0x00,0x00,0x00,0x00,0x00,
0x0a,0x20,0x02,0x00,0x0a,0x00,0x10,0x00,0x00,0x00,0x00,0x00,0x8a,0x00,0x00,0x08,
0x42,0x00,0x10,0x00,0x00,0x00,0x00,0x00,0x01,0x40,0x00,0x00,0x03,0x00,0x00,0x00,
0x01,0x40,0x00,0x00,0x01,0x00,0x00,0x00,0x0a,0x20,0x02,0x00,0x23,0x00,0x00,0x0b,
0xc2,0x00,0x10,0x00,0x00,0x00,0x00,0x00,0x06,0x14,0x02,0x00,0x02,0x40,0x00,0x00,
0x00,0x00,0x00,0x00,0x00,0x00,0x00,0x00,0x10,0x00,0x00,0x00,0x10,0x00,0x00,0x00,
0xa6,0x0e,0x10,0x00,0x00,0x00,0x00,0x00,0x56,0x00,0x00,0x05,0x32,0x00,0x10,0x00,
0x01,0x00,0x00,0x00,0xe6,0x0a,0x10,0x00,0x00,0x00,0x00,0x00,0x32,0x00,0x00,0x0b,
0x32,0x00,0x10,0x00,0x01,0x00,0x00,0x00,0x46,0x00,0x10,0x00,0x01,0x00,0x00,0x00,
0x46,0x80,0x20,0x00,0x00,0x00,0x00,0x00,0x00,0x00,0x00,0x00,0xe6,0x8a,0x20,0x00,
0x00,0x00,0x00,0x00,0x00,0x00,0x00,0x00,0x41,0x00,0x00,0x05,0xc2,0x00,0x10,0x00,
0x01,0x00,0x00,0x00,0x06,0x04,0x10,0x00,0x01,0x00,0x00,0x00,0x00,0x00,0x00,0x08,
0x32,0x00,0x10,0x00,0x01,0x00,0x00,0x00,0xe6,0x0a,0x10,0x80,0x41,0x00,0x00,0x00,
0x01,0x00,0x00,0x00,0x46,0x00,0x10,0x00,0x01,0x00,0x00,0x00,0x32,0x00,0x00,0x0b,
0xc2,0x00,0x10,0x00,0x01,0x00,0x00,0x00,0xa6,0x0e,0x10,0x00,0x01,0x00,0x00,0x00,
0x06,0x84,0x20,0x00,0x00,0x00,0x00,0x00,0x01,0x00,0x00,0x00,0xa6,0x8e,0x20,0x00,
0x00,0x00,0x00,0x00,0x01,0x00,0x00,0x00,0x6d,0x00,0x00,0x8b,0xc2,0x00,0x00,0x80,
0x43,0x55,0x15,0x00,0x32,0x00,0x10,0x00,0x02,0x00,0x00,0x00,0xe6,0x0a,0x10,0x00,
0x01,0x00,0x00,0x00,0x46,0x7e,0x10,0x00,0x00,0x00,0x00,0x00,0x0a,0x60,0x10,0x00,
0x00,0x00,0x00,0x00,0x6d,0x00,0x00,0x8b,0xc2,0x00,0x00,0x80,0x43,0x55,0x15,0x00,
0x32,0x00,0x10,0x00,0x03,0x00,0x00,0x00,0xe6,0x0a,0x10,0x00,0x01,0x00,0x00,0x00,
0x46,0x7e,0x10,0x00,0x00,0x00,0x00,0x00,0x1a,0x60,0x10,0x00,0x00,0x00,0x00,0x00,
0x32,0x00,0x00,0x0c,0xc2,0x00,0x10,0x00,0x03,0x00,0x00,0x00,0x06,0x04,0x10,0x00,
0x02,0x00,0x00,0x00,0x02,0x40,0x00,0x00,0x00,0x00,0x00,0x00,0x00,0x00,0x00,0x00,
0x00,0x00,0x00,0x3f,0x00,0x00,0x00,0x3f,0x06,0x04,0x10,0x00,0x03,0x00,0x00,0x00,
0x6d,0x00,0x00,0x8b,0xc2,0x00,0x00,0x80,0x43,0x55,0x15,0x00,0x32,0x00,0x10,0x00,
0x04,0x00,0x00,0x00,0xe6,0x0a,0x10,0x00,0x01,0x00,0x00,0x00,0x46,0x7e,0x10,0x00,
0x00,0x00,0x00,0x00,0x2a,0x60,0x10,0x00,0x00,0x00,0x00,0x00,0x32,0x00,0x00,0x0c,
0xc2,0x00,0x10,0x00,0x03,0x00,0x00,0x00,0x06,0x04,0x10,0x00,0x04,0x00,0x00,0x00,
0x02,0x40,0x00,0x00,0x00,0x00,0x00,0x00,0x00,0x00,0x00,0x00,0x00,0x00,0x00,0x3f,
0x00,0x00,0x00,0x3f,0xa6,0x0e,0x10,0x00,0x03,0x00,0x00,0x00,0x00,0x00,0x00,0x08,
0xf2,0x00,0x10,0x00,0x05,0x00,0x00,0x00,0xe6,0x0e,0x10,0x00,0x01,0x00,0x00,0x00,
0x46,0x8e,0x20,0x00,0x00,0x00,0x00,0x00,0x02,0x00,0x00,0x00,0x00,0x00,0x00,0x08,
0xc2,0x00,0x10,0x00,0x01,0x00,0x00,0x00,0xa6,0x0e,0x10,0x00,0x01,0x00,0x00,0x00,
0x06,0x84,0x20,0x00,0x00,0x00,0x00,0x00,0x03,0x00,0x00,0x00,0x6d,0x00,0x00,0x8b,
0xc2,0x00,0x00,0x80,0x43,0x55,0x15,0x00,0xf2,0x00,0x10,0x00,0x06,0x00,0x00,0x00,
0xe6,0x0a,0x10,0x00,0x05,0x00,0x00,0x00,0x46,0x7b,0x10,0x00,0x00,0x00,0x00,0x00,
0x2a,0x60,0x10,0x00,0x00,0x00,0x00,0x00,0x6d,0x00,0x00,0x8b,0xc2,0x00,0x00,0x80,
0x43,0x55,0x15,0x00,0xf2,0x00,0x10,0x00,0x07,0x00,0x00,0x00,0xe6,0x0a,0x10,0x00,
0x05,0x00,0x00,0x00,0x46,0x7e,0x10,0x00,0x00,0x00,0x00,0x00,0x0a,0x60,0x10,0x00,
0x00,0x00,0x00,0x00,0x6d,0x00,0x00,0x8b,0xc2,0x00,0x00,0x80,0x43,0x55,0x15,0x00,
0xf2,0x00,0x10,0x00,0x08,0x00,0x00,0x00,0xe6,0x0a,0x10,0x00,0x05,0x00,0x00,0x00,
0x86,0x7d,0x10,0x00,0x00,0x00,0x00,0x00,0x1a,0x60,0x10,0x00,0x00,0x00,0x00,0x00,
0x32,0x00,0x00,0x0c,0xf2,0x00,0x10,0x00,0x09,0x00,0x00,0x00,0x46,0x0e,0x10,0x00,
0x07,0x00,0x00,0x00,0x02,0x40,0x00,0x00,0x00,0x00,0x00,0x3f,0x00,0x00,0x00,0x3f,
0x00,0x00,0x00,0x3f,0x00,0x00,0x00,0x3f,0x86,0x0d,0x10,0x00,0x08,0x00,0x00,0x00,
0x32,0x00,0x00,0x0c,0xf2,0x00,0x10,0x00,0x09,0x00,0x00,0x00,0x46,0x0b,0x10,0x00,
0x06,0x00,0x00,0x00,0x02,0x40,0x00,0x00,0x00,0x00,0x00,0x3f,0x00,0x00,0x00,0x3f,
0x00,0x00,0x00,0x3f,0x00,0x00,0x00,0x3f,0x46,0x0e,0x10,0x00,0x09,0x00,0x00,0x00,
0x00,0x00,0x00,0x08,0xc2,0x00,0x10,0x00,0x04,0x00,0x00,0x00,0xf6,0x0f,0x10,0x80,
0x41,0x00,0x00,0x00,0x03,0x00,0x00,0x00,0xf6,0x03,0x10,0x00,0x09,0x00,0x00,0x00,
0x00,0x00,0x00,0x08,0x72,0x00,0x10,0x00,0x0a,0x00,0x00,0x00,0xf6,0x0c,0x10,0x80,
0x41,0x00,0x00,0x00,0x09,0x00,0x00,0x00,0x26,0x09,0x10,0x00,0x09,0x00,0x00,0x00,
0x34,0x00,0x00,0x09,0x82,0x00,0x10,0x00,0x02,0x00,0x00,0x00,0x2a,0x00,0x10,0x80,
0x81,0x00,0x00,0x00,0x04,0x00,0x00,0x00,0x1a,0x00,0x10,0x80,0x81,0x00,0x00,0x00,
0x0a,0x00,0x00,0x00,0x1e,0x00,0x00,0x08,0x82,0x00,0x10,0x00,0x02,0x00,0x00,0x00,
0x3a,0x00,0x10,0x80,0x41,0x00,0x00,0x00,0x02,0x00,0x00,0x00,0x01,0x40,0x00,0x00,
0xbb,0x7e,0xf0,0x7e,0x38,0x20,0x00,0x08,0x82,0x00,0x10,0x00,0x02,0x00,0x00,0x00,
0x3a,0x00,0x10,0x00,0x02,0x00,0x00,0x00,0x3a,0x00,0x10,0x80,0x81,0x00,0x00,0x00,
0x04,0x00,0x00,0x00,0x38,0x00,0x00,0x07,0x82,0x00,0x10,0x00,0x02,0x00,0x00,0x00,
0x3a,0x00,0x10,0x00,0x02,0x00,0x00,0x00,0x3a,0x00,0x10,0x00,0x02,0x00,0x00,0x00,
0x6d,0x00,0x00,0x8b,0xc2,0x00,0x00,0x80,0x43,0x55,0x15,0x00,0xf2,0x00,0x10,0x00,
0x0b,0x00,0x00,0x00,0x46,0x00,0x10,0x00,0x05,0x00,0x00,0x00,0x46,0x7b,0x10,0x00,
0x00,0x00,0x00,0x00,0x2a,0x60,0x10,0x00,0x00,0x00,0x00,0x00,0x6d,0x00,0x00,0x8b,
0xc2,0x00,0x00,0x80,0x43,0x55,0x15,0x00,0xf2,0x00,0x10,0x00,0x0c,0x00,0x00,0x00,
0x46,0x00,0x10,0x00,0x05,0x00,0x00,0x00,0x46,0x7e,0x10,0x00,0x00,0x00,0x00,0x00,
0x0a,0x60,0x10,0x00,0x00,0x00,0x00,0x00,0x6d,0x00,0x00,0x8b,0xc2,0x00,0x00,0x80,
0x43,0x55,0x15,0x00,0xf2,0x00,0x10,0x00,0x05,0x00,0x00,0x00,0x46,0x00,0x10,0x00,
0x05,0x00,0x00,0x00,0x86,0x7d,0x10,0x00,0x00,0x00,0x00,0x00,0x1a,0x60,0x10,0x00,
0x00,0x00,0x00,0x00,0x32,0x00,0x00,0x0c,0xf2,0x00,0x10,0x00,0x0d,0x00,0x00,0x00,
0xe6,0x01,0x10,0x00,0x0c,0x00,0x00,0x00,0x02,0x40,0x00,0x00,0x00,0x00,0x00,0x3f,
0x00,0x00,0x00,0x3f,0x00,0x00,0x00,0x3f,0x00,0x00,0x00,0x3f,0xd6,0x02,0x10,0x00,
0x05,0x00,0x00,0x00,0x32,0x00,0x00,0x0c,0xf2,0x00,0x10,0x00,0x0d,0x00,0x00,0x00,
0xb6,0x01,0x10,0x00,0x0b,0x00,0x00,0x00,0x02,0x40,0x00,0x00,0x00,0x00,0x00,0x3f,
0x00,0x00,0x00,0x3f,0x00,0x00,0x00,0x3f,0x00,0x00,0x00,0x3f,0x46,0x0e,0x10,0x00,
0x0d,0x00,0x00,0x00,0x00,0x00,0x00,0x08,0xc2,0x00,0x10,0x00,0x03,0x00,0x00,0x00,
0xa6,0x0a,0x10,0x80,0x41,0x00,0x00,0x00,0x03,0x00,0x00,0x00,0x06,0x08,0x10,0x00,
0x0d,0x00,0x00,0x00,0x00,0x00,0x00,0x08,0x72,0x00,0x10,0x00,0x0e,0x00,0x00,0x00,
0x16,0x07,0x10,0x80,0x41,0x00,0x00,0x00,0x0d,0x00,0x00,0x00,0x86,0x02,0x10,0x00,
0x0d,0x00,0x00,0x00,0x34,0x00,0x00,0x09,0x42,0x00,0x10,0x00,0x03,0x00,0x00,0x00,
0x2a,0x00,0x10,0x80,0x81,0x00,0x00,0x00,0x03,0x00,0x00,0x00,0x1a,0x00,0x10,0x80,
0x81,0x00,0x00,0x00,0x0e,0x00,0x00,0x00,0x1e,0x00,0x00,0x08,0x42,0x00,0x10,0x00,
0x03,0x00,0x00,0x00,0x2a,0x00,0x10,0x80,0x41,0x00,0x00,0x00,0x03,0x00,0x00,0x00,
0x01,0x40,0x00,0x00,0xbb,0x7e,0xf0,0x7e,0x38,0x20,0x00,0x08,0x42,0x00,0x10,0x00,
0x03,0x00,0x00,0x00,0x2a,0x00,0x10,0x00,0x03,0x00,0x00,0x00,0x3a,0x00,0x10,0x80,
0x81,0x00,0x00,0x00,0x03,0x00,0x00,0x00,0x38,0x00,0x00,0x07,0x42,0x00,0x10,0x00,
0x03,0x00,0x00,0x00,0x2a,0x00,0x10,0x00,0x03,0x00,0x00,0x00,0x2a,0x00,0x10,0x00,
0x03,0x00,0x00,0x00,0x00,0x00,0x00,0x0b,0xf2,0x00,0x10,0x00,0x0f,0x00,0x00,0x00,
0x46,0x04,0x10,0x80,0x41,0x00,0x00,0x00,0x01,0x00,0x00,0x00,0x02,0x40,0x00,0x00,
0x00,0x00,0x80,0x3f,0x00,0x00,0x80,0x3f,0x00,0x00,0x00,0x00,0x00,0x00,0x80,0xbf,
0x38,0x00,0x00,0x07,0x42,0x00,0x10,0x00,0x04,0x00,0x00,0x00,0x1a,0x00,0x10,0x00,
0x0f,0x00,0x00,0x00,0x0a,0x00,0x10,0x00,0x0f,0x00,0x00,0x00,0x38,0x00,0x00,0x07,
0x42,0x00,0x10,0x00,0x03,0x00,0x00,0x00,0x2a,0x00,0x10,0x00,0x03,0x00,0x00,0x00,
0x2a,0x00,0x10,0x00,0x04,0x00,0x00,0x00,0x00,0x00,0x00,0x08,0xf2,0x00,0x10,0x00,
0x10,0x00,0x00,0x00,0xf6,0x02,0x10,0x00,0x09,0x00,0x00,0x00,0x46,0x08,0x10,0x80,
0x41,0x00,0x00,0x00,0x0d,0x00,0x00,0x00,0x34,0x00,0x00,0x09,0x52,0x00,0x10,0x00,
0x0e,0x00,0x00,0x00,0x06,0x02,0x10,0x80,0x81,0x00,0x00,0x00,0x0e,0x00,0x00,0x00,
0x06,0x03,0x10,0x80,0x81,0x00,0x00,0x00,0x10,0x00,0x00,0x00,0x1e,0x00,0x00,0x0b,
0x52,0x00,0x10,0x00,0x0e,0x00,0x00,0x00,0x06,0x02,0x10,0x80,0x41,0x00,0x00,0x00,
0x0e,0x00,0x00,0x00,0x02,0x40,0x00,0x00,0xbb,0x7e,0xf0,0x7e,0x00,0x00,0x00,0x00,
0xbb,0x7e,0xf0,0x7e,0x00,0x00,0x00,0x00,0x38,0x20,0x00,0x08,0x42,0x00,0x10,0x00,
0x09,0x00,0x00,0x00,0x0a,0x00,0x10,0x00,0x0e,0x00,0x00,0x00,0x1a,0x00,0x10,0x80,
0x81,0x00,0x00,0x00,0x10,0x00,0x00,0x00,0x38,0x00,0x00,0x07,0x42,0x00,0x10,0x00,
0x09,0x00,0x00,0x00,0x2a,0x00,0x10,0x00,0x09,0x00,0x00,0x00,0x2a,0x00,0x10,0x00,
0x09,0x00,0x00,0x00,0x32,0x00,0x00,0x09,0x42,0x00,0x10,0x00,0x03,0x00,0x00,0x00,
0x2a,0x00,0x10,0x00,0x09,0x00,0x00,0x00,0x2a,0x00,0x10,0x00,0x04,0x00,0x00,0x00,
0x2a,0x00,0x10,0x00,0x03,0x00,0x00,0x00,0x34,0x00,0x00,0x09,0x52,0x00,0x10,0x00,
0x0a,0x00,0x00,0x00,0x06,0x02,0x10,0x80,0x81,0x00,0x00,0x00,0x0a,0x00,0x00,0x00,
0x06,0x03,0x10,0x80,0x81,0x00,0x00,0x00,0x10,0x00,0x00,0x00,0x1e,0x00,0x00,0x0b,
0x52,0x00,0x10,0x00,0x0a,0x00,0x00,0x00,0x06,0x02,0x10,0x80,0x41,0x00,0x00,0x00,
0x0a,0x00,0x00,0x00,0x02,0x40,0x00,0x00,0xbb,0x7e,0xf0,0x7e,0x00,0x00,0x00,0x00,
0xbb,0x7e,0xf0,0x7e,0x00,0x00,0x00,0x00,0x38,0x20,0x00,0x08,0x42,0x00,0x10,0x00,
0x09,0x00,0x00,0x00,0x0a,0x00,0x10,0x00,0x0a,0x00,0x00,0x00,0x2a,0x00,0x10,0x80,
0x81,0x00,0x00,0x00,0x10,0x00,0x00,0x00,0x38,0x00,0x00,0x07,0x42,0x00,0x10,0x00,
0x09,0x00,0x00,0x00,0x2a,0x00,0x10,0x00,0x09,0x00,0x00,0x00,0x2a,0x00,0x10,0x00,
0x09,0x00,0x00,0x00,0x38,0x00,0x00,0x07,0x92,0x00,0x10,0x00,0x0a,0x00,0x00,0x00,
0x06,0x04,0x10,0x00,0x01,0x00,0x00,0x00,0x56,0x01,0x10,0x00,0x0f,0x00,0x00,0x00,
0x32,0x00,0x00,0x09,0x42,0x00,0x10,0x00,0x03,0x00,0x00,0x00,0x2a,0x00,0x10,0x00,
0x09,0x00,0x00,0x00,0x0a,0x00,0x10,0x00,0x0a,0x00,0x00,0x00,0x2a,0x00,0x10,0x00,
0x03,0x00,0x00,0x00,0x32,0x00,0x00,0x09,0x82,0x00,0x10,0x00,0x02,0x00,0x00,0x00,
0x3a,0x00,0x10,0x00,0x02,0x00,0x00,0x00,0x0a,0x00,0x10,0x00,0x0a,0x00,0x00,0x00,
0x2a,0x00,0x10,0x00,0x03,0x00,0x00,0x00,0x00,0x00,0x00,0x08,0x62,0x00,0x10,0x00,
0x09,0x00,0x00,0x00,0x06,0x01,0x10,0x00,0x09,0x00,0x00,0x00,0xf6,0x0e,0x10,0x80,
0x41,0x00,0x00,0x00,0x0d,0x00,0x00,0x00,0x38,0x20,0x00,0x08,0x42,0x00,0x10,0x00,
0x03,0x00,0x00,0x00,0x2a,0x00,0x10,0x00,0x0e,0x00,0x00,0x00,0x1a,0x00,0x10,0x80,
0x81,0x00,0x00,0x00,0x09,0x00,0x00,0x00,0x38,0x00,0x00,0x07,0x42,0x00,0x10,0x00,
0x03,0x00,0x00,0x00,0x2a,0x00,0x10,0x00,0x03,0x00,0x00,0x00,0x2a,0x00,0x10,0x00,
0x03,0x00,0x00,0x00,0x32,0x00,0x00,0x09,0x82,0x00,0x10,0x00,0x02,0x00,0x00,0x00,
0x2a,0x00,0x10,0x00,0x03,0x00,0x00,0x00,0x3a,0x00,0x10,0x00,0x0a,0x00,0x00,0x00,
0x3a,0x00,0x10,0x00,0x02,0x00,0x00,0x00,0x6d,0x00,0x00,0x8b,0xc2,0x00,0x00,0x80,
0x43,0x55,0x15,0x00,0xa2,0x00,0x10,0x00,0x0d,0x00,0x00,0x00,0xe6,0x0a,0x10,0x00,
0x01,0x00,0x00,0x00,0x86,0x7d,0x10,0x00,0x00,0x00,0x00,0x00,0x0a,0x60,0x10,0x00,
0x00,0x00,0x00,0x00,0x6d,0x00,0x00,0x8b,0xc2,0x00,0x00,0x80,0x43,0x55,0x15,0x00,
0xa2,0x00,0x10,0x00,0x11,0x00,0x00,0x00,0xe6,0x0a,0x10,0x00,0x01,0x00,0x00,0x00,
0x86,0x7d,0x10,0x00,0x00,0x00,0x00,0x00,0x1a,0x60,0x10,0x00,0x00,0x00,0x00,0x00,
0x6d,0x00,0x00,0x8b,0xc2,0x00,0x00,0x80,0x43,0x55,0x15,0x00,0xc2,0x00,0x10,0x00,
0x12,0x00,0x00,0x00,0xe6,0x0a,0x10,0x00,0x01,0x00,0x00,0x00,0x46,0x7b,0x10,0x00,
0x00,0x00,0x00,0x00,0x2a,0x60,0x10,0x00,0x00,0x00,0x00,0x00,0x32,0x00,0x00,0x0c,
0xc2,0x00,0x10,0x00,0x01,0x00,0x00,0x00,0x56,0x0d,0x10,0x00,0x0d,0x00,0x00,0x00,
0x02,0x40,0x00,0x00,0x00,0x00,0x00,0x00,0x00,0x00,0x00,0x00,0x00,0x00,0x00,0x3f,
0x00,0x00,0x00,0x3f,0x56,0x0d,0x10,0x00,0x11,0x00,0x00,0x00,0x32,0x00,0x00,0x0c,
0xc2,0x00,0x10,0x00,0x01,0x00,0x00,0x00,0xf6,0x0b,0x10,0x00,0x12,0x00,0x00,0x00,
0x02,0x40,0x00,0x00,0x00,0x00,0x00,0x00,0x00,0x00,0x00,0x00,0x00,0x00,0x00,0x3f,
0x00,0x00,0x00,0x3f,0xa6,0x0e,0x10,0x00,0x01,0x00,0x00,0x00,0x00,0x00,0x00,0x08,
0x52,0x00,0x10,0x00,0x0d,0x00,0x00,0x00,0xa6,0x08,0x10,0x80,0x41,0x00,0x00,0x00,
0x0d,0x00,0x00,0x00,0xf6,0x0f,0x10,0x00,0x01,0x00,0x00,0x00,0x00,0x00,0x00,0x08,
0xc2,0x00,0x10,0x00,0x01,0x00,0x00,0x00,0x06,0x0c,0x10,0x80,0x41,0x00,0x00,0x00,
0x09,0x00,0x00,0x00,0xa6,0x0a,0x10,0x00,0x01,0x00,0x00,0x00,0x34,0x00,0x00,0x09,
0x42,0x00,0x10,0x00,0x03,0x00,0x00,0x00,0x1a,0x00,0x10,0x80,0x81,0x00,0x00,0x00,
0x0e,0x00,0x00,0x00,0x0a,0x00,0x10,0x80,0x81,0x00,0x00,0x00,0x0d,0x00,0x00,0x00,
0x1e,0x00,0x00,0x08,0x42,0x00,0x10,0x00,0x03,0x00,0x00,0x00,0x2a,0x00,0x10,0x80,
0x41,0x00,0x00,0x00,0x03,0x00,0x00,0x00,0x01,0x40,0x00,0x00,0xbb,0x7e,0xf0,0x7e,
0x38,0x20,0x00,0x08,0x42,0x00,0x10,0x00,0x03,0x00,0x00,0x00,0x2a,0x00,0x10,0x00,
0x03,0x00,0x00,0x00,0x2a,0x00,0x10,0x80,0x81,0x00,0x00,0x00,0x0d,0x00,0x00,0x00,
0x38,0x00,0x00,0x07,0x42,0x00,0x10,0x00,0x03,0x00,0x00,0x00,0x2a,0x00,0x10,0x00,
0x03,0x00,0x00,0x00,0x2a,0x00,0x10,0x00,0x03,0x00,0x00,0x00,0x32,0x00,0x00,0x09,
0x82,0x00,0x10,0x00,0x02,0x00,0x00,0x00,0x2a,0x00,0x10,0x00,0x03,0x00,0x00,0x00,
0x3a,0x00,0x10,0x00,0x0a,0x00,0x00,0x00,0x3a,0x00,0x10,0x00,0x02,0x00,0x00,0x00,
0x38,0x20,0x00,0x08,0x42,0x00,0x10,0x00,0x03,0x00,0x00,0x00,0x2a,0x00,0x10,0x00,
0x0a,0x00,0x00,0x00,0x2a,0x00,0x10,0x80,0x81,0x00,0x00,0x00,0x09,0x00,0x00,0x00,
0x38,0x00,0x00,0x07,0x42,0x00,0x10,0x00,0x03,0x00,0x00,0x00,0x2a,0x00,0x10,0x00,
0x03,0x00,0x00,0x00,0x2a,0x00,0x10,0x00,0x03,0x00,0x00,0x00,0x38,0x00,0x00,0x07,
0x12,0x00,0x10,0x00,0x09,0x00,0x00,0x00,0x1a,0x00,0x10,0x00,0x01,0x00,0x00,0x00,
0x0a,0x00,0x10,0x00,0x01,0x00,0x00,0x00,0x32,0x00,0x00,0x09,0x82,0x00,0x10,0x00,
0x02,0x00,0x00,0x00,0x2a,0x00,0x10,0x00,0x03,0x00,0x00,0x00,0x0a,0x00,0x10,0x00,
0x09,0x00,0x00,0x00,0x3a,0x00,0x10,0x00,0x02,0x00,0x00,0x00,0x34,0x00,0x00,0x09,
0x42,0x00,0x10,0x00,0x01,0x00,0x00,0x00,0x1a,0x00,0x10,0x80,0x81,0x00,0x00,0x00,
0x0a,0x00,0x00,0x00,0x2a,0x00,0x10,0x80,0x81,0x00,0x00,0x00,0x01,0x00,0x00,0x00,
0x1e,0x00,0x00,0x08,0x42,0x00,0x10,0x00,0x01,0x00,0x00,0x00,0x2a,0x00,0x10,0x80,
0x41,0x00,0x00,0x00,0x01,0x00,0x00,0x00,0x01,0x40,0x00,0x00,0xbb,0x7e,0xf0,0x7e,
0x38,0x20,0x00,0x08,0x42,0x00,0x10,0x00,0x01,0x00,0x00,0x00,0x2a,0x00,0x10,0x00,
0x01,0x00,0x00,0x00,0x3a,0x00,0x10,0x80,0x81,0x00,0x00,0x00,0x01,0x00,0x00,0x00,
0x38,0x00,0x00,0x07,0x42,0x00,0x10,0x00,0x01,0x00,0x00,0x00,0x2a,0x00,0x10,0x00,
0x01,0x00,0x00,0x00,0x2a,0x00,0x10,0x00,0x01,0x00,0x00,0x00,0x32,0x00,0x00,0x09,
0x42,0x00,0x10,0x00,0x01,0x00,0x00,0x00,0x2a,0x00,0x10,0x00,0x01,0x00,0x00,0x00,
0x0a,0x00,0x10,0x00,0x09,0x00,0x00,0x00,0x3a,0x00,0x10,0x00,0x02,0x00,0x00,0x00,
0x38,0x00,0x00,0x07,0x42,0x00,0x10,0x00,0x01,0x00,0x00,0x00,0x2a,0x00,0x10,0x00,
0x01,0x00,0x00,0x00,0x01,0x40,0x00,0x00,0x00,0x00,0x00,0x3f,0x38,0x00,0x00,0x07,
0x42,0x00,0x10,0x00,0x01,0x00,0x00,0x00,0x2a,0x00,0x10,0x00,0x01,0x00,0x00,0x00,
0x2a,0x00,0x10,0x00,0x01,0x00,0x00,0x00,0x38,0x00,0x00,0x07,0x82,0x00,0x10,0x00,
0x02,0x00,0x00,0x00,0x3a,0x00,0x10,0x00,0x04,0x00,0x00,0x00,0x0a,0x00,0x10,0x00,
0x0a,0x00,0x00,0x00,0x32,0x00,0x00,0x09,0x82,0x00,0x10,0x00,0x02,0x00,0x00,0x00,
0x3a,0x00,0x10,0x00,0x03,0x00,0x00,0x00,0x2a,0x00,0x10,0x00,0x04,0x00,0x00,0x00,
0x3a,0x00,0x10,0x00,0x02,0x00,0x00,0x00,0x32,0x00,0x00,0x09,0x82,0x00,0x10,0x00,
0x02,0x00,0x00,0x00,0x2a,0x00,0x10,0x00,0x0d,0x00,0x00,0x00,0x3a,0x00,0x10,0x00,
0x0a,0x00,0x00,0x00,0x3a,0x00,0x10,0x00,0x02,0x00,0x00,0x00,0x32,0x00,0x00,0x09,
0x42,0x00,0x10,0x00,0x0e,0x00,0x00,0x00,0x3a,0x00,0x10,0x00,0x01,0x00,0x00,0x00,
0x0a,0x00,0x10,0x00,0x09,0x00,0x00,0x00,0x3a,0x00,0x10,0x00,0x02,0x00,0x00,0x00,
0x38,0x00,0x00,0x07,0x82,0x00,0x10,0x00,0x01,0x00,0x00,0x00,0x0a,0x00,0x10,0x00,
0x0a,0x00,0x00,0x00,0x2a,0x00,0x10,0x00,0x10,0x00,0x00,0x00,0x32,0x00,0x00,0x09,
0x82,0x00,0x10,0x00,0x01,0x00,0x00,0x00,0x1a,0x00,0x10,0x00,0x10,0x00,0x00,0x00,
0x2a,0x00,0x10,0x00,0x04,0x00,0x00,0x00,0x3a,0x00,0x10,0x00,0x01,0x00,0x00,0x00,
0x32,0x00,0x00,0x09,0x82,0x00,0x10,0x00,0x01,0x00,0x00,0x00,0x1a,0x00,0x10,0x00,
0x09,0x00,0x00,0x00,0x3a,0x00,0x10,0x00,0x0a,0x00,0x00,0x00,0x3a,0x00,0x10,0x00,
0x01,0x00,0x00,0x00,0x32,0x00,0x00,0x09,0x22,0x00,0x10,0x00,0x0e,0x00,0x00,0x00,
0x2a,0x00,0x10,0x00,0x09,0x00,0x00,0x00,0x0a,0x00,0x10,0x00,0x09,0x00,0x00,0x00,
0x3a,0x00,0x10,0x00,0x01,0x00,0x00,0x00,0x38,0x00,0x00,0x07,0xc2,0x00,0x10,0x00,
0x03,0x00,0x00,0x00,0x56,0x09,0x10,0x00,0x0e,0x00,0x00,0x00,0x56,0x09,0x10,0x00,
0x0e,0x00,0x00,0x00,0x00,0x00,0x00,0x07,0x82,0x00,0x10,0x00,0x01,0x00,0x00,0x00,
0x3a,0x00,0x10,0x00,0x03,0x00,0x00,0x00,0x2a,0x00,0x10,0x00,0x03,0x00,0x00,0x00,
0x55,0x00,0x00,0x07,0x82,0x00,0x10,0x00,0x02,0x00,0x00,0x00,0x3a,0x00,0x10,0x00,
0x01,0x00,0x00,0x00,0x01,0x40,0x00,0x00,0x01,0x00,0x00,0x00,0x31,0x00,0x00,0x07,
0x82,0x00,0x10,0x00,0x01,0x00,0x00,0x00,0x3a,0x00,0x10,0x00,0x01,0x00,0x00,0x00,
0x01,0x40,0x00,0x00,0x00,0x00,0x00,0x38,0x1e,0x00,0x00,0x08,0x82,0x00,0x10,0x00,
0x02,0x00,0x00,0x00,0x3a,0x00,0x10,0x80,0x41,0x00,0x00,0x00,0x02,0x00,0x00,0x00,
0x01,0x40,0x00,0x00,0x74,0x7d,0x34,0x5f,0x37,0x00,0x00,0x09,0x82,0x00,0x10,0x00,
0x02,0x00,0x00,0x00,0x3a,0x00,0x10,0x00,0x01,0x00,0x00,0x00,0x01,0x40,0x00,0x00,
0x00,0x00,0x80,0x3f,0x3a,0x00,0x10,0x00,0x02,0x00,0x00,0x00,0x37,0x00,0x00,0x09,
0x12,0x00,0x10,0x00,0x0e,0x00,0x00,0x00,0x3a,0x00,0x10,0x00,0x01,0x00,0x00,0x00,
0x01,0x40,0x00,0x00,0x00,0x00,0x80,0x3f,0x1a,0x00,0x10,0x00,0x0e,0x00,0x00,0x00,
0x38,0x00,0x00,0x07,0xc2,0x00,0x10,0x00,0x03,0x00,0x00,0x00,0xf6,0x0f,0x10,0x00,
0x02,0x00,0x00,0x00,0x06,0x08,0x10,0x00,0x0e,0x00,0x00,0x00,0x34,0x00,0x00,0x09,
0x82,0x00,0x10,0x00,0x01,0x00,0x00,0x00,0x3a,0x00,0x10,0x80,0x81,0x00,0x00,0x00,
0x03,0x00,0x00,0x00,0x2a,0x00,0x10,0x80,0x81,0x00,0x00,0x00,0x03,0x00,0x00,0x00,
0x1e,0x00,0x00,0x08,0x82,0x00,0x10,0x00,0x01,0x00,0x00,0x00,0x3a,0x00,0x10,0x80,
0x41,0x00,0x00,0x00,0x01,0x00,0x00,0x00,0x01,0x40,0x00,0x00,0xbb,0x7e,0xf0,0x7e,
0x0f,0x00,0x00,0x07,0x82,0x00,0x10,0x00,0x02,0x00,0x00,0x00,0xe6,0x0a,0x10,0x00,
0x03,0x00,0x00,0x00,0xe6,0x0a,0x10,0x00,0x03,0x00,0x00,0x00,0x32,0x00,0x00,0x09,
0x82,0x00,0x10,0x00,0x01,0x00,0x00,0x00,0x3a,0x00,0x10,0x00,0x02,0x00,0x00,0x00,
0x3a,0x00,0x10,0x00,0x01,0x00,0x00,0x00,0x01,0x40,0x00,0x00,0x00,0x00,0x80,0xbf,
0x32,0x00,0x00,0x09,0x12,0x00,0x10,0x00,0x09,0x00,0x00,0x00,0x3a,0x00,0x10,0x00,
0x01,0x00,0x00,0x00,0x2a,0x00,0x10,0x00,0x01,0x00,0x00,0x00,0x01,0x40,0x00,0x00,
0x00,0x00,0x80,0x3f,0x32,0x00,0x00,0x0f,0x62,0x00,0x10,0x00,0x09,0x00,0x00,0x00,
0xa6,0x0a,0x10,0x00,0x01,0x00,0x00,0x00,0x02,0x40,0x00,0x00,0x00,0x00,0x00,0x00,
0x00,0x00,0x00,0xbf,0xe1,0x7a,0x94,0xbe,0x00,0x00,0x00,0x00,0x02,0x40,0x00,0x00,
0x00,0x00,0x00,0x00,0x00,0x00,0x80,0x3f,0x00,0x00,0x00,0x3f,0x00,0x00,0x00,0x00,
0x00,0x00,0x00,0x0b,0xf2,0x00,0x10,0x00,0x0a,0x00,0x00,0x00,0x46,0x04,0x10,0x80,
0x41,0x00,0x00,0x00,0x01,0x00,0x00,0x00,0x02,0x40,0x00,0x00,0x00,0x00,0x80,0x3f,
0x00,0x00,0x80,0xbf,0x00,0x00,0x80,0xbf,0x00,0x00,0x80,0x3f,0x38,0x00,0x00,0x07,
0xc2,0x00,0x10,0x00,0x01,0x00,0x00,0x00,0xa6,0x0a,0x10,0x00,0x03,0x00,0x00,0x00,
0x56,0x0d,0x10,0x00,0x0a,0x00,0x00,0x00,0x32,0x00,0x00,0x0a,0xc2,0x00,0x10,0x00,
0x0e,0x00,0x00,0x00,0x06,0x08,0x10,0x00,0x0a,0x00,0x00,0x00,0xf6,0x0f,0x10,0x80,
0x41,0x00,0x00,0x00,0x03,0x00,0x00,0x00,0xa6,0x0e,0x10,0x00,0x01,0x00,0x00,0x00,
0x0f,0x00,0x00,0x07,0x22,0x00,0x10,0x00,0x0e,0x00,0x00,0x00,0x46,0x00,0x10,0x00,
0x0a,0x00,0x00,0x00,0xe6,0x0a,0x10,0x00,0x03,0x00,0x00,0x00,0x0f,0x00,0x00,0x07,
0x12,0x00,0x10,0x00,0x0e,0x00,0x00,0x00,0xe6,0x0a,0x10,0x00,0x0a,0x00,0x00,0x00,
0xe6,0x0a,0x10,0x00,0x03,0x00,0x00,0x00,0x38,0x00,0x00,0x07,0xc2,0x00,0x10,0x00,
0x01,0x00,0x00,0x00,0x06,0x04,0x10,0x00,0x09,0x00,0x00,0x00,0x06,0x0c,0x10,0x00,
0x0e,0x00,0x00,0x00,0x38,0x00,0x00,0x07,0xc2,0x00,0x10,0x00,0x04,0x00,0x00,0x00,
0x06,0x04,0x10,0x00,0x09,0x00,0x00,0x00,0x56,0x09,0x10,0x00,0x0e,0x00,0x00,0x00,
0x0f,0x00,0x00,0x07,0x82,0x00,0x10,0x00,0x02,0x00,0x00,0x00,0xe6,0x0a,0x10,0x00,
0x04,0x00,0x00,0x00,0xe6,0x0a,0x10,0x00,0x04,0x00,0x00,0x00,0x0f,0x00,0x00,0x07,
0x42,0x00,0x10,0x00,0x01,0x00,0x00,0x00,0xe6,0x0a,0x10,0x00,0x01,0x00,0x00,0x00,
0xe6,0x0a,0x10,0x00,0x01,0x00,0x00,0x00,0x1e,0x00,0x00,0x08,0x82,0x00,0x10,0x00,
0x01,0x00,0x00,0x00,0x2a,0x00,0x10,0x80,0x41,0x00,0x00,0x00,0x09,0x00,0x00,0x00,
0x01,0x40,0x00,0x00,0xbb,0x7e,0xf0,0x7e,0x33,0x00,0x00,0x07,0x82,0x00,0x10,0x00,
0x02,0x00,0x00,0x00,0x3a,0x00,0x10,0x00,0x01,0x00,0x00,0x00,0x3a,0x00,0x10,0x00,
0x02,0x00,0x00,0x00,0x32,0x00,0x00,0x09,0x42,0x00,0x10,0x00,0x04,0x00,0x00,0x00,
0x3a,0x00,0x10,0x00,0x02,0x00,0x00,0x00,0x01,0x40,0x00,0x00,0xcd,0xcc,0xcc,0x3e,
0x01,0x40,0x00,0x00,0x00,0x00,0x80,0xbf,0x32,0x00,0x00,0x09,0x82,0x00,0x10,0x00,
0x02,0x00,0x00,0x00,0x2a,0x00,0x10,0x00,0x09,0x00,0x00,0x00,0x3a,0x00,0x10,0x00,
0x02,0x00,0x00,0x00,0x01,0x40,0x00,0x00,0x00,0x00,0x80,0xbf,0x38,0x00,0x00,0x07,
0x82,0x00,0x10,0x00,0x02,0x00,0x00,0x00,0x3a,0x00,0x10,0x00,0x02,0x00,0x00,0x00,
0x3a,0x00,0x10,0x00,0x02,0x00,0x00,0x00,0x38,0x00,0x00,0x07,0x42,0x00,0x10,0x00,
0x04,0x00,0x00,0x00,0x2a,0x00,0x10,0x00,0x04,0x00,0x00,0x00,0x2a,0x00,0x10,0x00,
0x04,0x00,0x00,0x00,0x32,0x00,0x00,0x09,0x42,0x00,0x10,0x00,0x04,0x00,0x00,0x00,
0x2a,0x00,0x10,0x00,0x04,0x00,0x00,0x00,0x01,0x40,0x00,0x00,0x00,0x00,0xc8,0x3f,
0x01,0x40,0x00,0x00,0x00,0x00,0x10,0xbf,0x38,0x00,0x00,0x07,0x82,0x00,0x10,0x00,
0x02,0x00,0x00,0x00,0x3a,0x00,0x10,0x00,0x02,0x00,0x00,0x00,0x2a,0x00,0x10,0x00,
0x04,0x00,0x00,0x00,0x36,0x00,0x00,0x05,0x12,0x00,0x10,0x00,0x0a,0x00,0x00,0x00,
0x1a,0x00,0x10,0x00,0x02,0x00,0x00,0x00,0x36,0x00,0x00,0x05,0x22,0x00,0x10,0x00,
0x0a,0x00,0x00,0x00,0x1a,0x00,0x10,0x00,0x03,0x00,0x00,0x00,0x36,0x00,0x00,0x05,
0x22,0x00,0x10,0x00,0x02,0x00,0x00,0x00,0x0a,0x00,0x10,0x00,0x03,0x00,0x00,0x00,
0x36,0x00,0x00,0x05,0x42,0x00,0x10,0x00,0x0a,0x00,0x00,0x00,0x1a,0x00,0x10,0x00,
0x04,0x00,0x00,0x00,0x36,0x00,0x00,0x05,0x42,0x00,0x10,0x00,0x02,0x00,0x00,0x00,
0x0a,0x00,0x10,0x00,0x04,0x00,0x00,0x00,0x38,0x00,0x00,0x07,0x72,0x00,0x10,0x00,
0x04,0x00,0x00,0x00,0xf6,0x0f,0x10,0x00,0x02,0x00,0x00,0x00,0x46,0x02,0x10,0x00,
0x0a,0x00,0x00,0x00,0x38,0x00,0x00,0x07,0x12,0x00,0x10,0x00,0x03,0x00,0x00,0x00,
0x2a,0x00,0x10,0x00,0x03,0x00,0x00,0x00,0x3a,0x00,0x10,0x00,0x0f,0x00,0x00,0x00,
0x32,0x00,0x00,0x0a,0x22,0x00,0x10,0x00,0x03,0x00,0x00,0x00,0x2a,0x00,0x10,0x00,
0x0f,0x00,0x00,0x00,0x3a,0x00,0x10,0x80,0x41,0x00,0x00,0x00,0x03,0x00,0x00,0x00,
0x0a,0x00,0x10,0x00,0x03,0x00,0x00,0x00,0x0f,0x00,0x00,0x07,0x12,0x00,0x10,0x00,
0x03,0x00,0x00,0x00,0xe6,0x0a,0x10,0x00,0x0f,0x00,0x00,0x00,0xe6,0x0a,0x10,0x00,
0x03,0x00,0x00,0x00,0x38,0x00,0x00,0x07,0x32,0x00,0x10,0x00,0x03,0x00,0x00,0x00,
0x46,0x00,0x10,0x00,0x09,0x00,0x00,0x00,0x46,0x00,0x10,0x00,0x03,0x00,0x00,0x00,
0x0f,0x00,0x00,0x07,0x12,0x00,0x10,0x00,0x03,0x00,0x00,0x00,0x46,0x00,0x10,0x00,
0x03,0x00,0x00,0x00,0x46,0x00,0x10,0x00,0x03,0x00,0x00,0x00,0x33,0x00,0x00,0x07,
0x12,0x00,0x10,0x00,0x03,0x00,0x00,0x00,0x3a,0x00,0x10,0x00,0x01,0x00,0x00,0x00,
0x0a,0x00,0x10,0x00,0x03,0x00,0x00,0x00,0x32,0x00,0x00,0x09,0x22,0x00,0x10,0x00,
0x03,0x00,0x00,0x00,0x2a,0x00,0x10,0x00,0x09,0x00,0x00,0x00,0x0a,0x00,0x10,0x00,
0x03,0x00,0x00,0x00,0x01,0x40,0x00,0x00,0x00,0x00,0x80,0xbf,0x32,0x00,0x00,0x09,
0x12,0x00,0x10,0x00,0x03,0x00,0x00,0x00,0x0a,0x00,0x10,0x00,0x03,0x00,0x00,0x00,
0x01,0x40,0x00,0x00,0xcd,0xcc,0xcc,0x3e,0x01,0x40,0x00,0x00,0x00,0x00,0x80,0xbf,
0x38,0x00,0x00,0x07,0x32,0x00,0x10,0x00,0x03,0x00,0x00,0x00,0x46,0x00,0x10,0x00,
0x03,0x00,0x00,0x00,0x46,0x00,0x10,0x00,0x03,0x00,0x00,0x00,0x32,0x00,0x00,0x09,
0x12,0x00,0x10,0x00,0x03,0x00,0x00,0x00,0x0a,0x00,0x10,0x00,0x03,0x00,0x00,0x00,
0x01,0x40,0x00,0x00,0x00,0x00,0xc8,0x3f,0x01,0x40,0x00,0x00,0x00,0x00,0x10,0xbf,
0x38,0x00,0x00,0x07,0x82,0x00,0x10,0x00,0x04,0x00,0x00,0x00,0x1a,0x00,0x10,0x00,
0x03,0x00,0x00,0x00,0x0a,0x00,0x10,0x00,0x03,0x00,0x00,0x00,0x32,0x00,0x00,0x09,
0x82,0x00,0x10,0x00,0x02,0x00,0x00,0x00,0x0a,0x00,0x10,0x00,0x03,0x00,0x00,0x00,
0x1a,0x00,0x10,0x00,0x03,0x00,0x00,0x00,0x3a,0x00,0x10,0x00,0x02,0x00,0x00,0x00,
0x32,0x00,0x00,0x09,0x72,0x00,0x10,0x00,0x02,0x00,0x00,0x00,0x46,0x02,0x10,0x00,
0x02,0x00,0x00,0x00,0xf6,0x0f,0x10,0x00,0x04,0x00,0x00,0x00,0x46,0x02,0x10,0x00,
0x04,0x00,0x00,0x00,0x33,0x00,0x00,0x07,0x42,0x00,0x10,0x00,0x01,0x00,0x00,0x00,
0x3a,0x00,0x10,0x00,0x01,0x00,0x00,0x00,0x2a,0x00,0x10,0x00,0x01,0x00,0x00,0x00,
0x32,0x00,0x00,0x09,0x12,0x00,0x10,0x00,0x03,0x00,0x00,0x00,0x2a,0x00,0x10,0x00,
0x09,0x00,0x00,0x00,0x2a,0x00,0x10,0x00,0x01,0x00,0x00,0x00,0x01,0x40,0x00,0x00,
0x00,0x00,0x80,0xbf,0x32,0x00,0x00,0x09,0x42,0x00,0x10,0x00,0x01,0x00,0x00,0x00,
0x2a,0x00,0x10,0x00,0x01,0x00,0x00,0x00,0x01,0x40,0x00,0x00,0xcd,0xcc,0xcc,0x3e,
0x01,0x40,0x00,0x00,0x00,0x00,0x80,0xbf,0x38,0x00,0x00,0x07,0x42,0x00,0x10,0x00,
0x01,0x00,0x00,0x00,0x2a,0x00,0x10,0x00,0x01,0x00,0x00,0x00,0x2a,0x00,0x10,0x00,
0x01,0x00,0x00,0x00,0x32,0x00,0x00,0x09,0x42,0x00,0x10,0x00,0x01,0x00,0x00,0x00,
0x2a,0x00,0x10,0x00,0x01,0x00,0x00,0x00,0x01,0x40,0x00,0x00,0x00,0x00,0xc8,0x3f,
0x01,0x40,0x00,0x00,0x00,0x00,0x10,0xbf,0x38,0x00,0x00,0x07,0x12,0x00,0x10,0x00,
0x03,0x00,0x00,0x00,0x0a,0x00,0x10,0x00,0x03,0x00,0x00,0x00,0x0a,0x00,0x10,0x00,
0x03,0x00,0x00,0x00,0x38,0x00,0x00,0x07,0x22,0x00,0x10,0x00,0x03,0x00,0x00,0x00,
0x2a,0x00,0x10,0x00,0x01,0x00,0x00,0x00,0x0a,0x00,0x10,0x00,0x03,0x00,0x00,0x00,
0x32,0x00,0x00,0x09,0x42,0x00,0x10,0x00,0x01,0x00,0x00,0x00,0x2a,0x00,0x10,0x00,
0x01,0x00,0x00,0x00,0x0a,0x00,0x10,0x00,0x03,0x00,0x00,0x00,0x3a,0x00,0x10,0x00,
0x02,0x00,0x00,0x00,0x36,0x00,0x00,0x05,0x12,0x00,0x10,0x00,0x04,0x00,0x00,0x00,
0x0a,0x00,0x10,0x00,0x0c,0x00,0x00,0x00,0x36,0x00,0x00,0x05,0x22,0x00,0x10,0x00,
0x04,0x00,0x00,0x00,0x0a,0x00,0x10,0x00,0x05,0x00,0x00,0x00,0x36,0x00,0x00,0x05,
0x42,0x00,0x10,0x00,0x04,0x00,0x00,0x00,0x0a,0x00,0x10,0x00,0x0b,0x00,0x00,0x00,
0x32,0x00,0x00,0x09,0x72,0x00,0x10,0x00,0x02,0x00,0x00,0x00,0x46,0x02,0x10,0x00,
0x04,0x00,0x00,0x00,0x56,0x05,0x10,0x00,0x03,0x00,0x00,0x00,0x46,0x02,0x10,0x00,
0x02,0x00,0x00,0x00,0x00,0x00,0x00,0x0b,0xf2,0x00,0x10,0x00,0x04,0x00,0x00,0x00,
0x46,0x04,0x10,0x80,0x41,0x00,0x00,0x00,0x01,0x00,0x00,0x00,0x02,0x40,0x00,0x00,
0x00,0x00,0x00,0x00,0x00,0x00,0x80,0x3f,0x00,0x00,0x80,0xbf,0x00,0x00,0x00,0x00,
0x38,0x00,0x00,0x07,0x32,0x00,0x10,0x00,0x03,0x00,0x00,0x00,0xa6,0x0a,0x10,0x00,
0x03,0x00,0x00,0x00,0xd6,0x05,0x10,0x00,0x04,0x00,0x00,0x00,0x32,0x00,0x00,0x0a,
0xc2,0x00,0x10,0x00,0x0a,0x00,0x00,0x00,0x06,0x08,0x10,0x00,0x04,0x00,0x00,0x00,
0xf6,0x0f,0x10,0x80,0x41,0x00,0x00,0x00,0x03,0x00,0x00,0x00,0x06,0x04,0x10,0x00,
0x03,0x00,0x00,0x00,0x0f,0x00,0x00,0x07,0x22,0x00,0x10,0x00,0x0a,0x00,0x00,0x00,
0x46,0x00,0x10,0x00,0x04,0x00,0x00,0x00,0xe6,0x0a,0x10,0x00,0x03,0x00,0x00,0x00,
0x0f,0x00,0x00,0x07,0x12,0x00,0x10,0x00,0x0a,0x00,0x00,0x00,0xe6,0x0a,0x10,0x00,
0x04,0x00,0x00,0x00,0xe6,0x0a,0x10,0x00,0x03,0x00,0x00,0x00,0x38,0x00,0x00,0x07,
0x32,0x00,0x10,0x00,0x03,0x00,0x00,0x00,0x46,0x00,0x10,0x00,0x09,0x00,0x00,0x00,
0xc6,0x00,0x10,0x00,0x0a,0x00,0x00,0x00,0x38,0x00,0x00,0x07,0x32,0x00,0x10,0x00,
0x04,0x00,0x00,0x00,0x46,0x00,0x10,0x00,0x09,0x00,0x00,0x00,0x96,0x05,0x10,0x00,
0x0a,0x00,0x00,0x00,0x0f,0x00,0x00,0x07,0x82,0x00,0x10,0x00,0x02,0x00,0x00,0x00,
0x46,0x00,0x10,0x00,0x04,0x00,0x00,0x00,0x46,0x00,0x10,0x00,0x04,0x00,0x00,0x00,
0x33,0x00,0x00,0x07,0x82,0x00,0x10,0x00,0x02,0x00,0x00,0x00,0x3a,0x00,0x10,0x00,
0x01,0x00,0x00,0x00,0x3a,0x00,0x10,0x00,0x02,0x00,0x00,0x00,0x0f,0x00,0x00,0x07,
0x12,0x00,0x10,0x00,0x03,0x00,0x00,0x00,0x46,0x00,0x10,0x00,0x03,0x00,0x00,0x00,
0x46,0x00,0x10,0x00,0x03,0x00,0x00,0x00,0x33,0x00,0x00,0x07,0x12,0x00,0x10,0x00,
0x03,0x00,0x00,0x00,0x3a,0x00,0x10,0x00,0x01,0x00,0x00,0x00,0x0a,0x00,0x10,0x00,
0x03,0x00,0x00,0x00,0x32,0x00,0x00,0x09,0x22,0x00,0x10,0x00,0x03,0x00,0x00,0x00,
0x2a,0x00,0x10,0x00,0x09,0x00,0x00,0x00,0x3a,0x00,0x10,0x00,0x02,0x00,0x00,0x00,
0x01,0x40,0x00,0x00,0x00,0x00,0x80,0xbf,0x32,0x00,0x00,0x09,0x82,0x00,0x10,0x00,
0x02,0x00,0x00,0x00,0x3a,0x00,0x10,0x00,0x02,0x00,0x00,0x00,0x01,0x40,0x00,0x00,
0xcd,0xcc,0xcc,0x3e,0x01,0x40,0x00,0x00,0x00,0x00,0x80,0xbf,0x38,0x00,0x00,0x07,
0x82,0x00,0x10,0x00,0x02,0x00,0x00,0x00,0x3a,0x00,0x10,0x00,0x02,0x00,0x00,0x00,
0x3a,0x00,0x10,0x00,0x02,0x00,0x00,0x00,0x32,0x00,0x00,0x09,0x82,0x00,0x10,0x00,
0x02,0x00,0x00,0x00,0x3a,0x00,0x10,0x00,0x02,0x00,0x00,0x00,0x01,0x40,0x00,0x00,
0x00,0x00,0xc8,0x3f,0x01,0x40,0x00,0x00,0x00,0x00,0x10,0xbf,0x38,0x00,0x00,0x07,
0x22,0x00,0x10,0x00,0x03,0x00,0x00,0x00,0x1a,0x00,0x10,0x00,0x03,0x00,0x00,0x00,
0x1a,0x00,0x10,0x00,0x03,0x00,0x00,0x00,0x38,0x00,0x00,0x07,0x12,0x00,0x10,0x00,
0x04,0x00,0x00,0x00,0x3a,0x00,0x10,0x00,0x02,0x00,0x00,0x00,0x1a,0x00,0x10,0x00,
0x03,0x00,0x00,0x00,0x32,0x00,0x00,0x09,0x42,0x00,0x10,0x00,0x01,0x00,0x00,0x00,
0x3a,0x00,0x10,0x00,0x02,0x00,0x00,0x00,0x1a,0x00,0x10,0x00,0x03,0x00,0x00,0x00,
0x2a,0x00,0x10,0x00,0x01,0x00,0x00,0x00,0x36,0x00,0x00,0x05,0x12,0x00,0x10,0x00,
0x0a,0x00,0x00,0x00,0x1a,0x00,0x10,0x00,0x0c,0x00,0x00,0x00,0x36,0x00,0x00,0x05,
0x22,0x00,0x10,0x00,0x0a,0x00,0x00,0x00,0x2a,0x00,0x10,0x00,0x05,0x00,0x00,0x00,
0x36,0x00,0x00,0x05,0x42,0x00,0x10,0x00,0x0a,0x00,0x00,0x00,0x1a,0x00,0x10,0x00,
0x0b,0x00,0x00,0x00,0x32,0x00,0x00,0x09,0x72,0x00,0x10,0x00,0x02,0x00,0x00,0x00,
0x46,0x02,0x10,0x00,0x0a,0x00,0x00,0x00,0x06,0x00,0x10,0x00,0x04,0x00,0x00,0x00,
0x46,0x02,0x10,0x00,0x02,0x00,0x00,0x00,0x38,0x00,0x00,0x08,0x82,0x00,0x10,0x00,
0x02,0x00,0x00,0x00,0x1a,0x00,0x10,0x80,0x41,0x00,0x00,0x00,0x01,0x00,0x00,0x00,
0x2a,0x00,0x10,0x00,0x03,0x00,0x00,0x00,0x32,0x00,0x00,0x09,0x22,0x00,0x10,0x00,
0x04,0x00,0x00,0x00,0x0a,0x00,0x10,0x00,0x01,0x00,0x00,0x00,0x3a,0x00,0x10,0x00,
0x03,0x00,0x00,0x00,0x3a,0x00,0x10,0x00,0x02,0x00,0x00,0x00,0x0f,0x00,0x00,0x08,
0x12,0x00,0x10,0x00,0x04,0x00,0x00,0x00,0x46,0x00,0x10,0x80,0x41,0x00,0x00,0x00,
0x01,0x00,0x00,0x00,0xe6,0x0a,0x10,0x00,0x03,0x00,0x00,0x00,0x38,0x00,0x00,0x07,
0x32,0x00,0x10,0x00,0x04,0x00,0x00,0x00,0x46,0x00,0x10,0x00,0x09,0x00,0x00,0x00,
0x46,0x00,0x10,0x00,0x04,0x00,0x00,0x00,0x0f,0x00,0x00,0x07,0x82,0x00,0x10,0x00,
0x02,0x00,0x00,0x00,0x46,0x00,0x10,0x00,0x04,0x00,0x00,0x00,0x46,0x00,0x10,0x00,
0x04,0x00,0x00,0x00,0x33,0x00,0x00,0x07,0x82,0x00,0x10,0x00,0x02,0x00,0x00,0x00,
0x3a,0x00,0x10,0x00,0x01,0x00,0x00,0x00,0x3a,0x00,0x10,0x00,0x02,0x00,0x00,0x00,
0x32,0x00,0x00,0x09,0x22,0x00,0x10,0x00,0x03,0x00,0x00,0x00,0x2a,0x00,0x10,0x00,
0x09,0x00,0x00,0x00,0x3a,0x00,0x10,0x00,0x02,0x00,0x00,0x00,0x01,0x40,0x00,0x00,
0x00,0x00,0x80,0xbf,0x32,0x00,0x00,0x09,0x82,0x00,0x10,0x00,0x02,0x00,0x00,0x00,
0x3a,0x00,0x10,0x00,0x02,0x00,0x00,0x00,0x01,0x40,0x00,0x00,0xcd,0xcc,0xcc,0x3e,
0x01,0x40,0x00,0x00,0x00,0x00,0x80,0xbf,0x38,0x00,0x00,0x07,0x82,0x00,0x10,0x00,
0x02,0x00,0x00,0x00,0x3a,0x00,0x10,0x00,0x02,0x00,0x00,0x00,0x3a,0x00,0x10,0x00,
0x02,0x00,0x00,0x00,0x32,0x00,0x00,0x09,0x82,0x00,0x10,0x00,0x02,0x00,0x00,0x00,
0x3a,0x00,0x10,0x00,0x02,0x00,0x00,0x00,0x01,0x40,0x00,0x00,0x00,0x00,0xc8,0x3f,
0x01,0x40,0x00,0x00,0x00,0x00,0x10,0xbf,0x38,0x00,0x00,0x07,0x22,0x00,0x10,0x00,
0x03,0x00,0x00,0x00,0x1a,0x00,0x10,0x00,0x03,0x00,0x00,0x00,0x1a,0x00,0x10,0x00,
0x03,0x00,0x00,0x00,0x38,0x00,0x00,0x07,0x12,0x00,0x10,0x00,0x04,0x00,0x00,0x00,
0x3a,0x00,0x10,0x00,0x02,0x00,0x00,0x00,0x1a,0x00,0x10,0x00,0x03,0x00,0x00,0x00,
0x32,0x00,0x00,0x09,0x42,0x00,0x10,0x00,0x01,0x00,0x00,0x00,0x3a,0x00,0x10,0x00,
0x02,0x00,0x00,0x00,0x1a,0x00,0x10,0x00,0x03,0x00,0x00,0x00,0x2a,0x00,0x10,0x00,
0x01,0x00,0x00,0x00,0x36,0x00,0x00,0x05,0x12,0x00,0x10,0x00,0x05,0x00,0x00,0x00,
0x2a,0x00,0x10,0x00,0x0c,0x00,0x00,0x00,0x36,0x00,0x00,0x05,0x12,0x00,0x10,0x00,
0x0b,0x00,0x00,0x00,0x3a,0x00,0x10,0x00,0x0c,0x00,0x00,0x00,0x36,0x00,0x00,0x05,
0x22,0x00,0x10,0x00,0x0b,0x00,0x00,0x00,0x3a,0x00,0x10,0x00,0x05,0x00,0x00,0x00,
0x36,0x00,0x00,0x05,0x42,0x00,0x10,0x00,0x05,0x00,0x00,0x00,0x3a,0x00,0x10,0x00,
0x0b,0x00,0x00,0x00,0x32,0x00,0x00,0x09,0x72,0x00,0x10,0x00,0x02,0x00,0x00,0x00,
0x46,0x02,0x10,0x00,0x05,0x00,0x00,0x00,0x06,0x00,0x10,0x00,0x04,0x00,0x00,0x00,
0x46,0x02,0x10,0x00,0x02,0x00,0x00,0x00,0x32,0x00,0x00,0x09,0x82,0x00,0x10,0x00,
0x02,0x00,0x00,0x00,0x2a,0x00,0x10,0x00,0x09,0x00,0x00,0x00,0x0a,0x00,0x10,0x00,
0x03,0x00,0x00,0x00,0x01,0x40,0x00,0x00,0x00,0x00,0x80,0xbf,0x32,0x00,0x00,0x09,
0x12,0x00,0x10,0x00,0x03,0x00,0x00,0x00,0x0a,0x00,0x10,0x00,0x03,0x00,0x00,0x00,
0x01,0x40,0x00,0x00,0xcd,0xcc,0xcc,0x3e,0x01,0x40,0x00,0x00,0x00,0x00,0x80,0xbf,
0x38,0x00,0x00,0x07,0x12,0x00,0x10,0x00,0x03,0x00,0x00,0x00,0x0a,0x00,0x10,0x00,
0x03,0x00,0x00,0x00,0x0a,0x00,0x10,0x00,0x03,0x00,0x00,0x00,0x32,0x00,0x00,0x09,
0x12,0x00,0x10,0x00,0x03,0x00,0x00,0x00,0x0a,0x00,0x10,0x00,0x03,0x00,0x00,0x00,
0x01,0x40,0x00,0x00,0x00,0x00,0xc8,0x3f,0x01,0x40,0x00,0x00,0x00,0x00,0x10,0xbf,
0x38,0x00,0x00,0x07,0x82,0x00,0x10,0x00,0x02,0x00,0x00,0x00,0x3a,0x00,0x10,0x00,
0x02,0x00,0x00,0x00,0x3a,0x00,0x10,0x00,0x02,0x00,0x00,0x00,0x38,0x00,0x00,0x07,
0x22,0x00,0x10,0x00,0x03,0x00,0x00,0x00,0x3a,0x00,0x10,0x00,0x02,0x00,0x00,0x00,
0x0a,0x00,0x10,0x00,0x03,0x00,0x00,0x00,0x32,0x00,0x00,0x09,0x42,0x00,0x10,0x00,
0x01,0x00,0x00,0x00,0x0a,0x00,0x10,0x00,0x03,0x00,0x00,0x00,0x3a,0x00,0x10,0x00,
0x02,0x00,0x00,0x00,0x2a,0x00,0x10,0x00,0x01,0x00,0x00,0x00,0x32,0x00,0x00,0x09,
0x72,0x00,0x10,0x00,0x02,0x00,0x00,0x00,0x46,0x02,0x10,0x00,0x0b,0x00,0x00,0x00,
0x56,0x05,0x10,0x00,0x03,0x00,0x00,0x00,0x46,0x02,0x10,0x00,0x02,0x00,0x00,0x00,
0x00,0x00,0x00,0x0b,0xf2,0x00,0x10,0x00,0x04,0x00,0x00,0x00,0x46,0x04,0x10,0x80,
0x41,0x00,0x00,0x00,0x01,0x00,0x00,0x00,0x02,0x40,0x00,0x00,0x00,0x00,0x80,0x3f,
0x00,0x00,0x80,0x3f,0x00,0x00,0x00,0x40,0x00,0x00,0x80,0x3f,0x38,0x00,0x00,0x07,
0x32,0x00,0x10,0x00,0x03,0x00,0x00,0x00,0xa6,0x0a,0x10,0x00,0x03,0x00,0x00,0x00,
0xd6,0x05,0x10,0x00,0x04,0x00,0x00,0x00,0x32,0x00,0x00,0x0a,0xc2,0x00,0x10,0x00,
0x0b,0x00,0x00,0x00,0x06,0x08,0x10,0x00,0x04,0x00,0x00,0x00,0xf6,0x0f,0x10,0x80,
0x41,0x00,0x00,0x00,0x03,0x00,0x00,0x00,0x06,0x04,0x10,0x00,0x03,0x00,0x00,0x00,
0x0f,0x00,0x00,0x07,0x22,0x00,0x10,0x00,0x0b,0x00,0x00,0x00,0x46,0x00,0x10,0x00,
0x04,0x00,0x00,0x00,0xe6,0x0a,0x10,0x00,0x03,0x00,0x00,0x00,0x0f,0x00,0x00,0x07,
0x12,0x00,0x10,0x00,0x0b,0x00,0x00,0x00,0xe6,0x0a,0x10,0x00,0x04,0x00,0x00,0x00,
0xe6,0x0a,0x10,0x00,0x03,0x00,0x00,0x00,0x38,0x00,0x00,0x07,0x32,0x00,0x10,0x00,
0x03,0x00,0x00,0x00,0x46,0x00,0x10,0x00,0x09,0x00,0x00,0x00,0xc6,0x00,0x10,0x00,
0x0b,0x00,0x00,0x00,0x38,0x00,0x00,0x07,0x32,0x00,0x10,0x00,0x04,0x00,0x00,0x00,
0x46,0x00,0x10,0x00,0x09,0x00,0x00,0x00,0x96,0x05,0x10,0x00,0x0b,0x00,0x00,0x00,
0x0f,0x00,0x00,0x07,0x82,0x00,0x10,0x00,0x02,0x00,0x00,0x00,0x46,0x00,0x10,0x00,
0x04,0x00,0x00,0x00,0x46,0x00,0x10,0x00,0x04,0x00,0x00,0x00,0x33,0x00,0x00,0x07,
0x82,0x00,0x10,0x00,0x02,0x00,0x00,0x00,0x3a,0x00,0x10,0x00,0x01,0x00,0x00,0x00,
0x3a,0x00,0x10,0x00,0x02,0x00,0x00,0x00,0x0f,0x00,0x00,0x07,0x12,0x00,0x10,0x00,
0x03,0x00,0x00,0x00,0x46,0x00,0x10,0x00,0x03,0x00,0x00,0x00,0x46,0x00,0x10,0x00,
0x03,0x00,0x00,0x00,0x33,0x00,0x00,0x07,0x12,0x00,0x10,0x00,0x03,0x00,0x00,0x00,
0x3a,0x00,0x10,0x00,0x01,0x00,0x00,0x00,0x0a,0x00,0x10,0x00,0x03,0x00,0x00,0x00,
0x32,0x00,0x00,0x09,0x22,0x00,0x10,0x00,0x03,0x00,0x00,0x00,0x2a,0x00,0x10,0x00,
0x09,0x00,0x00,0x00,0x3a,0x00,0x10,0x00,0x02,0x00,0x00,0x00,0x01,0x40,0x00,0x00,
0x00,0x00,0x80,0xbf,0x32,0x00,0x00,0x09,0x82,0x00,0x10,0x00,0x02,0x00,0x00,0x00,
0x3a,0x00,0x10,0x00,0x02,0x00,0x00,0x00,0x01,0x40,0x00,0x00,0xcd,0xcc,0xcc,0x3e,
0x01,0x40,0x00,0x00,0x00,0x00,0x80,0xbf,0x38,0x00,0x00,0x07,0x82,0x00,0x10,0x00,
0x02,0x00,0x00,0x00,0x3a,0x00,0x10,0x00,0x02,0x00,0x00,0x00,0x3a,0x00,0x10,0x00,
0x02,0x00,0x00,0x00,0x32,0x00,0x00,0x09,0x82,0x00,0x10,0x00,0x02,0x00,0x00,0x00,
0x3a,0x00,0x10,0x00,0x02,0x00,0x00,0x00,0x01,0x40,0x00,0x00,0x00,0x00,0xc8,0x3f,
0x01,0x40,0x00,0x00,0x00,0x00,0x10,0xbf,0x38,0x00,0x00,0x07,0x22,0x00,0x10,0x00,
0x03,0x00,0x00,0x00,0x1a,0x00,0x10,0x00,0x03,0x00,0x00,0x00,0x1a,0x00,0x10,0x00,
0x03,0x00,0x00,0x00,0x38,0x00,0x00,0x07,0x12,0x00,0x10,0x00,0x04,0x00,0x00,0x00,
0x3a,0x00,0x10,0x00,0x02,0x00,0x00,0x00,0x1a,0x00,0x10,0x00,0x03,0x00,0x00,0x00,
0x32,0x00,0x00,0x09,0x42,0x00,0x10,0x00,0x01,0x00,0x00,0x00,0x3a,0x00,0x10,0x00,
0x02,0x00,0x00,0x00,0x1a,0x00,0x10,0x00,0x03,0x00,0x00,0x00,0x2a,0x00,0x10,0x00,
0x01,0x00,0x00,0x00,0x36,0x00,0x00,0x05,0x12,0x00,0x10,0x00,0x0b,0x00,0x00,0x00,
0x0a,0x00,0x10,0x00,0x07,0x00,0x00,0x00,0x36,0x00,0x00,0x05,0x22,0x00,0x10,0x00,
0x0b,0x00,0x00,0x00,0x0a,0x00,0x10,0x00,0x08,0x00,0x00,0x00,0x36,0x00,0x00,0x05,
0x42,0x00,0x10,0x00,0x0b,0x00,0x00,0x00,0x0a,0x00,0x10,0x00,0x06,0x00,0x00,0x00,
0x32,0x00,0x00,0x09,0x72,0x00,0x10,0x00,0x02,0x00,0x00,0x00,0x46,0x02,0x10,0x00,
0x0b,0x00,0x00,0x00,0x06,0x00,0x10,0x00,0x04,0x00,0x00,0x00,0x46,0x02,0x10,0x00,
0x02,0x00,0x00,0x00,0x32,0x00,0x00,0x09,0x82,0x00,0x10,0x00,0x02,0x00,0x00,0x00,
0x2a,0x00,0x10,0x00,0x09,0x00,0x00,0x00,0x0a,0x00,0x10,0x00,0x03,0x00,0x00,0x00,
0x01,0x40,0x00,0x00,0x00,0x00,0x80,0xbf,0x32,0x00,0x00,0x09,0x12,0x00,0x10,0x00,
0x03,0x00,0x00,0x00,0x0a,0x00,0x10,0x00,0x03,0x00,0x00,0x00,0x01,0x40,0x00,0x00,
0xcd,0xcc,0xcc,0x3e,0x01,0x40,0x00,0x00,0x00,0x00,0x80,0xbf,0x38,0x00,0x00,0x07,
0x12,0x00,0x10,0x00,0x03,0x00,0x00,0x00,0x0a,0x00,0x10,0x00,0x03,0x00,0x00,0x00,
0x0a,0x00,0x10,0x00,0x03,0x00,0x00,0x00,0x32,0x00,0x00,0x09,0x12,0x00,0x10,0x00,
0x03,0x00,0x00,0x00,0x0a,0x00,0x10,0x00,0x03,0x00,0x00,0x00,0x01,0x40,0x00,0x00,
0x00,0x00,0xc8,0x3f,0x01,0x40,0x00,0x00,0x00,0x00,0x10,0xbf,0x38,0x00,0x00,0x07,
0x82,0x00,0x10,0x00,0x02,0x00,0x00,0x00,0x3a,0x00,0x10,0x00,0x02,0x00,0x00,0x00,
0x3a,0x00,0x10,0x00,0x02,0x00,0x00,0x00,0x38,0x00,0x00,0x07,0x22,0x00,0x10,0x00,
0x03,0x00,0x00,0x00,0x3a,0x00,0x10,0x00,0x02,0x00,0x00,0x00,0x0a,0x00,0x10,0x00,
0x03,0x00,0x00,0x00,0x32,0x00,0x00,0x09,0x42,0x00,0x10,0x00,0x01,0x00,0x00,0x00,
0x0a,0x00,0x10,0x00,0x03,0x00,0x00,0x00,0x3a,0x00,0x10,0x00,0x02,0x00,0x00,0x00,
0x2a,0x00,0x10,0x00,0x01,0x00,0x00,0x00,0x36,0x00,0x00,0x05,0x12,0x00,0x10,0x00,
0x04,0x00,0x00,0x00,0x1a,0x00,0x10,0x00,0x07,0x00,0x00,0x00,0x36,0x00,0x00,0x05,
0x22,0x00,0x10,0x00,0x04,0x00,0x00,0x00,0x2a,0x00,0x10,0x00,0x08,0x00,0x00,0x00,
0x36,0x00,0x00,0x05,0x42,0x00,0x10,0x00,0x04,0x00,0x00,0x00,0x1a,0x00,0x10,0x00,
0x06,0x00,0x00,0x00,0x32,0x00,0x00,0x09,0x72,0x00,0x10,0x00,0x02,0x00,0x00,0x00,
0x46,0x02,0x10,0x00,0x04,0x00,0x00,0x00,0x56,0x05,0x10,0x00,0x03,0x00,0x00,0x00,
0x46,0x02,0x10,0x00,0x02,0x00,0x00,0x00,0x00,0x00,0x00,0x0b,0xf2,0x00,0x10,0x00,
0x04,0x00,0x00,0x00,0x46,0x04,0x10,0x80,0x41,0x00,0x00,0x00,0x01,0x00,0x00,0x00,
0x02,0x40,0x00,0x00,0x00,0x00,0x00,0x40,0x00,0x00,0x00,0x00,0x00,0x00,0x80,0x3f,
0x00,0x00,0x00,0x00,0x00,0x00,0x00,0x0b,0xf2,0x00,0x10,0x00,0x0c,0x00,0x00,0x00,
0x46,0x04,0x10,0x80,0x41,0x00,0x00,0x00,0x01,0x00,0x00,0x00,0x02,0x40,0x00,0x00,
0x00,0x00,0x80,0x3f,0x00,0x00,0x00,0x40,0x00,0x00,0x00,0x00,0x00,0x00,0x00,0x40,
0x38,0x00,0x00,0x07,0x32,0x00,0x10,0x00,0x01,0x00,0x00,0x00,0xa6,0x0a,0x10,0x00,
0x03,0x00,0x00,0x00,0xd6,0x05,0x10,0x00,0x04,0x00,0x00,0x00,0x32,0x00,0x00,0x0a,
0xc2,0x00,0x10,0x00,0x0e,0x00,0x00,0x00,0x06,0x08,0x10,0x00,0x04,0x00,0x00,0x00,
0xf6,0x0f,0x10,0x80,0x41,0x00,0x00,0x00,0x03,0x00,0x00,0x00,0x06,0x04,0x10,0x00,
0x01,0x00,0x00,0x00,0x0f,0x00,0x00,0x07,0x22,0x00,0x10,0x00,0x0e,0x00,0x00,0x00,
0x46,0x00,0x10,0x00,0x04,0x00,0x00,0x00,0xe6,0x0a,0x10,0x00,0x03,0x00,0x00,0x00,
0x0f,0x00,0x00,0x07,0x12,0x00,0x10,0x00,0x0e,0x00,0x00,0x00,0xe6,0x0a,0x10,0x00,
0x04,0x00,0x00,0x00,0xe6,0x0a,0x10,0x00,0x03,0x00,0x00,0x00,0x38,0x00,0x00,0x07,
0x32,0x00,0x10,0x00,0x01,0x00,0x00,0x00,0x46,0x00,0x10,0x00,0x09,0x00,0x00,0x00,
0xc6,0x00,0x10,0x00,0x0e,0x00,0x00,0x00,0x38,0x00,0x00,0x07,0x32,0x00,0x10,0x00,
0x03,0x00,0x00,0x00,0x46,0x00,0x10,0x00,0x09,0x00,0x00,0x00,0x96,0x05,0x10,0x00,
0x0e,0x00,0x00,0x00,0x0f,0x00,0x00,0x07,0x82,0x00,0x10,0x00,0x02,0x00,0x00,0x00,
0x46,0x00,0x10,0x00,0x03,0x00,0x00,0x00,0x46,0x00,0x10,0x00,0x03,0x00,0x00,0x00,
0x33,0x00,0x00,0x07,0x82,0x00,0x10,0x00,0x02,0x00,0x00,0x00,0x3a,0x00,0x10,0x00,
0x01,0x00,0x00,0x00,0x3a,0x00,0x10,0x00,0x02,0x00,0x00,0x00,0x0f,0x00,0x00,0x07,
0x12,0x00,0x10,0x00,0x01,0x00,0x00,0x00,0x46,0x00,0x10,0x00,0x01,0x00,0x00,0x00,
0x46,0x00,0x10,0x00,0x01,0x00,0x00,0x00,0x33,0x00,0x00,0x07,0x12,0x00,0x10,0x00,
0x01,0x00,0x00,0x00,0x3a,0x00,0x10,0x00,0x01,0x00,0x00,0x00,0x0a,0x00,0x10,0x00,
0x01,0x00,0x00,0x00,0x32,0x00,0x00,0x09,0x22,0x00,0x10,0x00,0x01,0x00,0x00,0x00,
0x2a,0x00,0x10,0x00,0x09,0x00,0x00,0x00,0x3a,0x00,0x10,0x00,0x02,0x00,0x00,0x00,
0x01,0x40,0x00,0x00,0x00,0x00,0x80,0xbf,0x32,0x00,0x00,0x09,0x82,0x00,0x10,0x00,
0x02,0x00,0x00,0x00,0x3a,0x00,0x10,0x00,0x02,0x00,0x00,0x00,0x01,0x40,0x00,0x00,
0xcd,0xcc,0xcc,0x3e,0x01,0x40,0x00,0x00,0x00,0x00,0x80,0xbf,0x38,0x00,0x00,0x07,
0x82,0x00,0x10,0x00,0x02,0x00,0x00,0x00,0x3a,0x00,0x10,0x00,0x02,0x00,0x00,0x00,
0x3a,0x00,0x10,0x00,0x02,0x00,0x00,0x00,0x32,0x00,0x00,0x09,0x82,0x00,0x10,0x00,
0x02,0x00,0x00,0x00,0x3a,0x00,0x10,0x00,0x02,0x00,0x00,0x00,0x01,0x40,0x00,0x00,
0x00,0x00,0xc8,0x3f,0x01,0x40,0x00,0x00,0x00,0x00,0x10,0xbf,0x38,0x00,0x00,0x07,
0x22,0x00,0x10,0x00,0x01,0x00,0x00,0x00,0x1a,0x00,0x10,0x00,0x01,0x00,0x00,0x00,
0x1a,0x00,0x10,0x00,0x01,0x00,0x00,0x00,0x38,0x00,0x00,0x07,0x12,0x00,0x10,0x00,
0x03,0x00,0x00,0x00,0x1a,0x00,0x10,0x00,0x01,0x00,0x00,0x00,0x3a,0x00,0x10,0x00,
0x02,0x00,0x00,0x00,0x32,0x00,0x00,0x09,0x22,0x00,0x10,0x00,0x01,0x00,0x00,0x00,
0x3a,0x00,0x10,0x00,0x02,0x00,0x00,0x00,0x1a,0x00,0x10,0x00,0x01,0x00,0x00,0x00,
0x2a,0x00,0x10,0x00,0x01,0x00,0x00,0x00,0x36,0x00,0x00,0x05,0x12,0x00,0x10,0x00,
0x08,0x00,0x00,0x00,0x2a,0x00,0x10,0x00,0x07,0x00,0x00,0x00,0x36,0x00,0x00,0x05,
0x12,0x00,0x10,0x00,0x06,0x00,0x00,0x00,0x3a,0x00,0x10,0x00,0x07,0x00,0x00,0x00,
0x36,0x00,0x00,0x05,0x22,0x00,0x10,0x00,0x06,0x00,0x00,0x00,0x3a,0x00,0x10,0x00,
0x08,0x00,0x00,0x00,0x36,0x00,0x00,0x05,0x42,0x00,0x10,0x00,0x08,0x00,0x00,0x00,
0x3a,0x00,0x10,0x00,0x06,0x00,0x00,0x00,0x32,0x00,0x00,0x09,0x72,0x00,0x10,0x00,
0x02,0x00,0x00,0x00,0x46,0x02,0x10,0x00,0x08,0x00,0x00,0x00,0x06,0x00,0x10,0x00,
0x03,0x00,0x00,0x00,0x46,0x02,0x10,0x00,0x02,0x00,0x00,0x00,0x32,0x00,0x00,0x09,
0x42,0x00,0x10,0x00,0x01,0x00,0x00,0x00,0x2a,0x00,0x10,0x00,0x09,0x00,0x00,0x00,
0x0a,0x00,0x10,0x00,0x01,0x00,0x00,0x00,0x01,0x40,0x00,0x00,0x00,0x00,0x80,0xbf,
0x32,0x00,0x00,0x09,0x12,0x00,0x10,0x00,0x01,0x00,0x00,0x00,0x0a,0x00,0x10,0x00,
0x01,0x00,0x00,0x00,0x01,0x40,0x00,0x00,0xcd,0xcc,0xcc,0x3e,0x01,0x40,0x00,0x00,
0x00,0x00,0x80,0xbf,0x38,0x00,0x00,0x07,0x52,0x00,0x10,0x00,0x01,0x00,0x00,0x00,
0x06,0x02,0x10,0x00,0x01,0x00,0x00,0x00,0x06,0x02,0x10,0x00,0x01,0x00,0x00,0x00,
0x32,0x00,0x00,0x09,0x12,0x00,0x10,0x00,0x01,0x00,0x00,0x00,0x0a,0x00,0x10,0x00,
0x01,0x00,0x00,0x00,0x01,0x40,0x00,0x00,0x00,0x00,0xc8,0x3f,0x01,0x40,0x00,0x00,
0x00,0x00,0x10,0xbf,0x38,0x00,0x00,0x07,0x82,0x00,0x10,0x00,0x02,0x00,0x00,0x00,
0x2a,0x00,0x10,0x00,0x01,0x00,0x00,0x00,0x0a,0x00,0x10,0x00,0x01,0x00,0x00,0x00,
0x32,0x00,0x00,0x09,0x12,0x00,0x10,0x00,0x01,0x00,0x00,0x00,0x0a,0x00,0x10,0x00,
0x01,0x00,0x00,0x00,0x2a,0x00,0x10,0x00,0x01,0x00,0x00,0x00,0x1a,0x00,0x10,0x00,
0x01,0x00,0x00,0x00,0x32,0x00,0x00,0x09,0x72,0x00,0x10,0x00,0x02,0x00,0x00,0x00,
0x46,0x02,0x10,0x00,0x06,0x00,0x00,0x00,0xf6,0x0f,0x10,0x00,0x02,0x00,0x00,0x00,
0x46,0x02,0x10,0x00,0x02,0x00,0x00,0x00,0x38,0x00,0x00,0x07,0x62,0x00,0x10,0x00,
0x01,0x00,0x00,0x00,0xa6,0x0a,0x10,0x00,0x03,0x00,0x00,0x00,0x56,0x07,0x10,0x00,
0x0c,0x00,0x00,0x00,0x32,0x00,0x00,0x0a,0xc2,0x00,0x10,0x00,0x04,0x00,0x00,0x00,
0x06,0x08,0x10,0x00,0x0c,0x00,0x00,0x00,0xf6,0x0f,0x10,0x80,0x41,0x00,0x00,0x00,
0x03,0x00,0x00,0x00,0x56,0x09,0x10,0x00,0x01,0x00,0x00,0x00,0x0f,0x00,0x00,0x07,
0x22,0x00,0x10,0x00,0x04,0x00,0x00,0x00,0x46,0x00,0x10,0x00,0x0c,0x00,0x00,0x00,
0xe6,0x0a,0x10,0x00,0x03,0x00,0x00,0x00,0x0f,0x00,0x00,0x07,0x12,0x00,0x10,0x00,
0x04,0x00,0x00,0x00,0xe6,0x0a,0x10,0x00,0x0c,0x00,0x00,0x00,0xe6,0x0a,0x10,0x00,
0x03,0x00,0x00,0x00,0x38,0x00,0x00,0x07,0x62,0x00,0x10,0x00,0x01,0x00,0x00,0x00,
0x06,0x01,0x10,0x00,0x09,0x00,0x00,0x00,0x06,0x03,0x10,0x00,0x04,0x00,0x00,0x00,
0x38,0x00,0x00,0x07,0x32,0x00,0x10,0x00,0x03,0x00,0x00,0x00,0x46,0x00,0x10,0x00,
0x09,0x00,0x00,0x00,0x96,0x05,0x10,0x00,0x04,0x00,0x00,0x00,0x0f,0x00,0x00,0x07,
0x82,0x00,0x10,0x00,0x02,0x00,0x00,0x00,0x46,0x00,0x10,0x00,0x03,0x00,0x00,0x00,
0x46,0x00,0x10,0x00,0x03,0x00,0x00,0x00,0x33,0x00,0x00,0x07,0x82,0x00,0x10,0x00,
0x02,0x00,0x00,0x00,0x3a,0x00,0x10,0x00,0x01,0x00,0x00,0x00,0x3a,0x00,0x10,0x00,
0x02,0x00,0x00,0x00,0x0f,0x00,0x00,0x07,0x22,0x00,0x10,0x00,0x01,0x00,0x00,0x00,
0x96,0x05,0x10,0x00,0x01,0x00,0x00,0x00,0x96,0x05,0x10,0x00,0x01,0x00,0x00,0x00,
0x33,0x00,0x00,0x07,0x22,0x00,0x10,0x00,0x01,0x00,0x00,0x00,0x3a,0x00,0x10,0x00,
0x01,0x00,0x00,0x00,0x1a,0x00,0x10,0x00,0x01,0x00,0x00,0x00,0x32,0x00,0x00,0x09,
0x42,0x00,0x10,0x00,0x01,0x00,0x00,0x00,0x2a,0x00,0x10,0x00,0x09,0x00,0x00,0x00,
0x3a,0x00,0x10,0x00,0x02,0x00,0x00,0x00,0x01,0x40,0x00,0x00,0x00,0x00,0x80,0xbf,
0x32,0x00,0x00,0x09,0x82,0x00,0x10,0x00,0x01,0x00,0x00,0x00,0x3a,0x00,0x10,0x00,
0x02,0x00,0x00,0x00,0x01,0x40,0x00,0x00,0xcd,0xcc,0xcc,0x3e,0x01,0x40,0x00,0x00,
0x00,0x00,0x80,0xbf,0x38,0x00,0x00,0x07,0xc2,0x00,0x10,0x00,0x01,0x00,0x00,0x00,
0xa6,0x0e,0x10,0x00,0x01,0x00,0x00,0x00,0xa6,0x0e,0x10,0x00,0x01,0x00,0x00,0x00,
0x32,0x00,0x00,0x09,0x82,0x00,0x10,0x00,0x01,0x00,0x00,0x00,0x3a,0x00,0x10,0x00,
0x01,0x00,0x00,0x00,0x01,0x40,0x00,0x00,0x00,0x00,0xc8,0x3f,0x01,0x40,0x00,0x00,
0x00,0x00,0x10,0xbf,0x32,0x00,0x00,0x09,0x82,0x00,0x10,0x00,0x02,0x00,0x00,0x00,
0x2a,0x00,0x10,0x00,0x09,0x00,0x00,0x00,0x1a,0x00,0x10,0x00,0x01,0x00,0x00,0x00,
0x01,0x40,0x00,0x00,0x00,0x00,0x80,0xbf,0x32,0x00,0x00,0x09,0x22,0x00,0x10,0x00,
0x01,0x00,0x00,0x00,0x1a,0x00,0x10,0x00,0x01,0x00,0x00,0x00,0x01,0x40,0x00,0x00,
0xcd,0xcc,0xcc,0x3e,0x01,0x40,0x00,0x00,0x00,0x00,0x80,0xbf,0x38,0x00,0x00,0x07,
0x22,0x00,0x10,0x00,0x01,0x00,0x00,0x00,0x1a,0x00,0x10,0x00,0x01,0x00,0x00,0x00,
0x1a,0x00,0x10,0x00,0x01,0x00,0x00,0x00,0x32,0x00,0x00,0x09,0x22,0x00,0x10,0x00,
0x01,0x00,0x00,0x00,0x1a,0x00,0x10,0x00,0x01,0x00,0x00,0x00,0x01,0x40,0x00,0x00,
0x00,0x00,0xc8,0x3f,0x01,0x40,0x00,0x00,0x00,0x00,0x10,0xbf,0x38,0x00,0x00,0x07,
0x82,0x00,0x10,0x00,0x02,0x00,0x00,0x00,0x3a,0x00,0x10,0x00,0x02,0x00,0x00,0x00,
0x3a,0x00,0x10,0x00,0x02,0x00,0x00,0x00,0x38,0x00,0x00,0x07,0x12,0x00,0x10,0x00,
0x03,0x00,0x00,0x00,0x2a,0x00,0x10,0x00,0x01,0x00,0x00,0x00,0x3a,0x00,0x10,0x00,
0x01,0x00,0x00,0x00,0x32,0x00,0x00,0x09,0x12,0x00,0x10,0x00,0x01,0x00,0x00,0x00,
0x3a,0x00,0x10,0x00,0x01,0x00,0x00,0x00,0x2a,0x00,0x10,0x00,0x01,0x00,0x00,0x00,
0x0a,0x00,0x10,0x00,0x01,0x00,0x00,0x00,0x32,0x00,0x00,0x09,0x12,0x00,0x10,0x00,
0x01,0x00,0x00,0x00,0x1a,0x00,0x10,0x00,0x01,0x00,0x00,0x00,0x3a,0x00,0x10,0x00,
0x02,0x00,0x00,0x00,0x0a,0x00,0x10,0x00,0x01,0x00,0x00,0x00,0x38,0x00,0x00,0x07,
0x22,0x00,0x10,0x00,0x01,0x00,0x00,0x00,0x1a,0x00,0x10,0x00,0x01,0x00,0x00,0x00,
0x3a,0x00,0x10,0x00,0x02,0x00,0x00,0x00,0x81,0x00,0x00,0x05,0x12,0x00,0x10,0x00,
0x01,0x00,0x00,0x00,0x0a,0x00,0x10,0x00,0x01,0x00,0x00,0x00,0x36,0x00,0x00,0x05,
0x12,0x00,0x10,0x00,0x11,0x00,0x00,0x00,0x1a,0x00,0x10,0x00,0x0d,0x00,0x00,0x00,
0x36,0x00,0x00,0x05,0x12,0x00,0x10,0x00,0x12,0x00,0x00,0x00,0x3a,0x00,0x10,0x00,
0x0d,0x00,0x00,0x00,0x36,0x00,0x00,0x05,0x22,0x00,0x10,0x00,0x12,0x00,0x00,0x00,
0x3a,0x00,0x10,0x00,0x11,0x00,0x00,0x00,0x36,0x00,0x00,0x05,0x42,0x00,0x10,0x00,
0x11,0x00,0x00,0x00,0x3a,0x00,0x10,0x00,0x12,0x00,0x00,0x00,0x32,0x00,0x00,0x09,
0x72,0x00,0x10,0x00,0x02,0x00,0x00,0x00,0x46,0x02,0x10,0x00,0x11,0x00,0x00,0x00,
0x06,0x00,0x10,0x00,0x03,0x00,0x00,0x00,0x46,0x02,0x10,0x00,0x02,0x00,0x00,0x00,
0x32,0x00,0x00,0x09,0xe2,0x00,0x10,0x00,0x01,0x00,0x00,0x00,0x06,0x09,0x10,0x00,
0x12,0x00,0x00,0x00,0x56,0x05,0x10,0x00,0x01,0x00,0x00,0x00,0x06,0x09,0x10,0x00,
0x02,0x00,0x00,0x00,0x38,0x00,0x00,0x07,0x72,0x00,0x10,0x00,0x01,0x00,0x00,0x00,
0x06,0x00,0x10,0x00,0x01,0x00,0x00,0x00,0x96,0x07,0x10,0x00,0x01,0x00,0x00,0x00,
0x33,0x00,0x00,0x07,0x72,0x00,0x10,0x00,0x02,0x00,0x00,0x00,0x46,0x02,0x10,0x00,
0x0a,0x00,0x00,0x00,0x46,0x02,0x10,0x00,0x06,0x00,0x00,0x00,0x34,0x00,0x00,0x07,
0x72,0x00,0x10,0x00,0x03,0x00,0x00,0x00,0x46,0x02,0x10,0x00,0x0a,0x00,0x00,0x00,
0x46,0x02,0x10,0x00,0x06,0x00,0x00,0x00,0x34,0x00,0x00,0x07,0x72,0x00,0x10,0x00,
0x03,0x00,0x00,0x00,0x46,0x02,0x10,0x00,0x03,0x00,0x00,0x00,0x46,0x02,0x10,0x00,
0x05,0x00,0x00,0x00,0x33,0x00,0x00,0x07,0x72,0x00,0x10,0x00,0x02,0x00,0x00,0x00,
0x46,0x02,0x10,0x00,0x02,0x00,0x00,0x00,0x46,0x02,0x10,0x00,0x05,0x00,0x00,0x00,
0x33,0x00,0x00,0x07,0x72,0x00,0x10,0x00,0x02,0x00,0x00,0x00,0x46,0x02,0x10,0x00,
0x0b,0x00,0x00,0x00,0x46,0x02,0x10,0x00,0x02,0x00,0x00,0x00,0x34,0x00,0x00,0x07,
0x72,0x00,0x10,0x00,0x03,0x00,0x00,0x00,0x46,0x02,0x10,0x00,0x0b,0x00,0x00,0x00,
0x46,0x02,0x10,0x00,0x03,0x00,0x00,0x00,0x34,0x00,0x00,0x07,0x72,0x00,0x10,0x00,
0x01,0x00,0x00,0x00,0x46,0x02,0x10,0x00,0x01,0x00,0x00,0x00,0x46,0x02,0x10,0x00,
0x02,0x00,0x00,0x00,0x33,0x00,0x00,0x07,0x72,0x00,0x10,0x00,0x01,0x00,0x00,0x00,
0x46,0x02,0x10,0x00,0x01,0x00,0x00,0x00,0x46,0x02,0x10,0x00,0x03,0x00,0x00,0x00,
0x38,0x00,0x00,0x07,0x72,0x00,0x10,0x00,0x02,0x00,0x00,0x00,0x46,0x02,0x10,0x00,
0x01,0x00,0x00,0x00,0x46,0x02,0x10,0x00,0x01,0x00,0x00,0x00,0x20,0x00,0x00,0x08,
0x82,0x00,0x10,0x00,0x01,0x00,0x00,0x00,0x0a,0x80,0x20,0x00,0x00,0x00,0x00,0x00,
0x04,0x00,0x00,0x00,0x01,0x40,0x00,0x00,0x01,0x00,0x00,0x00,0x37,0x00,0x00,0x09,
0x72,0x00,0x10,0x00,0x01,0x00,0x00,0x00,0xf6,0x0f,0x10,0x00,0x01,0x00,0x00,0x00,
0x46,0x02,0x10,0x00,0x02,0x00,0x00,0x00,0x46,0x02,0x10,0x00,0x01,0x00,0x00,0x00,
0x2f,0x00,0x00,0x05,0x72,0x00,0x10,0x00,0x01,0x00,0x00,0x00,0x46,0x02,0x10,0x00,
0x01,0x00,0x00,0x00,0x38,0x00,0x00,0x0a,0x72,0x00,0x10,0x00,0x01,0x00,0x00,0x00,
0x46,0x02,0x10,0x00,0x01,0x00,0x00,0x00,0x02,0x40,0x00,0x00,0x2f,0xba,0xe8,0x3e,
0x2f,0xba,0xe8,0x3e,0x2f,0xba,0xe8,0x3e,0x00,0x00,0x00,0x00,0x19,0x00,0x00,0x05,
0x72,0x00,0x10,0x00,0x02,0x00,0x00,0x00,0x46,0x02,0x10,0x00,0x01,0x00,0x00,0x00,
0x36,0x00,0x00,0x05,0x82,0x00,0x10,0x00,0x02,0x00,0x00,0x00,0x01,0x40,0x00,0x00,
0x00,0x00,0x80,0x3f,0xa4,0x00,0x00,0x07,0xf2,0xe0,0x11,0x00,0x00,0x00,0x00,0x00,
0xe6,0x0f,0x10,0x00,0x00,0x00,0x00,0x00,0x46,0x0e,0x10,0x00,0x02,0x00,0x00,0x00,
0x1e,0x00,0x00,0x0a,0x32,0x00,0x10,0x00,0x00,0x00,0x00,0x00,0xe6,0x0a,0x10,0x00,
0x00,0x00,0x00,0x00,0x02,0x40,0x00,0x00,0x08,0x00,0x00,0x00,0x08,0x00,0x00,0x00,
0x00,0x00,0x00,0x00,0x00,0x00,0x00,0x00,0x56,0x00,0x00,0x05,0xf2,0x00,0x10,0x00,
0x02,0x00,0x00,0x00,0xc6,0x04,0x10,0x00,0x00,0x00,0x00,0x00,0x32,0x00,0x00,0x0b,
0xf2,0x00,0x10,0x00,0x02,0x00,0x00,0x00,0x46,0x0e,0x10,0x00,0x02,0x00,0x00,0x00,
0x46,0x84,0x20,0x00,0x00,0x00,0x00,0x00,0x00,0x00,0x00,0x00,0xe6,0x8e,0x20,0x00,
0x00,0x00,0x00,0x00,0x00,0x00,0x00,0x00,0x41,0x00,0x00,0x05,0xf2,0x00,0x10,0x00,
0x03,0x00,0x00,0x00,0x46,0x0e,0x10,0x00,0x02,0x00,0x00,0x00,0x00,0x00,0x00,0x08,
0xf2,0x00,0x10,0x00,0x02,0x00,0x00,0x00,0x46,0x0e,0x10,0x00,0x02,0x00,0x00,0x00,
0x46,0x0e,0x10,0x80,0x41,0x00,0x00,0x00,0x03,0x00,0x00,0x00,0x32,0x00,0x00,0x0b,
0xf2,0x00,0x10,0x00,0x03,0x00,0x00,0x00,0x46,0x0e,0x10,0x00,0x03,0x00,0x00,0x00,
0x46,0x84,0x20,0x00,0x00,0x00,0x00,0x00,0x01,0x00,0x00,0x00,0xe6,0x8e,0x20,0x00,
0x00,0x00,0x00,0x00,0x01,0x00,0x00,0x00,0x6d,0x00,0x00,0x8b,0xc2,0x00,0x00,0x80,
0x43,0x55,0x15,0x00,0x32,0x00,0x10,0x00,0x01,0x00,0x00,0x00,0x46,0x00,0x10,0x00,
0x03,0x00,0x00,0x00,0x46,0x7e,0x10,0x00,0x00,0x00,0x00,0x00,0x0a,0x60,0x10,0x00,
0x00,0x00,0x00,0x00,0x6d,0x00,0x00,0x8b,0xc2,0x00,0x00,0x80,0x43,0x55,0x15,0x00,
0x32,0x00,0x10,0x00,0x04,0x00,0x00,0x00,0x46,0x00,0x10,0x00,0x03,0x00,0x00,0x00,
0x46,0x7e,0x10,0x00,0x00,0x00,0x00,0x00,0x1a,0x60,0x10,0x00,0x00,0x00,0x00,0x00,
0x32,0x00,0x00,0x0c,0xc2,0x00,0x10,0x00,0x04,0x00,0x00,0x00,0x06,0x04,0x10,0x00,
0x01,0x00,0x00,0x00,0x02,0x40,0x00,0x00,0x00,0x00,0x00,0x00,0x00,0x00,0x00,0x00,
0x00,0x00,0x00,0x3f,0x00,0x00,0x00,0x3f,0x06,0x04,0x10,0x00,0x04,0x00,0x00,0x00,
0x6d,0x00,0x00,0x8b,0xc2,0x00,0x00,0x80,0x43,0x55,0x15,0x00,0x32,0x00,0x10,0x00,
0x05,0x00,0x00,0x00,0x46,0x00,0x10,0x00,0x03,0x00,0x00,0x00,0x46,0x7e,0x10,0x00,
0x00,0x00,0x00,0x00,0x2a,0x60,0x10,0x00,0x00,0x00,0x00,0x00,0x32,0x00,0x00,0x0c,
0xc2,0x00,0x10,0x00,0x04,0x00,0x00,0x00,0x06,0x04,0x10,0x00,0x05,0x00,0x00,0x00,
0x02,0x40,0x00,0x00,0x00,0x00,0x00,0x00,0x00,0x00,0x00,0x00,0x00,0x00,0x00,0x3f,
0x00,0x00,0x00,0x3f,0xa6,0x0e,0x10,0x00,0x04,0x00,0x00,0x00,0x00,0x00,0x00,0x08,
0xf2,0x00,0x10,0x00,0x06,0x00,0x00,0x00,0x46,0x04,0x10,0x00,0x03,0x00,0x00,0x00,
0x46,0x8e,0x20,0x00,0x00,0x00,0x00,0x00,0x02,0x00,0x00,0x00,0x6d,0x00,0x00,0x8b,
0xc2,0x00,0x00,0x80,0x43,0x55,0x15,0x00,0xf2,0x00,0x10,0x00,0x07,0x00,0x00,0x00,
0xe6,0x0a,0x10,0x00,0x06,0x00,0x00,0x00,0x46,0x7e,0x10,0x00,0x00,0x00,0x00,0x00,
0x0a,0x60,0x10,0x00,0x00,0x00,0x00,0x00,0x6d,0x00,0x00,0x8b,0xc2,0x00,0x00,0x80,
0x43,0x55,0x15,0x00,0xf2,0x00,0x10,0x00,0x08,0x00,0x00,0x00,0xe6,0x0a,0x10,0x00,
0x06,0x00,0x00,0x00,0x86,0x7d,0x10,0x00,0x00,0x00,0x00,0x00,0x1a,0x60,0x10,0x00,
0x00,0x00,0x00,0x00,0x32,0x00,0x00,0x0c,0xf2,0x00,0x10,0x00,0x09,0x00,0x00,0x00,
0x46,0x0e,0x10,0x00,0x07,0x00,0x00,0x00,0x02,0x40,0x00,0x00,0x00,0x00,0x00,0x3f,
0x00,0x00,0x00,0x3f,0x00,0x00,0x00,0x3f,0x00,0x00,0x00,0x3f,0x86,0x0d,0x10,0x00,
0x08,0x00,0x00,0x00,0x6d,0x00,0x00,0x8b,0xc2,0x00,0x00,0x80,0x43,0x55,0x15,0x00,
0xf2,0x00,0x10,0x00,0x0a,0x00,0x00,0x00,0xe6,0x0a,0x10,0x00,0x06,0x00,0x00,0x00,
0x46,0x7b,0x10,0x00,0x00,0x00,0x00,0x00,0x2a,0x60,0x10,0x00,0x00,0x00,0x00,0x00,
0x32,0x00,0x00,0x0c,0xf2,0x00,0x10,0x00,0x09,0x00,0x00,0x00,0x46,0x0b,0x10,0x00,
0x0a,0x00,0x00,0x00,0x02,0x40,0x00,0x00,0x00,0x00,0x00,0x3f,0x00,0x00,0x00,0x3f,
0x00,0x00,0x00,0x3f,0x00,0x00,0x00,0x3f,0x46,0x0e,0x10,0x00,0x09,0x00,0x00,0x00,
0x00,0x00,0x00,0x08,0xc2,0x00,0x10,0x00,0x05,0x00,0x00,0x00,0xf6,0x0f,0x10,0x80,
0x41,0x00,0x00,0x00,0x04,0x00,0x00,0x00,0xf6,0x03,0x10,0x00,0x09,0x00,0x00,0x00,
0x00,0x00,0x00,0x08,0x72,0x00,0x10,0x00,0x0b,0x00,0x00,0x00,0xf6,0x0c,0x10,0x80,
0x41,0x00,0x00,0x00,0x09,0x00,0x00,0x00,0x26,0x09,0x10,0x00,0x09,0x00,0x00,0x00,
0x34,0x00,0x00,0x09,0x42,0x00,0x10,0x00,0x00,0x00,0x00,0x00,0x2a,0x00,0x10,0x80,
0x81,0x00,0x00,0x00,0x05,0x00,0x00,0x00,0x1a,0x00,0x10,0x80,0x81,0x00,0x00,0x00,
0x0b,0x00,0x00,0x00,0x1e,0x00,0x00,0x08,0x42,0x00,0x10,0x00,0x00,0x00,0x00,0x00,
0x2a,0x00,0x10,0x80,0x41,0x00,0x00,0x00,0x00,0x00,0x00,0x00,0x01,0x40,0x00,0x00,
0xbb,0x7e,0xf0,0x7e,0x38,0x20,0x00,0x08,0x42,0x00,0x10,0x00,0x00,0x00,0x00,0x00,
0x2a,0x00,0x10,0x00,0x00,0x00,0x00,0x00,0x3a,0x00,0x10,0x80,0x81,0x00,0x00,0x00,
0x05,0x00,0x00,0x00,0x38,0x00,0x00,0x07,0x42,0x00,0x10,0x00,0x00,0x00,0x00,0x00,
0x2a,0x00,0x10,0x00,0x00,0x00,0x00,0x00,0x2a,0x00,0x10,0x00,0x00,0x00,0x00,0x00,
0x6d,0x00,0x00,0x8b,0xc2,0x00,0x00,0x80,0x43,0x55,0x15,0x00,0xf2,0x00,0x10,0x00,
0x0c,0x00,0x00,0x00,0x46,0x00,0x10,0x00,0x06,0x00,0x00,0x00,0x46,0x7e,0x10,0x00,
0x00,0x00,0x00,0x00,0x0a,0x60,0x10,0x00,0x00,0x00,0x00,0x00,0x6d,0x00,0x00,0x8b,
0xc2,0x00,0x00,0x80,0x43,0x55,0x15,0x00,0xf2,0x00,0x10,0x00,0x0d,0x00,0x00,0x00,
0x46,0x00,0x10,0x00,0x06,0x00,0x00,0x00,0x86,0x7d,0x10,0x00,0x00,0x00,0x00,0x00,
0x1a,0x60,0x10,0x00,0x00,0x00,0x00,0x00,0x6d,0x00,0x00,0x8b,0xc2,0x00,0x00,0x80,
0x43,0x55,0x15,0x00,0xf2,0x00,0x10,0x00,0x06,0x00,0x00,0x00,0x46,0x00,0x10,0x00,
0x06,0x00,0x00,0x00,0x46,0x7b,0x10,0x00,0x00,0x00,0x00,0x00,0x2a,0x60,0x10,0x00,
0x00,0x00,0x00,0x00,0x32,0x00,0x00,0x0c,0xf2,0x00,0x10,0x00,0x0e,0x00,0x00,0x00,
0xe6,0x01,0x10,0x00,0x0c,0x00,0x00,0x00,0x02,0x40,0x00,0x00,0x00,0x00,0x00,0x3f,
0x00,0x00,0x00,0x3f,0x00,0x00,0x00,0x3f,0x00,0x00,0x00,0x3f,0xd6,0x02,0x10,0x00,
0x0d,0x00,0x00,0x00,0x32,0x00,0x00,0x0c,0xf2,0x00,0x10,0x00,0x0e,0x00,0x00,0x00,
0xb6,0x01,0x10,0x00,0x06,0x00,0x00,0x00,0x02,0x40,0x00,0x00,0x00,0x00,0x00,0x3f,
0x00,0x00,0x00,0x3f,0x00,0x00,0x00,0x3f,0x00,0x00,0x00,0x3f,0x46,0x0e,0x10,0x00,
0x0e,0x00,0x00,0x00,0x00,0x00,0x00,0x08,0xf2,0x00,0x10,0x00,0x0f,0x00,0x00,0x00,
0xf6,0x02,0x10,0x00,0x09,0x00,0x00,0x00,0x46,0x08,0x10,0x80,0x41,0x00,0x00,0x00,
0x0e,0x00,0x00,0x00,0x34,0x00,0x00,0x09,0x52,0x00,0x10,0x00,0x0b,0x00,0x00,0x00,
0x06,0x02,0x10,0x80,0x81,0x00,0x00,0x00,0x0b,0x00,0x00,0x00,0x06,0x03,0x10,0x80,
0x81,0x00,0x00,0x00,0x0f,0x00,0x00,0x00,0x1e,0x00,0x00,0x0b,0x52,0x00,0x10,0x00,
0x0b,0x00,0x00,0x00,0x06,0x02,0x10,0x80,0x41,0x00,0x00,0x00,0x0b,0x00,0x00,0x00,
0x02,0x40,0x00,0x00,0xbb,0x7e,0xf0,0x7e,0x00,0x00,0x00,0x00,0xbb,0x7e,0xf0,0x7e,
0x00,0x00,0x00,0x00,0x38,0x20,0x00,0x08,0x82,0x00,0x10,0x00,0x04,0x00,0x00,0x00,
0x0a,0x00,0x10,0x00,0x0b,0x00,0x00,0x00,0x2a,0x00,0x10,0x80,0x81,0x00,0x00,0x00,
0x0f,0x00,0x00,0x00,0x00,0x00,0x00,0x08,0x72,0x00,0x10,0x00,0x10,0x00,0x00,0x00,
0x16,0x07,0x10,0x80,0x41,0x00,0x00,0x00,0x0e,0x00,0x00,0x00,0x86,0x02,0x10,0x00,
0x0e,0x00,0x00,0x00,0x34,0x00,0x00,0x09,0x92,0x00,0x10,0x00,0x0b,0x00,0x00,0x00,
0x06,0x0c,0x10,0x80,0x81,0x00,0x00,0x00,0x0f,0x00,0x00,0x00,0x06,0x08,0x10,0x80,
0x81,0x00,0x00,0x00,0x10,0x00,0x00,0x00,0x1e,0x00,0x00,0x0b,0x92,0x00,0x10,0x00,
0x0b,0x00,0x00,0x00,0x06,0x0c,0x10,0x80,0x41,0x00,0x00,0x00,0x0b,0x00,0x00,0x00,
0x02,0x40,0x00,0x00,0xbb,0x7e,0xf0,0x7e,0x00,0x00,0x00,0x00,0x00,0x00,0x00,0x00,
0xbb,0x7e,0xf0,0x7e,0x38,0x20,0x00,0x08,0x42,0x00,0x10,0x00,0x05,0x00,0x00,0x00,
0x0a,0x00,0x10,0x00,0x0b,0x00,0x00,0x00,0x1a,0x00,0x10,0x80,0x81,0x00,0x00,0x00,
0x0f,0x00,0x00,0x00,0x38,0x00,0x00,0x07,0x42,0x00,0x10,0x00,0x05,0x00,0x00,0x00,
0x2a,0x00,0x10,0x00,0x05,0x00,0x00,0x00,0x2a,0x00,0x10,0x00,0x05,0x00,0x00,0x00,
0x00,0x00,0x00,0x08,0x92,0x00,0x10,0x00,0x0f,0x00,0x00,0x00,0xa6,0x0a,0x10,0x80,
0x41,0x00,0x00,0x00,0x04,0x00,0x00,0x00,0x06,0x08,0x10,0x00,0x0e,0x00,0x00,0x00,
0x34,0x00,0x00,0x09,0x42,0x00,0x10,0x00,0x04,0x00,0x00,0x00,0x0a,0x00,0x10,0x80,
0x81,0x00,0x00,0x00,0x0f,0x00,0x00,0x00,0x1a,0x00,0x10,0x80,0x81,0x00,0x00,0x00,
0x10,0x00,0x00,0x00,0x1e,0x00,0x00,0x08,0x42,0x00,0x10,0x00,0x04,0x00,0x00,0x00,
0x2a,0x00,0x10,0x80,0x41,0x00,0x00,0x00,0x04,0x00,0x00,0x00,0x01,0x40,0x00,0x00,
0xbb,0x7e,0xf0,0x7e,0x38,0x20,0x00,0x08,0x42,0x00,0x10,0x00,0x04,0x00,0x00,0x00,
0x2a,0x00,0x10,0x00,0x04,0x00,0x00,0x00,0x3a,0x00,0x10,0x80,0x81,0x00,0x00,0x00,
0x0f,0x00,0x00,0x00,0x38,0x00,0x00,0x07,0xc2,0x00,0x10,0x00,0x04,0x00,0x00,0x00,
0xa6,0x0e,0x10,0x00,0x04,0x00,0x00,0x00,0xa6,0x0e,0x10,0x00,0x04,0x00,0x00,0x00,
0x00,0x00,0x00,0x0b,0xf2,0x00,0x10,0x00,0x11,0x00,0x00,0x00,0x46,0x04,0x10,0x80,
0x41,0x00,0x00,0x00,0x02,0x00,0x00,0x00,0x02,0x40,0x00,0x00,0x00,0x00,0x80,0x3f,
0x00,0x00,0x80,0x3f,0x00,0x00,0x00,0x00,0x00,0x00,0x80,0xbf,0x38,0x00,0x00,0x07,
0x42,0x00,0x10,0x00,0x09,0x00,0x00,0x00,0x1a,0x00,0x10,0x00,0x11,0x00,0x00,0x00,
0x0a,0x00,0x10,0x00,0x11,0x00,0x00,0x00,0x38,0x00,0x00,0x07,0x42,0x00,0x10,0x00,
0x04,0x00,0x00,0x00,0x2a,0x00,0x10,0x00,0x04,0x00,0x00,0x00,0x2a,0x00,0x10,0x00,
0x09,0x00,0x00,0x00,0x32,0x00,0x00,0x09,0x42,0x00,0x10,0x00,0x04,0x00,0x00,0x00,
0x2a,0x00,0x10,0x00,0x05,0x00,0x00,0x00,0x2a,0x00,0x10,0x00,0x09,0x00,0x00,0x00,
0x2a,0x00,0x10,0x00,0x04,0x00,0x00,0x00,0x38,0x00,0x00,0x07,0x52,0x00,0x10,0x00,
0x10,0x00,0x00,0x00,0x06,0x01,0x10,0x00,0x02,0x00,0x00,0x00,0x56,0x04,0x10,0x00,
0x11,0x00,0x00,0x00,0x32,0x00,0x00,0x09,0x42,0x00,0x10,0x00,0x04,0x00,0x00,0x00,
0x3a,0x00,0x10,0x00,0x04,0x00,0x00,0x00,0x0a,0x00,0x10,0x00,0x10,0x00,0x00,0x00,
0x2a,0x00,0x10,0x00,0x04,0x00,0x00,0x00,0x32,0x00,0x00,0x09,0x42,0x00,0x10,0x00,
0x00,0x00,0x00,0x00,0x2a,0x00,0x10,0x00,0x00,0x00,0x00,0x00,0x0a,0x00,0x10,0x00,
0x10,0x00,0x00,0x00,0x2a,0x00,0x10,0x00,0x04,0x00,0x00,0x00,0x00,0x00,0x00,0x08,
0xc2,0x00,0x10,0x00,0x04,0x00,0x00,0x00,0x06,0x04,0x10,0x00,0x09,0x00,0x00,0x00,
0xf6,0x0b,0x10,0x80,0x41,0x00,0x00,0x00,0x0e,0x00,0x00,0x00,0x38,0x20,0x00,0x08,
0x42,0x00,0x10,0x00,0x05,0x00,0x00,0x00,0x3a,0x00,0x10,0x00,0x0b,0x00,0x00,0x00,
0x2a,0x00,0x10,0x80,0x81,0x00,0x00,0x00,0x04,0x00,0x00,0x00,0x38,0x00,0x00,0x07,
0x42,0x00,0x10,0x00,0x05,0x00,0x00,0x00,0x2a,0x00,0x10,0x00,0x05,0x00,0x00,0x00,
0x2a,0x00,0x10,0x00,0x05,0x00,0x00,0x00,0x32,0x00,0x00,0x09,0x42,0x00,0x10,0x00,
0x00,0x00,0x00,0x00,0x2a,0x00,0x10,0x00,0x05,0x00,0x00,0x00,0x2a,0x00,0x10,0x00,
0x10,0x00,0x00,0x00,0x2a,0x00,0x10,0x00,0x00,0x00,0x00,0x00,0x00,0x00,0x00,0x08,
0xf2,0x00,0x10,0x00,0x12,0x00,0x00,0x00,0x46,0x0e,0x10,0x00,0x03,0x00,0x00,0x00,
0x46,0x84,0x20,0x00,0x00,0x00,0x00,0x00,0x03,0x00,0x00,0x00,0x6d,0x00,0x00,0x8b,
0xc2,0x00,0x00,0x80,0x43,0x55,0x15,0x00,0x32,0x00,0x10,0x00,0x03,0x00,0x00,0x00,
0x46,0x00,0x10,0x00,0x12,0x00,0x00,0x00,0xe6,0x74,0x10,0x00,0x00,0x00,0x00,0x00,
0x0a,0x60,0x10,0x00,0x00,0x00,0x00,0x00,0x6d,0x00,0x00,0x8b,0xc2,0x00,0x00,0x80,
0x43,0x55,0x15,0x00,0xa2,0x00,0x10,0x00,0x13,0x00,0x00,0x00,0x46,0x00,0x10,0x00,
0x12,0x00,0x00,0x00,0x86,0x7d,0x10,0x00,0x00,0x00,0x00,0x00,0x1a,0x60,0x10,0x00,
0x00,0x00,0x00,0x00,0x32,0x00,0x00,0x0c,0x92,0x00,0x10,0x00,0x0b,0x00,0x00,0x00,
0x06,0x04,0x10,0x00,0x03,0x00,0x00,0x00,0x02,0x40,0x00,0x00,0x00,0x00,0x00,0x3f,
0x00,0x00,0x00,0x00,0x00,0x00,0x00,0x00,0x00,0x00,0x00,0x3f,0x56,0x0d,0x10,0x00,
0x13,0x00,0x00,0x00,0x6d,0x00,0x00,0x8b,0xc2,0x00,0x00,0x80,0x43,0x55,0x15,0x00,
0xc2,0x00,0x10,0x00,0x14,0x00,0x00,0x00,0x46,0x00,0x10,0x00,0x12,0x00,0x00,0x00,
0x46,0x7b,0x10,0x00,0x00,0x00,0x00,0x00,0x2a,0x60,0x10,0x00,0x00,0x00,0x00,0x00,
0x32,0x00,0x00,0x0c,0x92,0x00,0x10,0x00,0x0b,0x00,0x00,0x00,0xf6,0x0b,0x10,0x00,
0x14,0x00,0x00,0x00,0x02,0x40,0x00,0x00,0x00,0x00,0x00,0x3f,0x00,0x00,0x00,0x00,
0x00,0x00,0x00,0x00,0x00,0x00,0x00,0x3f,0x06,0x0c,0x10,0x00,0x0b,0x00,0x00,0x00,
0x00,0x00,0x00,0x08,0x32,0x00,0x10,0x00,0x0e,0x00,0x00,0x00,0x26,0x0a,0x10,0x80,
0x41,0x00,0x00,0x00,0x0e,0x00,0x00,0x00,0xf6,0x0f,0x10,0x00,0x0b,0x00,0x00,0x00,
0x00,0x00,0x00,0x08,0x32,0x00,0x10,0x00,0x09,0x00,0x00,0x00,0xc6,0x00,0x10,0x80,
0x41,0x00,0x00,0x00,0x09,0x00,0x00,0x00,0x06,0x00,0x10,0x00,0x0b,0x00,0x00,0x00,
0x34,0x00,0x00,0x09,0x42,0x00,0x10,0x00,0x05,0x00,0x00,0x00,0x1a,0x00,0x10,0x80,
0x81,0x00,0x00,0x00,0x10,0x00,0x00,0x00,0x0a,0x00,0x10,0x80,0x81,0x00,0x00,0x00,
0x0e,0x00,0x00,0x00,0x1e,0x00,0x00,0x08,0x42,0x00,0x10,0x00,0x05,0x00,0x00,0x00,
0x2a,0x00,0x10,0x80,0x41,0x00,0x00,0x00,0x05,0x00,0x00,0x00,0x01,0x40,0x00,0x00,
0xbb,0x7e,0xf0,0x7e,0x38,0x20,0x00,0x08,0x42,0x00,0x10,0x00,0x05,0x00,0x00,0x00,
0x2a,0x00,0x10,0x00,0x05,0x00,0x00,0x00,0x1a,0x00,0x10,0x80,0x81,0x00,0x00,0x00,
0x0e,0x00,0x00,0x00,0x38,0x00,0x00,0x07,0x42,0x00,0x10,0x00,0x05,0x00,0x00,0x00,
0x2a,0x00,0x10,0x00,0x05,0x00,0x00,0x00,0x2a,0x00,0x10,0x00,0x05,0x00,0x00,0x00,
0x32,0x00,0x00,0x09,0x42,0x00,0x10,0x00,0x00,0x00,0x00,0x00,0x2a,0x00,0x10,0x00,
0x05,0x00,0x00,0x00,0x2a,0x00,0x10,0x00,0x10,0x00,0x00,0x00,0x2a,0x00,0x10,0x00,
0x00,0x00,0x00,0x00,0x38,0x20,0x00,0x08,0x42,0x00,0x10,0x00,0x05,0x00,0x00,0x00,
0x2a,0x00,0x10,0x00,0x0b,0x00,0x00,0x00,0x3a,0x00,0x10,0x80,0x81,0x00,0x00,0x00,
0x04,0x00,0x00,0x00,0x38,0x00,0x00,0x07,0x42,0x00,0x10,0x00,0x05,0x00,0x00,0x00,
0x2a,0x00,0x10,0x00,0x05,0x00,0x00,0x00,0x2a,0x00,0x10,0x00,0x05,0x00,0x00,0x00,
0x38,0x00,0x00,0x07,0x52,0x00,0x10,0x00,0x0b,0x00,0x00,0x00,0x56,0x07,0x10,0x00,
0x02,0x00,0x00,0x00,0x06,0x02,0x10,0x00,0x02,0x00,0x00,0x00,0x32,0x00,0x00,0x09,
0x42,0x00,0x10,0x00,0x00,0x00,0x00,0x00,0x2a,0x00,0x10,0x00,0x05,0x00,0x00,0x00,
0x0a,0x00,0x10,0x00,0x0b,0x00,0x00,0x00,0x2a,0x00,0x10,0x00,0x00,0x00,0x00,0x00,
0x34,0x00,0x00,0x09,0x42,0x00,0x10,0x00,0x05,0x00,0x00,0x00,0x1a,0x00,0x10,0x80,
0x81,0x00,0x00,0x00,0x0b,0x00,0x00,0x00,0x0a,0x00,0x10,0x80,0x81,0x00,0x00,0x00,
0x09,0x00,0x00,0x00,0x1e,0x00,0x00,0x08,0x42,0x00,0x10,0x00,0x05,0x00,0x00,0x00,
0x2a,0x00,0x10,0x80,0x41,0x00,0x00,0x00,0x05,0x00,0x00,0x00,0x01,0x40,0x00,0x00,
0xbb,0x7e,0xf0,0x7e,0x38,0x20,0x00,0x08,0x42,0x00,0x10,0x00,0x05,0x00,0x00,0x00,
0x2a,0x00,0x10,0x00,0x05,0x00,0x00,0x00,0x1a,0x00,0x10,0x80,0x81,0x00,0x00,0x00,
0x09,0x00,0x00,0x00,0x38,0x00,0x00,0x07,0x42,0x00,0x10,0x00,0x05,0x00,0x00,0x00,
0x2a,0x00,0x10,0x00,0x05,0x00,0x00,0x00,0x2a,0x00,0x10,0x00,0x05,0x00,0x00,0x00,
0x32,0x00,0x00,0x09,0x42,0x00,0x10,0x00,0x00,0x00,0x00,0x00,0x2a,0x00,0x10,0x00,
0x05,0x00,0x00,0x00,0x0a,0x00,0x10,0x00,0x0b,0x00,0x00,0x00,0x2a,0x00,0x10,0x00,
0x00,0x00,0x00,0x00,0x38,0x00,0x00,0x07,0x42,0x00,0x10,0x00,0x00,0x00,0x00,0x00,
0x2a,0x00,0x10,0x00,0x00,0x00,0x00,0x00,0x01,0x40,0x00,0x00,0x00,0x00,0x00,0x3f,
0x38,0x00,0x00,0x07,0x42,0x00,0x10,0x00,0x00,0x00,0x00,0x00,0x2a,0x00,0x10,0x00,
0x00,0x00,0x00,0x00,0x2a,0x00,0x10,0x00,0x00,0x00,0x00,0x00,0x38,0x00,0x00,0x07,
0x42,0x00,0x10,0x00,0x05,0x00,0x00,0x00,0x3a,0x00,0x10,0x00,0x05,0x00,0x00,0x00,
0x0a,0x00,0x10,0x00,0x10,0x00,0x00,0x00,0x32,0x00,0x00,0x09,0x42,0x00,0x10,0x00,
0x05,0x00,0x00,0x00,0x3a,0x00,0x10,0x00,0x0f,0x00,0x00,0x00,0x2a,0x00,0x10,0x00,
0x09,0x00,0x00,0x00,0x2a,0x00,0x10,0x00,0x05,0x00,0x00,0x00,0x32,0x00,0x00,0x09,
0x42,0x00,0x10,0x00,0x05,0x00,0x00,0x00,0x1a,0x00,0x10,0x00,0x0e,0x00,0x00,0x00,
0x2a,0x00,0x10,0x00,0x10,0x00,0x00,0x00,0x2a,0x00,0x10,0x00,0x05,0x00,0x00,0x00,
0x32,0x00,0x00,0x09,0x42,0x00,0x10,0x00,0x0e,0x00,0x00,0x00,0x1a,0x00,0x10,0x00,
0x09,0x00,0x00,0x00,0x0a,0x00,0x10,0x00,0x0b,0x00,0x00,0x00,0x2a,0x00,0x10,0x00,
0x05,0x00,0x00,0x00,0x38,0x00,0x00,0x07,0x42,0x00,0x10,0x00,0x05,0x00,0x00,0x00,
0x2a,0x00,0x10,0x00,0x0f,0x00,0x00,0x00,0x0a,0x00,0x10,0x00,0x10,0x00,0x00,0x00,
0x32,0x00,0x00,0x09,0x42,0x00,0x10,0x00,0x05,0x00,0x00,0x00,0x1a,0x00,0x10,0x00,
0x0f,0x00,0x00,0x00,0x2a,0x00,0x10,0x00,0x09,0x00,0x00,0x00,0x2a,0x00,0x10,0x00,
0x05,0x00,0x00,0x00,0x32,0x00,0x00,0x09,0x42,0x00,0x10,0x00,0x04,0x00,0x00,0x00,
0x2a,0x00,0x10,0x00,0x04,0x00,0x00,0x00,0x2a,0x00,0x10,0x00,0x10,0x00,0x00,0x00,
0x2a,0x00,0x10,0x00,0x05,0x00,0x00,0x00,0x32,0x00,0x00,0x09,0x22,0x00,0x10,0x00,
0x0e,0x00,0x00,0x00,0x3a,0x00,0x10,0x00,0x04,0x00,0x00,0x00,0x0a,0x00,0x10,0x00,
0x0b,0x00,0x00,0x00,0x2a,0x00,0x10,0x00,0x04,0x00,0x00,0x00,0x38,0x00,0x00,0x07,
0xc2,0x00,0x10,0x00,0x04,0x00,0x00,0x00,0x56,0x09,0x10,0x00,0x0e,0x00,0x00,0x00,
0x56,0x09,0x10,0x00,0x0e,0x00,0x00,0x00,0x00,0x00,0x00,0x07,0x42,0x00,0x10,0x00,
0x04,0x00,0x00,0x00,0x3a,0x00,0x10,0x00,0x04,0x00,0x00,0x00,0x2a,0x00,0x10,0x00,
0x04,0x00,0x00,0x00,0x55,0x00,0x00,0x07,0x82,0x00,0x10,0x00,0x04,0x00,0x00,0x00,
0x2a,0x00,0x10,0x00,0x04,0x00,0x00,0x00,0x01,0x40,0x00,0x00,0x01,0x00,0x00,0x00,
0x31,0x00,0x00,0x07,0x42,0x00,0x10,0x00,0x04,0x00,0x00,0x00,0x2a,0x00,0x10,0x00,
0x04,0x00,0x00,0x00,0x01,0x40,0x00,0x00,0x00,0x00,0x00,0x38,0x1e,0x00,0x00,0x08,
0x82,0x00,0x10,0x00,0x04,0x00,0x00,0x00,0x3a,0x00,0x10,0x80,0x41,0x00,0x00,0x00,
0x04,0x00,0x00,0x00,0x01,0x40,0x00,0x00,0x74,0x7d,0x34,0x5f,0x37,0x00,0x00,0x09,
0x82,0x00,0x10,0x00,0x04,0x00,0x00,0x00,0x2a,0x00,0x10,0x00,0x04,0x00,0x00,0x00,
0x01,0x40,0x00,0x00,0x00,0x00,0x80,0x3f,0x3a,0x00,0x10,0x00,0x04,0x00,0x00,0x00,
0x37,0x00,0x00,0x09,0x12,0x00,0x10,0x00,0x0e,0x00,0x00,0x00,0x2a,0x00,0x10,0x00,
0x04,0x00,0x00,0x00,0x01,0x40,0x00,0x00,0x00,0x00,0x80,0x3f,0x1a,0x00,0x10,0x00,
0x0e,0x00,0x00,0x00,0x38,0x00,0x00,0x07,0xc2,0x00,0x10,0x00,0x04,0x00,0x00,0x00,
0xf6,0x0f,0x10,0x00,0x04,0x00,0x00,0x00,0x06,0x08,0x10,0x00,0x0e,0x00,0x00,0x00,
0x34,0x00,0x00,0x09,0x42,0x00,0x10,0x00,0x05,0x00,0x00,0x00,0x3a,0x00,0x10,0x80,
0x81,0x00,0x00,0x00,0x04,0x00,0x00,0x00,0x2a,0x00,0x10,0x80,0x81,0x00,0x00,0x00,
0x04,0x00,0x00,0x00,0x1e,0x00,0x00,0x08,0x42,0x00,0x10,0x00,0x05,0x00,0x00,0x00,
0x2a,0x00,0x10,0x80,0x41,0x00,0x00,0x00,0x05,0x00,0x00,0x00,0x01,0x40,0x00,0x00,
0xbb,0x7e,0xf0,0x7e,0x0f,0x00,0x00,0x07,0x82,0x00,0x10,0x00,0x05,0x00,0x00,0x00,
0xe6,0x0a,0x10,0x00,0x04,0x00,0x00,0x00,0xe6,0x0a,0x10,0x00,0x04,0x00,0x00,0x00,
0x32,0x00,0x00,0x09,0x42,0x00,0x10,0x00,0x05,0x00,0x00,0x00,0x3a,0x00,0x10,0x00,
0x05,0x00,0x00,0x00,0x2a,0x00,0x10,0x00,0x05,0x00,0x00,0x00,0x01,0x40,0x00,0x00,
0x00,0x00,0x80,0xbf,0x32,0x00,0x00,0x09,0x12,0x00,0x10,0x00,0x09,0x00,0x00,0x00,
0x2a,0x00,0x10,0x00,0x05,0x00,0x00,0x00,0x2a,0x00,0x10,0x00,0x00,0x00,0x00,0x00,
0x01,0x40,0x00,0x00,0x00,0x00,0x80,0x3f,0x32,0x00,0x00,0x0f,0x62,0x00,0x10,0x00,
0x09,0x00,0x00,0x00,0xa6,0x0a,0x10,0x00,0x00,0x00,0x00,0x00,0x02,0x40,0x00,0x00,
0x00,0x00,0x00,0x00,0x00,0x00,0x00,0xbf,0xe1,0x7a,0x94,0xbe,0x00,0x00,0x00,0x00,
0x02,0x40,0x00,0x00,0x00,0x00,0x00,0x00,0x00,0x00,0x80,0x3f,0x00,0x00,0x00,0x3f,
0x00,0x00,0x00,0x00,0x00,0x00,0x00,0x0b,0xf2,0x00,0x10,0x00,0x0e,0x00,0x00,0x00,
0x46,0x04,0x10,0x80,0x41,0x00,0x00,0x00,0x02,0x00,0x00,0x00,0x02,0x40,0x00,0x00,
0x00,0x00,0x80,0x3f,0x00,0x00,0x80,0xbf,0x00,0x00,0x80,0xbf,0x00,0x00,0x80,0x3f,
0x38,0x00,0x00,0x07,0xc2,0x00,0x10,0x00,0x05,0x00,0x00,0x00,0xa6,0x0a,0x10,0x00,
0x04,0x00,0x00,0x00,0x56,0x0d,0x10,0x00,0x0e,0x00,0x00,0x00,0x32,0x00,0x00,0x0a,
0xc2,0x00,0x10,0x00,0x0f,0x00,0x00,0x00,0x06,0x08,0x10,0x00,0x0e,0x00,0x00,0x00,
0xf6,0x0f,0x10,0x80,0x41,0x00,0x00,0x00,0x04,0x00,0x00,0x00,0xa6,0x0e,0x10,0x00,
0x05,0x00,0x00,0x00,0x0f,0x00,0x00,0x07,0x22,0x00,0x10,0x00,0x0f,0x00,0x00,0x00,
0x46,0x00,0x10,0x00,0x0e,0x00,0x00,0x00,0xe6,0x0a,0x10,0x00,0x04,0x00,0x00,0x00,
0x0f,0x00,0x00,0x07,0x12,0x00,0x10,0x00,0x0f,0x00,0x00,0x00,0xe6,0x0a,0x10,0x00,
0x0e,0x00,0x00,0x00,0xe6,0x0a,0x10,0x00,0x04,0x00,0x00,0x00,0x38,0x00,0x00,0x07,
0xc2,0x00,0x10,0x00,0x05,0x00,0x00,0x00,0x06,0x04,0x10,0x00,0x09,0x00,0x00,0x00,
0x06,0x0c,0x10,0x00,0x0f,0x00,0x00,0x00,0x38,0x00,0x00,0x07,0x32,0x00,0x10,0x00,
0x0b,0x00,0x00,0x00,0x46,0x00,0x10,0x00,0x09,0x00,0x00,0x00,0x96,0x05,0x10,0x00,
0x0f,0x00,0x00,0x00,0x0f,0x00,0x00,0x07,0x42,0x00,0x10,0x00,0x00,0x00,0x00,0x00,
0x46,0x00,0x10,0x00,0x0b,0x00,0x00,0x00,0x46,0x00,0x10,0x00,0x0b,0x00,0x00,0x00,
0x0f,0x00,0x00,0x07,0x42,0x00,0x10,0x00,0x05,0x00,0x00,0x00,0xe6,0x0a,0x10,0x00,
0x05,0x00,0x00,0x00,0xe6,0x0a,0x10,0x00,0x05,0x00,0x00,0x00,0x1e,0x00,0x00,0x08,
0x82,0x00,0x10,0x00,0x05,0x00,0x00,0x00,0x2a,0x00,0x10,0x80,0x41,0x00,0x00,0x00,
0x09,0x00,0x00,0x00,0x01,0x40,0x00,0x00,0xbb,0x7e,0xf0,0x7e,0x33,0x00,0x00,0x07,
0x42,0x00,0x10,0x00,0x00,0x00,0x00,0x00,0x2a,0x00,0x10,0x00,0x00,0x00,0x00,0x00,
0x3a,0x00,0x10,0x00,0x05,0x00,0x00,0x00,0x32,0x00,0x00,0x09,0x82,0x00,0x10,0x00,
0x09,0x00,0x00,0x00,0x2a,0x00,0x10,0x00,0x00,0x00,0x00,0x00,0x01,0x40,0x00,0x00,
0xcd,0xcc,0xcc,0x3e,0x01,0x40,0x00,0x00,0x00,0x00,0x80,0xbf,0x32,0x00,0x00,0x09,
0x42,0x00,0x10,0x00,0x00,0x00,0x00,0x00,0x2a,0x00,0x10,0x00,0x09,0x00,0x00,0x00,
0x2a,0x00,0x10,0x00,0x00,0x00,0x00,0x00,0x01,0x40,0x00,0x00,0x00,0x00,0x80,0xbf,
0x38,0x00,0x00,0x07,0x42,0x00,0x10,0x00,0x00,0x00,0x00,0x00,0x2a,0x00,0x10,0x00,
0x00,0x00,0x00,0x00,0x2a,0x00,0x10,0x00,0x00,0x00,0x00,0x00,0x38,0x00,0x00,0x07,
0x82,0x00,0x10,0x00,0x09,0x00,0x00,0x00,0x3a,0x00,0x10,0x00,0x09,0x00,0x00,0x00,
0x3a,0x00,0x10,0x00,0x09,0x00,0x00,0x00,0x32,0x00,0x00,0x09,0x82,0x00,0x10,0x00,
0x09,0x00,0x00,0x00,0x3a,0x00,0x10,0x00,0x09,0x00,0x00,0x00,0x01,0x40,0x00,0x00,
0x00,0x00,0xc8,0x3f,0x01,0x40,0x00,0x00,0x00,0x00,0x10,0xbf,0x38,0x00,0x00,0x07,
0x42,0x00,0x10,0x00,0x00,0x00,0x00,0x00,0x2a,0x00,0x10,0x00,0x00,0x00,0x00,0x00,
0x3a,0x00,0x10,0x00,0x09,0x00,0x00,0x00,0x36,0x00,0x00,0x05,0x12,0x00,0x10,0x00,
0x0e,0x00,0x00,0x00,0x1a,0x00,0x10,0x00,0x01,0x00,0x00,0x00,0x36,0x00,0x00,0x05,
0x22,0x00,0x10,0x00,0x0e,0x00,0x00,0x00,0x1a,0x00,0x10,0x00,0x04,0x00,0x00,0x00,
0x36,0x00,0x00,0x05,0x22,0x00,0x10,0x00,0x01,0x00,0x00,0x00,0x0a,0x00,0x10,0x00,
0x04,0x00,0x00,0x00,0x36,0x00,0x00,0x05,0x42,0x00,0x10,0x00,0x0e,0x00,0x00,0x00,
0x1a,0x00,0x10,0x00,0x05,0x00,0x00,0x00,0x36,0x00,0x00,0x05,0x42,0x00,0x10,0x00,
0x01,0x00,0x00,0x00,0x0a,0x00,0x10,0x00,0x05,0x00,0x00,0x00,0x38,0x00,0x00,0x07,
0xb2,0x00,0x10,0x00,0x0b,0x00,0x00,0x00,0xa6,0x0a,0x10,0x00,0x00,0x00,0x00,0x00,
0x46,0x08,0x10,0x00,0x0e,0x00,0x00,0x00,0x38,0x00,0x00,0x07,0x12,0x00,0x10,0x00,
0x04,0x00,0x00,0x00,0x2a,0x00,0x10,0x00,0x04,0x00,0x00,0x00,0x3a,0x00,0x10,0x00,
0x11,0x00,0x00,0x00,0x32,0x00,0x00,0x0a,0x22,0x00,0x10,0x00,0x04,0x00,0x00,0x00,
0x2a,0x00,0x10,0x00,0x11,0x00,0x00,0x00,0x3a,0x00,0x10,0x80,0x41,0x00,0x00,0x00,
0x04,0x00,0x00,0x00,0x0a,0x00,0x10,0x00,0x04,0x00,0x00,0x00,0x0f,0x00,0x00,0x07,
0x12,0x00,0x10,0x00,0x04,0x00,0x00,0x00,0xe6,0x0a,0x10,0x00,0x11,0x00,0x00,0x00,
0xe6,0x0a,0x10,0x00,0x04,0x00,0x00,0x00,0x38,0x00,0x00,0x07,0x32,0x00,0x10,0x00,
0x04,0x00,0x00,0x00,0x46,0x00,0x10,0x00,0x09,0x00,0x00,0x00,0x46,0x00,0x10,0x00,
0x04,0x00,0x00,0x00,0x0f,0x00,0x00,0x07,0x12,0x00,0x10,0x00,0x04,0x00,0x00,0x00,
0x46,0x00,0x10,0x00,0x04,0x00,0x00,0x00,0x46,0x00,0x10,0x00,0x04,0x00,0x00,0x00,
0x33,0x00,0x00,0x07,0x12,0x00,0x10,0x00,0x04,0x00,0x00,0x00,0x3a,0x00,0x10,0x00,
0x05,0x00,0x00,0x00,0x0a,0x00,0x10,0x00,0x04,0x00,0x00,0x00,0x32,0x00,0x00,0x09,
0x22,0x00,0x10,0x00,0x04,0x00,0x00,0x00,0x2a,0x00,0x10,0x00,0x09,0x00,0x00,0x00,
0x0a,0x00,0x10,0x00,0x04,0x00,0x00,0x00,0x01,0x40,0x00,0x00,0x00,0x00,0x80,0xbf,
0x32,0x00,0x00,0x09,0x12,0x00,0x10,0x00,0x04,0x00,0x00,0x00,0x0a,0x00,0x10,0x00,
0x04,0x00,0x00,0x00,0x01,0x40,0x00,0x00,0xcd,0xcc,0xcc,0x3e,0x01,0x40,0x00,0x00,
0x00,0x00,0x80,0xbf,0x38,0x00,0x00,0x07,0x32,0x00,0x10,0x00,0x04,0x00,0x00,0x00,
0x46,0x00,0x10,0x00,0x04,0x00,0x00,0x00,0x46,0x00,0x10,0x00,0x04,0x00,0x00,0x00,
0x32,0x00,0x00,0x09,0x12,0x00,0x10,0x00,0x04,0x00,0x00,0x00,0x0a,0x00,0x10,0x00,
0x04,0x00,0x00,0x00,0x01,0x40,0x00,0x00,0x00,0x00,0xc8,0x3f,0x01,0x40,0x00,0x00,
0x00,0x00,0x10,0xbf,0x38,0x00,0x00,0x07,0x12,0x00,0x10,0x00,0x05,0x00,0x00,0x00,
0x1a,0x00,0x10,0x00,0x04,0x00,0x00,0x00,0x0a,0x00,0x10,0x00,0x04,0x00,0x00,0x00,
0x32,0x00,0x00,0x09,0x42,0x00,0x10,0x00,0x00,0x00,0x00,0x00,0x0a,0x00,0x10,0x00,
0x04,0x00,0x00,0x00,0x1a,0x00,0x10,0x00,0x04,0x00,0x00,0x00,0x2a,0x00,0x10,0x00,
0x00,0x00,0x00,0x00,0x32,0x00,0x00,0x09,0x72,0x00,0x10,0x00,0x01,0x00,0x00,0x00,
0x46,0x02,0x10,0x00,0x01,0x00,0x00,0x00,0x06,0x00,0x10,0x00,0x05,0x00,0x00,0x00,
0x46,0x03,0x10,0x00,0x0b,0x00,0x00,0x00,0x33,0x00,0x00,0x07,0x12,0x00,0x10,0x00,
0x04,0x00,0x00,0x00,0x3a,0x00,0x10,0x00,0x05,0x00,0x00,0x00,0x2a,0x00,0x10,0x00,
0x05,0x00,0x00,0x00,0x32,0x00,0x00,0x09,0x22,0x00,0x10,0x00,0x04,0x00,0x00,0x00,
0x2a,0x00,0x10,0x00,0x09,0x00,0x00,0x00,0x0a,0x00,0x10,0x00,0x04,0x00,0x00,0x00,
0x01,0x40,0x00,0x00,0x00,0x00,0x80,0xbf,0x32,0x00,0x00,0x09,0x12,0x00,0x10,0x00,
0x04,0x00,0x00,0x00,0x0a,0x00,0x10,0x00,0x04,0x00,0x00,0x00,0x01,0x40,0x00,0x00,
0xcd,0xcc,0xcc,0x3e,0x01,0x40,0x00,0x00,0x00,0x00,0x80,0xbf,0x38,0x00,0x00,0x07,
0x32,0x00,0x10,0x00,0x04,0x00,0x00,0x00,0x46,0x00,0x10,0x00,0x04,0x00,0x00,0x00,
0x46,0x00,0x10,0x00,0x04,0x00,0x00,0x00,0x32,0x00,0x00,0x09,0x12,0x00,0x10,0x00,
0x04,0x00,0x00,0x00,0x0a,0x00,0x10,0x00,0x04,0x00,0x00,0x00,0x01,0x40,0x00,0x00,
0x00,0x00,0xc8,0x3f,0x01,0x40,0x00,0x00,0x00,0x00,0x10,0xbf,0x38,0x00,0x00,0x07,
0x12,0x00,0x10,0x00,0x05,0x00,0x00,0x00,0x1a,0x00,0x10,0x00,0x04,0x00,0x00,0x00,
0x0a,0x00,0x10,0x00,0x04,0x00,0x00,0x00,0x32,0x00,0x00,0x09,0x42,0x00,0x10,0x00,
0x00,0x00,0x00,0x00,0x0a,0x00,0x10,0x00,0x04,0x00,0x00,0x00,0x1a,0x00,0x10,0x00,
0x04,0x00,0x00,0x00,0x2a,0x00,0x10,0x00,0x00,0x00,0x00,0x00,0x36,0x00,0x00,0x05,
0x12,0x00,0x10,0x00,0x0e,0x00,0x00,0x00,0x0a,0x00,0x10,0x00,0x0c,0x00,0x00,0x00,
0x36,0x00,0x00,0x05,0x22,0x00,0x10,0x00,0x0e,0x00,0x00,0x00,0x0a,0x00,0x10,0x00,
0x0d,0x00,0x00,0x00,0x36,0x00,0x00,0x05,0x42,0x00,0x10,0x00,0x0e,0x00,0x00,0x00,
0x0a,0x00,0x10,0x00,0x06,0x00,0x00,0x00,0x32,0x00,0x00,0x09,0x72,0x00,0x10,0x00,
0x01,0x00,0x00,0x00,0x46,0x02,0x10,0x00,0x0e,0x00,0x00,0x00,0x06,0x00,0x10,0x00,
0x05,0x00,0x00,0x00,0x46,0x02,0x10,0x00,0x01,0x00,0x00,0x00,0x00,0x00,0x00,0x0b,
0xf2,0x00,0x10,0x00,0x0e,0x00,0x00,0x00,0x46,0x04,0x10,0x80,0x41,0x00,0x00,0x00,
0x02,0x00,0x00,0x00,0x02,0x40,0x00,0x00,0x00,0x00,0x00,0x00,0x00,0x00,0x80,0x3f,
0x00,0x00,0x80,0xbf,0x00,0x00,0x00,0x00,0x38,0x00,0x00,0x07,0x32,0x00,0x10,0x00,
0x04,0x00,0x00,0x00,0xa6,0x0a,0x10,0x00,0x04,0x00,0x00,0x00,0xd6,0x05,0x10,0x00,
0x0e,0x00,0x00,0x00,0x32,0x00,0x00,0x0a,0xc2,0x00,0x10,0x00,0x0f,0x00,0x00,0x00,
0x06,0x08,0x10,0x00,0x0e,0x00,0x00,0x00,0xf6,0x0f,0x10,0x80,0x41,0x00,0x00,0x00,
0x04,0x00,0x00,0x00,0x06,0x04,0x10,0x00,0x04,0x00,0x00,0x00,0x0f,0x00,0x00,0x07,
0x22,0x00,0x10,0x00,0x0f,0x00,0x00,0x00,0x46,0x00,0x10,0x00,0x0e,0x00,0x00,0x00,
0xe6,0x0a,0x10,0x00,0x04,0x00,0x00,0x00,0x0f,0x00,0x00,0x07,0x12,0x00,0x10,0x00,
0x0f,0x00,0x00,0x00,0xe6,0x0a,0x10,0x00,0x0e,0x00,0x00,0x00,0xe6,0x0a,0x10,0x00,
0x04,0x00,0x00,0x00,0x38,0x00,0x00,0x07,0x32,0x00,0x10,0x00,0x04,0x00,0x00,0x00,
0x46,0x00,0x10,0x00,0x09,0x00,0x00,0x00,0xc6,0x00,0x10,0x00,0x0f,0x00,0x00,0x00,
0x38,0x00,0x00,0x07,0x32,0x00,0x10,0x00,0x05,0x00,0x00,0x00,0x46,0x00,0x10,0x00,
0x09,0x00,0x00,0x00,0x96,0x05,0x10,0x00,0x0f,0x00,0x00,0x00,0x0f,0x00,0x00,0x07,
0x12,0x00,0x10,0x00,0x05,0x00,0x00,0x00,0x46,0x00,0x10,0x00,0x05,0x00,0x00,0x00,
0x46,0x00,0x10,0x00,0x05,0x00,0x00,0x00,0x33,0x00,0x00,0x07,0x12,0x00,0x10,0x00,
0x05,0x00,0x00,0x00,0x3a,0x00,0x10,0x00,0x05,0x00,0x00,0x00,0x0a,0x00,0x10,0x00,
0x05,0x00,0x00,0x00,0x0f,0x00,0x00,0x07,0x12,0x00,0x10,0x00,0x04,0x00,0x00,0x00,
0x46,0x00,0x10,0x00,0x04,0x00,0x00,0x00,0x46,0x00,0x10,0x00,0x04,0x00,0x00,0x00,
0x32,0x00,0x00,0x09,0x22,0x00,0x10,0x00,0x04,0x00,0x00,0x00,0x2a,0x00,0x10,0x00,
0x09,0x00,0x00,0x00,0x0a,0x00,0x10,0x00,0x05,0x00,0x00,0x00,0x01,0x40,0x00,0x00,
0x00,0x00,0x80,0xbf,0x32,0x00,0x00,0x09,0x12,0x00,0x10,0x00,0x05,0x00,0x00,0x00,
0x0a,0x00,0x10,0x00,0x05,0x00,0x00,0x00,0x01,0x40,0x00,0x00,0xcd,0xcc,0xcc,0x3e,
0x01,0x40,0x00,0x00,0x00,0x00,0x80,0xbf,0x38,0x00,0x00,0x07,0x12,0x00,0x10,0x00,
0x05,0x00,0x00,0x00,0x0a,0x00,0x10,0x00,0x05,0x00,0x00,0x00,0x0a,0x00,0x10,0x00,
0x05,0x00,0x00,0x00,0x32,0x00,0x00,0x09,0x12,0x00,0x10,0x00,0x05,0x00,0x00,0x00,
0x0a,0x00,0x10,0x00,0x05,0x00,0x00,0x00,0x01,0x40,0x00,0x00,0x00,0x00,0xc8,0x3f,
0x01,0x40,0x00,0x00,0x00,0x00,0x10,0xbf,0x38,0x00,0x00,0x07,0x22,0x00,0x10,0x00,
0x04,0x00,0x00,0x00,0x1a,0x00,0x10,0x00,0x04,0x00,0x00,0x00,0x1a,0x00,0x10,0x00,
0x04,0x00,0x00,0x00,0x38,0x00,0x00,0x07,0x22,0x00,0x10,0x00,0x05,0x00,0x00,0x00,
0x1a,0x00,0x10,0x00,0x04,0x00,0x00,0x00,0x0a,0x00,0x10,0x00,0x05,0x00,0x00,0x00,
0x32,0x00,0x00,0x09,0x42,0x00,0x10,0x00,0x00,0x00,0x00,0x00,0x0a,0x00,0x10,0x00,
0x05,0x00,0x00,0x00,0x1a,0x00,0x10,0x00,0x04,0x00,0x00,0x00,0x2a,0x00,0x10,0x00,
0x00,0x00,0x00,0x00,0x36,0x00,0x00,0x05,0x12,0x00,0x10,0x00,0x0e,0x00,0x00,0x00,
0x1a,0x00,0x10,0x00,0x0c,0x00,0x00,0x00,0x36,0x00,0x00,0x05,0x22,0x00,0x10,0x00,
0x0e,0x00,0x00,0x00,0x2a,0x00,0x10,0x00,0x0d,0x00,0x00,0x00,0x36,0x00,0x00,0x05,
0x42,0x00,0x10,0x00,0x0e,0x00,0x00,0x00,0x1a,0x00,0x10,0x00,0x06,0x00,0x00,0x00,
0x32,0x00,0x00,0x09,0x72,0x00,0x10,0x00,0x01,0x00,0x00,0x00,0x46,0x02,0x10,0x00,
0x0e,0x00,0x00,0x00,0x56,0x05,0x10,0x00,0x05,0x00,0x00,0x00,0x46,0x02,0x10,0x00,
0x01,0x00,0x00,0x00,0x38,0x00,0x00,0x08,0x22,0x00,0x10,0x00,0x04,0x00,0x00,0x00,
0x1a,0x00,0x10,0x80,0x41,0x00,0x00,0x00,0x02,0x00,0x00,0x00,0x2a,0x00,0x10,0x00,
0x04,0x00,0x00,0x00,0x32,0x00,0x00,0x09,0x22,0x00,0x10,0x00,0x05,0x00,0x00,0x00,
0x0a,0x00,0x10,0x00,0x02,0x00,0x00,0x00,0x3a,0x00,0x10,0x00,0x04,0x00,0x00,0x00,
0x1a,0x00,0x10,0x00,0x04,0x00,0x00,0x00,0x0f,0x00,0x00,0x08,0x12,0x00,0x10,0x00,
0x05,0x00,0x00,0x00,0x46,0x00,0x10,0x80,0x41,0x00,0x00,0x00,0x02,0x00,0x00,0x00,
0xe6,0x0a,0x10,0x00,0x04,0x00,0x00,0x00,0x38,0x00,0x00,0x07,0x32,0x00,0x10,0x00,
0x05,0x00,0x00,0x00,0x46,0x00,0x10,0x00,0x09,0x00,0x00,0x00,0x46,0x00,0x10,0x00,
0x05,0x00,0x00,0x00,0x0f,0x00,0x00,0x07,0x22,0x00,0x10,0x00,0x04,0x00,0x00,0x00,
0x46,0x00,0x10,0x00,0x05,0x00,0x00,0x00,0x46,0x00,0x10,0x00,0x05,0x00,0x00,0x00,
0x33,0x00,0x00,0x07,0x32,0x00,0x10,0x00,0x04,0x00,0x00,0x00,0xf6,0x0f,0x10,0x00,
0x05,0x00,0x00,0x00,0x46,0x00,0x10,0x00,0x04,0x00,0x00,0x00,0x32,0x00,0x00,0x09,
0x12,0x00,0x10,0x00,0x05,0x00,0x00,0x00,0x2a,0x00,0x10,0x00,0x09,0x00,0x00,0x00,
0x1a,0x00,0x10,0x00,0x04,0x00,0x00,0x00,0x01,0x40,0x00,0x00,0x00,0x00,0x80,0xbf,
0x32,0x00,0x00,0x09,0x22,0x00,0x10,0x00,0x04,0x00,0x00,0x00,0x1a,0x00,0x10,0x00,
0x04,0x00,0x00,0x00,0x01,0x40,0x00,0x00,0xcd,0xcc,0xcc,0x3e,0x01,0x40,0x00,0x00,
0x00,0x00,0x80,0xbf,0x38,0x00,0x00,0x07,0x22,0x00,0x10,0x00,0x04,0x00,0x00,0x00,
0x1a,0x00,0x10,0x00,0x04,0x00,0x00,0x00,0x1a,0x00,0x10,0x00,0x04,0x00,0x00,0x00,
0x32,0x00,0x00,0x09,0x22,0x00,0x10,0x00,0x04,0x00,0x00,0x00,0x1a,0x00,0x10,0x00,
0x04,0x00,0x00,0x00,0x01,0x40,0x00,0x00,0x00,0x00,0xc8,0x3f,0x01,0x40,0x00,0x00,
0x00,0x00,0x10,0xbf,0x38,0x00,0x00,0x07,0x12,0x00,0x10,0x00,0x05,0x00,0x00,0x00,
0x0a,0x00,0x10,0x00,0x05,0x00,0x00,0x00,0x0a,0x00,0x10,0x00,0x05,0x00,0x00,0x00,
0x38,0x00,0x00,0x07,0x22,0x00,0x10,0x00,0x05,0x00,0x00,0x00,0x1a,0x00,0x10,0x00,
0x04,0x00,0x00,0x00,0x0a,0x00,0x10,0x00,0x05,0x00,0x00,0x00,0x32,0x00,0x00,0x09,
0x42,0x00,0x10,0x00,0x00,0x00,0x00,0x00,0x1a,0x00,0x10,0x00,0x04,0x00,0x00,0x00,
0x0a,0x00,0x10,0x00,0x05,0x00,0x00,0x00,0x2a,0x00,0x10,0x00,0x00,0x00,0x00,0x00,
0x36,0x00,0x00,0x05,0x12,0x00,0x10,0x00,0x0d,0x00,0x00,0x00,0x2a,0x00,0x10,0x00,
0x0c,0x00,0x00,0x00,0x36,0x00,0x00,0x05,0x12,0x00,0x10,0x00,0x06,0x00,0x00,0x00,
0x3a,0x00,0x10,0x00,0x0c,0x00,0x00,0x00,0x36,0x00,0x00,0x05,0x22,0x00,0x10,0x00,
0x06,0x00,0x00,0x00,0x3a,0x00,0x10,0x00,0x0d,0x00,0x00,0x00,0x36,0x00,0x00,0x05,
0x42,0x00,0x10,0x00,0x0d,0x00,0x00,0x00,0x3a,0x00,0x10,0x00,0x06,0x00,0x00,0x00,
0x32,0x00,0x00,0x09,0x72,0x00,0x10,0x00,0x01,0x00,0x00,0x00,0x46,0x02,0x10,0x00,
0x0d,0x00,0x00,0x00,0x56,0x05,0x10,0x00,0x05,0x00,0x00,0x00,0x46,0x02,0x10,0x00,
0x01,0x00,0x00,0x00,0x32,0x00,0x00,0x09,0x22,0x00,0x10,0x00,0x04,0x00,0x00,0x00,
0x2a,0x00,0x10,0x00,0x09,0x00,0x00,0x00,0x0a,0x00,0x10,0x00,0x04,0x00,0x00,0x00,
0x01,0x40,0x00,0x00,0x00,0x00,0x80,0xbf,0x32,0x00,0x00,0x09,0x12,0x00,0x10,0x00,
0x04,0x00,0x00,0x00,0x0a,0x00,0x10,0x00,0x04,0x00,0x00,0x00,0x01,0x40,0x00,0x00,
0xcd,0xcc,0xcc,0x3e,0x01,0x40,0x00,0x00,0x00,0x00,0x80,0xbf,0x38,0x00,0x00,0x07,
0x32,0x00,0x10,0x00,0x04,0x00,0x00,0x00,0x46,0x00,0x10,0x00,0x04,0x00,0x00,0x00,
0x46,0x00,0x10,0x00,0x04,0x00,0x00,0x00,0x32,0x00,0x00,0x09,0x12,0x00,0x10,0x00,
0x04,0x00,0x00,0x00,0x0a,0x00,0x10,0x00,0x04,0x00,0x00,0x00,0x01,0x40,0x00,0x00,
0x00,0x00,0xc8,0x3f,0x01,0x40,0x00,0x00,0x00,0x00,0x10,0xbf,0x38,0x00,0x00,0x07,
0x12,0x00,0x10,0x00,0x05,0x00,0x00,0x00,0x1a,0x00,0x10,0x00,0x04,0x00,0x00,0x00,
0x0a,0x00,0x10,0x00,0x04,0x00,0x00,0x00,0x32,0x00,0x00,0x09,0x42,0x00,0x10,0x00,
0x00,0x00,0x00,0x00,0x0a,0x00,0x10,0x00,0x04,0x00,0x00,0x00,0x1a,0x00,0x10,0x00,
0x04,0x00,0x00,0x00,0x2a,0x00,0x10,0x00,0x00,0x00,0x00,0x00,0x32,0x00,0x00,0x09,
0x72,0x00,0x10,0x00,0x01,0x00,0x00,0x00,0x46,0x02,0x10,0x00,0x06,0x00,0x00,0x00,
0x06,0x00,0x10,0x00,0x05,0x00,0x00,0x00,0x46,0x02,0x10,0x00,0x01,0x00,0x00,0x00,
0x00,0x00,0x00,0x0b,0xf2,0x00,0x10,0x00,0x06,0x00,0x00,0x00,0x46,0x04,0x10,0x80,
0x41,0x00,0x00,0x00,0x02,0x00,0x00,0x00,0x02,0x40,0x00,0x00,0x00,0x00,0x80,0x3f,
0x00,0x00,0x80,0x3f,0x00,0x00,0x00,0x40,0x00,0x00,0x80,0x3f,0x38,0x00,0x00,0x07,
0x32,0x00,0x10,0x00,0x04,0x00,0x00,0x00,0xa6,0x0a,0x10,0x00,0x04,0x00,0x00,0x00,
0xd6,0x05,0x10,0x00,0x06,0x00,0x00,0x00,0x32,0x00,0x00,0x0a,0xc2,0x00,0x10,0x00,
0x0c,0x00,0x00,0x00,0x06,0x08,0x10,0x00,0x06,0x00,0x00,0x00,0xf6,0x0f,0x10,0x80,
0x41,0x00,0x00,0x00,0x04,0x00,0x00,0x00,0x06,0x04,0x10,0x00,0x04,0x00,0x00,0x00,
0x0f,0x00,0x00,0x07,0x22,0x00,0x10,0x00,0x0c,0x00,0x00,0x00,0x46,0x00,0x10,0x00,
0x06,0x00,0x00,0x00,0xe6,0x0a,0x10,0x00,0x04,0x00,0x00,0x00,0x0f,0x00,0x00,0x07,
0x12,0x00,0x10,0x00,0x0c,0x00,0x00,0x00,0xe6,0x0a,0x10,0x00,0x06,0x00,0x00,0x00,
0xe6,0x0a,0x10,0x00,0x04,0x00,0x00,0x00,0x38,0x00,0x00,0x07,0x32,0x00,0x10,0x00,
0x04,0x00,0x00,0x00,0x46,0x00,0x10,0x00,0x09,0x00,0x00,0x00,0xc6,0x00,0x10,0x00,
0x0c,0x00,0x00,0x00,0x38,0x00,0x00,0x07,0x32,0x00,0x10,0x00,0x05,0x00,0x00,0x00,
0x46,0x00,0x10,0x00,0x09,0x00,0x00,0x00,0x96,0x05,0x10,0x00,0x0c,0x00,0x00,0x00,
0x0f,0x00,0x00,0x07,0x12,0x00,0x10,0x00,0x05,0x00,0x00,0x00,0x46,0x00,0x10,0x00,
0x05,0x00,0x00,0x00,0x46,0x00,0x10,0x00,0x05,0x00,0x00,0x00,0x33,0x00,0x00,0x07,
0x12,0x00,0x10,0x00,0x05,0x00,0x00,0x00,0x3a,0x00,0x10,0x00,0x05,0x00,0x00,0x00,
0x0a,0x00,0x10,0x00,0x05,0x00,0x00,0x00,0x0f,0x00,0x00,0x07,0x12,0x00,0x10,0x00,
0x04,0x00,0x00,0x00,0x46,0x00,0x10,0x00,0x04,0x00,0x00,0x00,0x46,0x00,0x10,0x00,
0x04,0x00,0x00,0x00,0x33,0x00,0x00,0x07,0x12,0x00,0x10,0x00,0x04,0x00,0x00,0x00,
0x3a,0x00,0x10,0x00,0x05,0x00,0x00,0x00,0x0a,0x00,0x10,0x00,0x04,0x00,0x00,0x00,
0x32,0x00,0x00,0x09,0x22,0x00,0x10,0x00,0x04,0x00,0x00,0x00,0x2a,0x00,0x10,0x00,
0x09,0x00,0x00,0x00,0x0a,0x00,0x10,0x00,0x05,0x00,0x00,0x00,0x01,0x40,0x00,0x00,
0x00,0x00,0x80,0xbf,0x32,0x00,0x00,0x09,0x12,0x00,0x10,0x00,0x05,0x00,0x00,0x00,
0x0a,0x00,0x10,0x00,0x05,0x00,0x00,0x00,0x01,0x40,0x00,0x00,0xcd,0xcc,0xcc,0x3e,
0x01,0x40,0x00,0x00,0x00,0x00,0x80,0xbf,0x38,0x00,0x00,0x07,0x12,0x00,0x10,0x00,
0x05,0x00,0x00,0x00,0x0a,0x00,0x10,0x00,0x05,0x00,0x00,0x00,0x0a,0x00,0x10,0x00,
0x05,0x00,0x00,0x00,0x32,0x00,0x00,0x09,0x12,0x00,0x10,0x00,0x05,0x00,0x00,0x00,
0x0a,0x00,0x10,0x00,0x05,0x00,0x00,0x00,0x01,0x40,0x00,0x00,0x00,0x00,0xc8,0x3f,
0x01,0x40,0x00,0x00,0x00,0x00,0x10,0xbf,0x38,0x00,0x00,0x07,0x22,0x00,0x10,0x00,
0x04,0x00,0x00,0x00,0x1a,0x00,0x10,0x00,0x04,0x00,0x00,0x00,0x1a,0x00,0x10,0x00,
0x04,0x00,0x00,0x00,0x38,0x00,0x00,0x07,0x22,0x00,0x10,0x00,0x05,0x00,0x00,0x00,
0x1a,0x00,0x10,0x00,0x04,0x00,0x00,0x00,0x0a,0x00,0x10,0x00,0x05,0x00,0x00,0x00,
0x32,0x00,0x00,0x09,0x42,0x00,0x10,0x00,0x00,0x00,0x00,0x00,0x0a,0x00,0x10,0x00,
0x05,0x00,0x00,0x00,0x1a,0x00,0x10,0x00,0x04,0x00,0x00,0x00,0x2a,0x00,0x10,0x00,
0x00,0x00,0x00,0x00,0x36,0x00,0x00,0x05,0x12,0x00,0x10,0x00,0x06,0x00,0x00,0x00,
0x0a,0x00,0x10,0x00,0x07,0x00,0x00,0x00,0x36,0x00,0x00,0x05,0x22,0x00,0x10,0x00,
0x06,0x00,0x00,0x00,0x0a,0x00,0x10,0x00,0x08,0x00,0x00,0x00,0x36,0x00,0x00,0x05,
0x42,0x00,0x10,0x00,0x06,0x00,0x00,0x00,0x0a,0x00,0x10,0x00,0x0a,0x00,0x00,0x00,
0x32,0x00,0x00,0x09,0x72,0x00,0x10,0x00,0x01,0x00,0x00,0x00,0x46,0x02,0x10,0x00,
0x06,0x00,0x00,0x00,0x56,0x05,0x10,0x00,0x05,0x00,0x00,0x00,0x46,0x02,0x10,0x00,
0x01,0x00,0x00,0x00,0x32,0x00,0x00,0x09,0x22,0x00,0x10,0x00,0x04,0x00,0x00,0x00,
0x2a,0x00,0x10,0x00,0x09,0x00,0x00,0x00,0x0a,0x00,0x10,0x00,0x04,0x00,0x00,0x00,
0x01,0x40,0x00,0x00,0x00,0x00,0x80,0xbf,0x32,0x00,0x00,0x09,0x12,0x00,0x10,0x00,
0x04,0x00,0x00,0x00,0x0a,0x00,0x10,0x00,0x04,0x00,0x00,0x00,0x01,0x40,0x00,0x00,
0xcd,0xcc,0xcc,0x3e,0x01,0x40,0x00,0x00,0x00,0x00,0x80,0xbf,0x38,0x00,0x00,0x07,
0x32,0x00,0x10,0x00,0x04,0x00,0x00,0x00,0x46,0x00,0x10,0x00,0x04,0x00,0x00,0x00,
0x46,0x00,0x10,0x00,0x04,0x00,0x00,0x00,0x32,0x00,0x00,0x09,0x12,0x00,0x10,0x00,
0x04,0x00,0x00,0x00,0x0a,0x00,0x10,0x00,0x04,0x00,0x00,0x00,0x01,0x40,0x00,0x00,
0x00,0x00,0xc8,0x3f,0x01,0x40,0x00,0x00,0x00,0x00,0x10,0xbf,0x38,0x00,0x00,0x07,
0x12,0x00,0x10,0x00,0x05,0x00,0x00,0x00,0x1a,0x00,0x10,0x00,0x04,0x00,0x00,0x00,
0x0a,0x00,0x10,0x00,0x04,0x00,0x00,0x00,0x32,0x00,0x00,0x09,0x42,0x00,0x10,0x00,
0x00,0x00,0x00,0x00,0x0a,0x00,0x10,0x00,0x04,0x00,0x00,0x00,0x1a,0x00,0x10,0x00,
0x04,0x00,0x00,0x00,0x2a,0x00,0x10,0x00,0x00,0x00,0x00,0x00,0x36,0x00,0x00,0x05,
0x12,0x00,0x10,0x00,0x0c,0x00,0x00,0x00,0x1a,0x00,0x10,0x00,0x07,0x00,0x00,0x00,
0x36,0x00,0x00,0x05,0x22,0x00,0x10,0x00,0x0c,0x00,0x00,0x00,0x2a,0x00,0x10,0x00,
0x08,0x00,0x00,0x00,0x36,0x00,0x00,0x05,0x42,0x00,0x10,0x00,0x0c,0x00,0x00,0x00,
0x1a,0x00,0x10,0x00,0x0a,0x00,0x00,0x00,0x32,0x00,0x00,0x09,0x72,0x00,0x10,0x00,
0x01,0x00,0x00,0x00,0x46,0x02,0x10,0x00,0x0c,0x00,0x00,0x00,0x06,0x00,0x10,0x00,
0x05,0x00,0x00,0x00,0x46,0x02,0x10,0x00,0x01,0x00,0x00,0x00,0x00,0x00,0x00,0x0b,
0xf2,0x00,0x10,0x00,0x0c,0x00,0x00,0x00,0x46,0x04,0x10,0x80,0x41,0x00,0x00,0x00,
0x02,0x00,0x00,0x00,0x02,0x40,0x00,0x00,0x00,0x00,0x00,0x40,0x00,0x00,0x00,0x00,
0x00,0x00,0x80,0x3f,0x00,0x00,0x00,0x00,0x38,0x00,0x00,0x07,0x32,0x00,0x10,0x00,
0x04,0x00,0x00,0x00,0xa6,0x0a,0x10,0x00,0x04,0x00,0x00,0x00,0xd6,0x05,0x10,0x00,
0x0c,0x00,0x00,0x00,0x32,0x00,0x00,0x0a,0xc2,0x00,0x10,0x00,0x0f,0x00,0x00,0x00,
0x06,0x08,0x10,0x00,0x0c,0x00,0x00,0x00,0xf6,0x0f,0x10,0x80,0x41,0x00,0x00,0x00,
0x04,0x00,0x00,0x00,0x06,0x04,0x10,0x00,0x04,0x00,0x00,0x00,0x0f,0x00,0x00,0x07,
0x22,0x00,0x10,0x00,0x0f,0x00,0x00,0x00,0x46,0x00,0x10,0x00,0x0c,0x00,0x00,0x00,
0xe6,0x0a,0x10,0x00,0x04,0x00,0x00,0x00,0x0f,0x00,0x00,0x07,0x12,0x00,0x10,0x00,
0x0f,0x00,0x00,0x00,0xe6,0x0a,0x10,0x00,0x0c,0x00,0x00,0x00,0xe6,0x0a,0x10,0x00,
0x04,0x00,0x00,0x00,0x38,0x00,0x00,0x07,0x32,0x00,0x10,0x00,0x04,0x00,0x00,0x00,
0x46,0x00,0x10,0x00,0x09,0x00,0x00,0x00,0xc6,0x00,0x10,0x00,0x0f,0x00,0x00,0x00,
0x38,0x00,0x00,0x07,0x32,0x00,0x10,0x00,0x05,0x00,0x00,0x00,0x46,0x00,0x10,0x00,
0x09,0x00,0x00,0x00,0x96,0x05,0x10,0x00,0x0f,0x00,0x00,0x00,0x0f,0x00,0x00,0x07,
0x12,0x00,0x10,0x00,0x05,0x00,0x00,0x00,0x46,0x00,0x10,0x00,0x05,0x00,0x00,0x00,
0x46,0x00,0x10,0x00,0x05,0x00,0x00,0x00,0x33,0x00,0x00,0x07,0x12,0x00,0x10,0x00,
0x05,0x00,0x00,0x00,0x3a,0x00,0x10,0x00,0x05,0x00,0x00,0x00,0x0a,0x00,0x10,0x00,
0x05,0x00,0x00,0x00,0x0f,0x00,0x00,0x07,0x12,0x00,0x10,0x00,0x04,0x00,0x00,0x00,
0x46,0x00,0x10,0x00,0x04,0x00,0x00,0x00,0x46,0x00,0x10,0x00,0x04,0x00,0x00,0x00,
0x33,0x00,0x00,0x07,0x12,0x00,0x10,0x00,0x04,0x00,0x00,0x00,0x3a,0x00,0x10,0x00,
0x05,0x00,0x00,0x00,0x0a,0x00,0x10,0x00,0x04,0x00,0x00,0x00,0x32,0x00,0x00,0x09,
0x22,0x00,0x10,0x00,0x04,0x00,0x00,0x00,0x2a,0x00,0x10,0x00,0x09,0x00,0x00,0x00,
0x0a,0x00,0x10,0x00,0x05,0x00,0x00,0x00,0x01,0x40,0x00,0x00,0x00,0x00,0x80,0xbf,
0x32,0x00,0x00,0x09,0x12,0x00,0x10,0x00,0x05,0x00,0x00,0x00,0x0a,0x00,0x10,0x00,
0x05,0x00,0x00,0x00,0x01,0x40,0x00,0x00,0xcd,0xcc,0xcc,0x3e,0x01,0x40,0x00,0x00,
0x00,0x00,0x80,0xbf,0x38,0x00,0x00,0x07,0x12,0x00,0x10,0x00,0x05,0x00,0x00,0x00,
0x0a,0x00,0x10,0x00,0x05,0x00,0x00,0x00,0x0a,0x00,0x10,0x00,0x05,0x00,0x00,0x00,
0x32,0x00,0x00,0x09,0x12,0x00,0x10,0x00,0x05,0x00,0x00,0x00,0x0a,0x00,0x10,0x00,
0x05,0x00,0x00,0x00,0x01,0x40,0x00,0x00,0x00,0x00,0xc8,0x3f,0x01,0x40,0x00,0x00,
0x00,0x00,0x10,0xbf,0x38,0x00,0x00,0x07,0x22,0x00,0x10,0x00,0x04,0x00,0x00,0x00,
0x1a,0x00,0x10,0x00,0x04,0x00,0x00,0x00,0x1a,0x00,0x10,0x00,0x04,0x00,0x00,0x00,
0x38,0x00,0x00,0x07,0x22,0x00,0x10,0x00,0x05,0x00,0x00,0x00,0x1a,0x00,0x10,0x00,
0x04,0x00,0x00,0x00,0x0a,0x00,0x10,0x00,0x05,0x00,0x00,0x00,0x32,0x00,0x00,0x09,
0x42,0x00,0x10,0x00,0x00,0x00,0x00,0x00,0x0a,0x00,0x10,0x00,0x05,0x00,0x00,0x00,
0x1a,0x00,0x10,0x00,0x04,0x00,0x00,0x00,0x2a,0x00,0x10,0x00,0x00,0x00,0x00,0x00,
0x36,0x00,0x00,0x05,0x12,0x00,0x10,0x00,0x08,0x00,0x00,0x00,0x2a,0x00,0x10,0x00,
0x07,0x00,0x00,0x00,0x36,0x00,0x00,0x05,0x12,0x00,0x10,0x00,0x0a,0x00,0x00,0x00,
0x3a,0x00,0x10,0x00,0x07,0x00,0x00,0x00,0x36,0x00,0x00,0x05,0x22,0x00,0x10,0x00,
0x0a,0x00,0x00,0x00,0x3a,0x00,0x10,0x00,0x08,0x00,0x00,0x00,0x36,0x00,0x00,0x05,
0x42,0x00,0x10,0x00,0x08,0x00,0x00,0x00,0x3a,0x00,0x10,0x00,0x0a,0x00,0x00,0x00,
0x32,0x00,0x00,0x09,0x72,0x00,0x10,0x00,0x01,0x00,0x00,0x00,0x46,0x02,0x10,0x00,
0x08,0x00,0x00,0x00,0x56,0x05,0x10,0x00,0x05,0x00,0x00,0x00,0x46,0x02,0x10,0x00,
0x01,0x00,0x00,0x00,0x32,0x00,0x00,0x09,0x22,0x00,0x10,0x00,0x04,0x00,0x00,0x00,
0x2a,0x00,0x10,0x00,0x09,0x00,0x00,0x00,0x0a,0x00,0x10,0x00,0x04,0x00,0x00,0x00,
0x01,0x40,0x00,0x00,0x00,0x00,0x80,0xbf,0x32,0x00,0x00,0x09,0x12,0x00,0x10,0x00,
0x04,0x00,0x00,0x00,0x0a,0x00,0x10,0x00,0x04,0x00,0x00,0x00,0x01,0x40,0x00,0x00,
0xcd,0xcc,0xcc,0x3e,0x01,0x40,0x00,0x00,0x00,0x00,0x80,0xbf,0x38,0x00,0x00,0x07,
0x32,0x00,0x10,0x00,0x04,0x00,0x00,0x00,0x46,0x00,0x10,0x00,0x04,0x00,0x00,0x00,
0x46,0x00,0x10,0x00,0x04,0x00,0x00,0x00,0x32,0x00,0x00,0x09,0x12,0x00,0x10,0x00,
0x04,0x00,0x00,0x00,0x0a,0x00,0x10,0x00,0x04,0x00,0x00,0x00,0x01,0x40,0x00,0x00,
0x00,0x00,0xc8,0x3f,0x01,0x40,0x00,0x00,0x00,0x00,0x10,0xbf,0x38,0x00,0x00,0x07,
0x12,0x00,0x10,0x00,0x05,0x00,0x00,0x00,0x1a,0x00,0x10,0x00,0x04,0x00,0x00,0x00,
0x0a,0x00,0x10,0x00,0x04,0x00,0x00,0x00,0x32,0x00,0x00,0x09,0x42,0x00,0x10,0x00,
0x00,0x00,0x00,0x00,0x0a,0x00,0x10,0x00,0x04,0x00,0x00,0x00,0x1a,0x00,0x10,0x00,
0x04,0x00,0x00,0x00,0x2a,0x00,0x10,0x00,0x00,0x00,0x00,0x00,0x32,0x00,0x00,0x09,
0x72,0x00,0x10,0x00,0x01,0x00,0x00,0x00,0x46,0x02,0x10,0x00,0x0a,0x00,0x00,0x00,
0x06,0x00,0x10,0x00,0x05,0x00,0x00,0x00,0x46,0x02,0x10,0x00,0x01,0x00,0x00,0x00,
0x00,0x00,0x00,0x0b,0xf2,0x00,0x10,0x00,0x07,0x00,0x00,0x00,0x46,0x04,0x10,0x80,
0x41,0x00,0x00,0x00,0x02,0x00,0x00,0x00,0x02,0x40,0x00,0x00,0x00,0x00,0x80,0x3f,
0x00,0x00,0x00,0x40,0x00,0x00,0x00,0x00,0x00,0x00,0x00,0x40,0x38,0x00,0x00,0x07,
0x32,0x00,0x10,0x00,0x02,0x00,0x00,0x00,0xa6,0x0a,0x10,0x00,0x04,0x00,0x00,0x00,
0xd6,0x05,0x10,0x00,0x07,0x00,0x00,0x00,0x32,0x00,0x00,0x0a,0xc2,0x00,0x10,0x00,
0x08,0x00,0x00,0x00,0x06,0x08,0x10,0x00,0x07,0x00,0x00,0x00,0xf6,0x0f,0x10,0x80,
0x41,0x00,0x00,0x00,0x04,0x00,0x00,0x00,0x06,0x04,0x10,0x00,0x02,0x00,0x00,0x00,
0x0f,0x00,0x00,0x07,0x22,0x00,0x10,0x00,0x08,0x00,0x00,0x00,0x46,0x00,0x10,0x00,
0x07,0x00,0x00,0x00,0xe6,0x0a,0x10,0x00,0x04,0x00,0x00,0x00,0x0f,0x00,0x00,0x07,
0x12,0x00,0x10,0x00,0x08,0x00,0x00,0x00,0xe6,0x0a,0x10,0x00,0x07,0x00,0x00,0x00,
0xe6,0x0a,0x10,0x00,0x04,0x00,0x00,0x00,0x38,0x00,0x00,0x07,0x32,0x00,0x10,0x00,
0x02,0x00,0x00,0x00,0x46,0x00,0x10,0x00,0x09,0x00,0x00,0x00,0xc6,0x00,0x10,0x00,
0x08,0x00,0x00,0x00,0x38,0x00,0x00,0x07,0x32,0x00,0x10,0x00,0x04,0x00,0x00,0x00,
0x46,0x00,0x10,0x00,0x09,0x00,0x00,0x00,0x96,0x05,0x10,0x00,0x08,0x00,0x00,0x00,
0x0f,0x00,0x00,0x07,0x12,0x00,0x10,0x00,0x04,0x00,0x00,0x00,0x46,0x00,0x10,0x00,
0x04,0x00,0x00,0x00,0x46,0x00,0x10,0x00,0x04,0x00,0x00,0x00,0x33,0x00,0x00,0x07,
0x12,0x00,0x10,0x00,0x04,0x00,0x00,0x00,0x3a,0x00,0x10,0x00,0x05,0x00,0x00,0x00,
0x0a,0x00,0x10,0x00,0x04,0x00,0x00,0x00,0x0f,0x00,0x00,0x07,0x12,0x00,0x10,0x00,
0x02,0x00,0x00,0x00,0x46,0x00,0x10,0x00,0x02,0x00,0x00,0x00,0x46,0x00,0x10,0x00,
0x02,0x00,0x00,0x00,0x33,0x00,0x00,0x07,0x12,0x00,0x10,0x00,0x02,0x00,0x00,0x00,
0x3a,0x00,0x10,0x00,0x05,0x00,0x00,0x00,0x0a,0x00,0x10,0x00,0x02,0x00,0x00,0x00,
0x32,0x00,0x00,0x09,0x22,0x00,0x10,0x00,0x02,0x00,0x00,0x00,0x2a,0x00,0x10,0x00,
0x09,0x00,0x00,0x00,0x0a,0x00,0x10,0x00,0x04,0x00,0x00,0x00,0x01,0x40,0x00,0x00,
0x00,0x00,0x80,0xbf,0x32,0x00,0x00,0x09,0x12,0x00,0x10,0x00,0x04,0x00,0x00,0x00,
0x0a,0x00,0x10,0x00,0x04,0x00,0x00,0x00,0x01,0x40,0x00,0x00,0xcd,0xcc,0xcc,0x3e,
0x01,0x40,0x00,0x00,0x00,0x00,0x80,0xbf,0x38,0x00,0x00,0x07,0x12,0x00,0x10,0x00,
0x04,0x00,0x00,0x00,0x0a,0x00,0x10,0x00,0x04,0x00,0x00,0x00,0x0a,0x00,0x10,0x00,
0x04,0x00,0x00,0x00,0x32,0x00,0x00,0x09,0x12,0x00,0x10,0x00,0x04,0x00,0x00,0x00,
0x0a,0x00,0x10,0x00,0x04,0x00,0x00,0x00,0x01,0x40,0x00,0x00,0x00,0x00,0xc8,0x3f,
0x01,0x40,0x00,0x00,0x00,0x00,0x10,0xbf,0x32,0x00,0x00,0x09,0x22,0x00,0x10,0x00,
0x04,0x00,0x00,0x00,0x2a,0x00,0x10,0x00,0x09,0x00,0x00,0x00,0x0a,0x00,0x10,0x00,
0x02,0x00,0x00,0x00,0x01,0x40,0x00,0x00,0x00,0x00,0x80,0xbf,0x32,0x00,0x00,0x09,
0x12,0x00,0x10,0x00,0x02,0x00,0x00,0x00,0x0a,0x00,0x10,0x00,0x02,0x00,0x00,0x00,
0x01,0x40,0x00,0x00,0xcd,0xcc,0xcc,0x3e,0x01,0x40,0x00,0x00,0x00,0x00,0x80,0xbf,
0x38,0x00,0x00,0x07,0x32,0x00,0x10,0x00,0x02,0x00,0x00,0x00,0x46,0x00,0x10,0x00,
0x02,0x00,0x00,0x00,0x46,0x00,0x10,0x00,0x02,0x00,0x00,0x00,0x32,0x00,0x00,0x09,
0x12,0x00,0x10,0x00,0x02,0x00,0x00,0x00,0x0a,0x00,0x10,0x00,0x02,0x00,0x00,0x00,
0x01,0x40,0x00,0x00,0x00,0x00,0xc8,0x3f,0x01,0x40,0x00,0x00,0x00,0x00,0x10,0xbf,
0x38,0x00,0x00,0x07,0x22,0x00,0x10,0x00,0x04,0x00,0x00,0x00,0x1a,0x00,0x10,0x00,
0x04,0x00,0x00,0x00,0x1a,0x00,0x10,0x00,0x04,0x00,0x00,0x00,0x38,0x00,0x00,0x07,
0x42,0x00,0x10,0x00,0x04,0x00,0x00,0x00,0x1a,0x00,0x10,0x00,0x02,0x00,0x00,0x00,
0x0a,0x00,0x10,0x00,0x04,0x00,0x00,0x00,0x32,0x00,0x00,0x09,0x42,0x00,0x10,0x00,
0x00,0x00,0x00,0x00,0x0a,0x00,0x10,0x00,0x04,0x00,0x00,0x00,0x1a,0x00,0x10,0x00,
0x02,0x00,0x00,0x00,0x2a,0x00,0x10,0x00,0x00,0x00,0x00,0x00,0x32,0x00,0x00,0x09,
0x42,0x00,0x10,0x00,0x00,0x00,0x00,0x00,0x0a,0x00,0x10,0x00,0x02,0x00,0x00,0x00,
0x1a,0x00,0x10,0x00,0x04,0x00,0x00,0x00,0x2a,0x00,0x10,0x00,0x00,0x00,0x00,0x00,
0x38,0x00,0x00,0x07,0x12,0x00,0x10,0x00,0x02,0x00,0x00,0x00,0x0a,0x00,0x10,0x00,
0x02,0x00,0x00,0x00,0x1a,0x00,0x10,0x00,0x04,0x00,0x00,0x00,0x81,0x00,0x00,0x05,
0x42,0x00,0x10,0x00,0x00,0x00,0x00,0x00,0x2a,0x00,0x10,0x00,0x00,0x00,0x00,0x00,
0x36,0x00,0x00,0x05,0x12,0x00,0x10,0x00,0x13,0x00,0x00,0x00,0x0a,0x00,0x10,0x00,
0x03,0x00,0x00,0x00,0x36,0x00,0x00,0x05,0x12,0x00,0x10,0x00,0x14,0x00,0x00,0x00,
0x1a,0x00,0x10,0x00,0x03,0x00,0x00,0x00,0x36,0x00,0x00,0x05,0x22,0x00,0x10,0x00,
0x14,0x00,0x00,0x00,0x3a,0x00,0x10,0x00,0x13,0x00,0x00,0x00,0x36,0x00,0x00,0x05,
0x42,0x00,0x10,0x00,0x13,0x00,0x00,0x00,0x3a,0x00,0x10,0x00,0x14,0x00,0x00,0x00,
0x32,0x00,0x00,0x09,0x72,0x00,0x10,0x00,0x01,0x00,0x00,0x00,0x46,0x02,0x10,0x00,
0x13,0x00,0x00,0x00,0xa6,0x0a,0x10,0x00,0x04,0x00,0x00,0x00,0x46,0x02,0x10,0x00,
0x01,0x00,0x00,0x00,0x32,0x00,0x00,0x09,0x72,0x00,0x10,0x00,0x01,0x00,0x00,0x00,
0x46,0x02,0x10,0x00,0x14,0x00,0x00,0x00,0x06,0x00,0x10,0x00,0x02,0x00,0x00,0x00,
0x46,0x02,0x10,0x00,0x01,0x00,0x00,0x00,0x38,0x00,0x00,0x07,0x72,0x00,0x10,0x00,
0x01,0x00,0x00,0x00,0xa6,0x0a,0x10,0x00,0x00,0x00,0x00,0x00,0x46,0x02,0x10,0x00,
0x01,0x00,0x00,0x00,0x33,0x00,0x00,0x07,0x72,0x00,0x10,0x00,0x04,0x00,0x00,0x00,
0x46,0x02,0x10,0x00,0x0e,0x00,0x00,0x00,0x46,0x02,0x10,0x00,0x0a,0x00,0x00,0x00,
0x34,0x00,0x00,0x07,0x72,0x00,0x10,0x00,0x05,0x00,0x00,0x00,0x46,0x02,0x10,0x00,
0x0e,0x00,0x00,0x00,0x46,0x02,0x10,0x00,0x0a,0x00,0x00,0x00,0x34,0x00,0x00,0x07,
0x72,0x00,0x10,0x00,0x05,0x00,0x00,0x00,0x46,0x02,0x10,0x00,0x05,0x00,0x00,0x00,
0x46,0x02,0x10,0x00,0x0d,0x00,0x00,0x00,0x33,0x00,0x00,0x07,0x72,0x00,0x10,0x00,
0x04,0x00,0x00,0x00,0x46,0x02,0x10,0x00,0x04,0x00,0x00,0x00,0x46,0x02,0x10,0x00,
0x0d,0x00,0x00,0x00,0x33,0x00,0x00,0x07,0x72,0x00,0x10,0x00,0x04,0x00,0x00,0x00,
0x46,0x02,0x10,0x00,0x06,0x00,0x00,0x00,0x46,0x02,0x10,0x00,0x04,0x00,0x00,0x00,
0x34,0x00,0x00,0x07,0x72,0x00,0x10,0x00,0x05,0x00,0x00,0x00,0x46,0x02,0x10,0x00,
0x06,0x00,0x00,0x00,0x46,0x02,0x10,0x00,0x05,0x00,0x00,0x00,0x34,0x00,0x00,0x07,
0x72,0x00,0x10,0x00,0x01,0x00,0x00,0x00,0x46,0x02,0x10,0x00,0x01,0x00,0x00,0x00,
0x46,0x02,0x10,0x00,0x04,0x00,0x00,0x00,0x33,0x00,0x00,0x07,0x72,0x00,0x10,0x00,
0x01,0x00,0x00,0x00,0x46,0x02,0x10,0x00,0x01,0x00,0x00,0x00,0x46,0x02,0x10,0x00,
0x05,0x00,0x00,0x00,0x38,0x00,0x00,0x07,0x72,0x00,0x10,0x00,0x04,0x00,0x00,0x00,
0x46,0x02,0x10,0x00,0x01,0x00,0x00,0x00,0x46,0x02,0x10,0x00,0x01,0x00,0x00,0x00,
0x37,0x00,0x00,0x09,0x72,0x00,0x10,0x00,0x01,0x00,0x00,0x00,0xf6,0x0f,0x10,0x00,
0x01,0x00,0x00,0x00,0x46,0x02,0x10,0x00,0x04,0x00,0x00,0x00,0x46,0x02,0x10,0x00,
0x01,0x00,0x00,0x00,0x2f,0x00,0x00,0x05,0x72,0x00,0x10,0x00,0x01,0x00,0x00,0x00,
0x46,0x02,0x10,0x00,0x01,0x00,0x00,0x00,0x38,0x00,0x00,0x0a,0x72,0x00,0x10,0x00,
0x01,0x00,0x00,0x00,0x46,0x02,0x10,0x00,0x01,0x00,0x00,0x00,0x02,0x40,0x00,0x00,
0x2f,0xba,0xe8,0x3e,0x2f,0xba,0xe8,0x3e,0x2f,0xba,0xe8,0x3e,0x00,0x00,0x00,0x00,
0x19,0x00,0x00,0x05,0x72,0x00,0x10,0x00,0x04,0x00,0x00,0x00,0x46,0x02,0x10,0x00,
0x01,0x00,0x00,0x00,0x36,0x00,0x00,0x05,0x82,0x00,0x10,0x00,0x04,0x00,0x00,0x00,
0x01,0x40,0x00,0x00,0x00,0x00,0x80,0x3f,0xa4,0x00,0x00,0x07,0xf2,0xe0,0x11,0x00,
0x00,0x00,0x00,0x00,0xc6,0x0f,0x10,0x00,0x00,0x00,0x00,0x00,0x46,0x0e,0x10,0x00,
0x04,0x00,0x00,0x00,0x6d,0x00,0x00,0x8b,0xc2,0x00,0x00,0x80,0x43,0x55,0x15,0x00,
0x32,0x00,0x10,0x00,0x01,0x00,0x00,0x00,0xe6,0x0a,0x10,0x00,0x03,0x00,0x00,0x00,
0x16,0x7e,0x10,0x00,0x00,0x00,0x00,0x00,0x0a,0x60,0x10,0x00,0x00,0x00,0x00,0x00,
0x36,0x00,0x00,0x05,0x12,0x00,0x10,0x00,0x04,0x00,0x00,0x00,0x1a,0x00,0x10,0x00,
0x01,0x00,0x00,0x00,0x6d,0x00,0x00,0x8b,0xc2,0x00,0x00,0x80,0x43,0x55,0x15,0x00,
0xc2,0x00,0x10,0x00,0x00,0x00,0x00,0x00,0xe6,0x0a,0x10,0x00,0x03,0x00,0x00,0x00,
0xe6,0x74,0x10,0x00,0x00,0x00,0x00,0x00,0x1a,0x60,0x10,0x00,0x00,0x00,0x00,0x00,
0x36,0x00,0x00,0x05,0x22,0x00,0x10,0x00,0x04,0x00,0x00,0x00,0x2a,0x00,0x10,0x00,
0x00,0x00,0x00,0x00,0x6d,0x00,0x00,0x8b,0xc2,0x00,0x00,0x80,0x43,0x55,0x15,0x00,
0x32,0x00,0x10,0x00,0x02,0x00,0x00,0x00,0xe6,0x0a,0x10,0x00,0x03,0x00,0x00,0x00,
0x46,0x7e,0x10,0x00,0x00,0x00,0x00,0x00,0x2a,0x60,0x10,0x00,0x00,0x00,0x00,0x00,
0x00,0x00,0x00,0x08,0xf2,0x00,0x10,0x00,0x03,0x00,0x00,0x00,0xe6,0x0e,0x10,0x00,
0x03,0x00,0x00,0x00,0x46,0x8e,0x20,0x00,0x00,0x00,0x00,0x00,0x02,0x00,0x00,0x00,
0x36,0x00,0x00,0x05,0x42,0x00,0x10,0x00,0x04,0x00,0x00,0x00,0x0a,0x00,0x10,0x00,
0x02,0x00,0x00,0x00,0x32,0x00,0x00,0x0c,0x32,0x00,0x10,0x00,0x05,0x00,0x00,0x00,
0x16,0x05,0x10,0x00,0x01,0x00,0x00,0x00,0x02,0x40,0x00,0x00,0x00,0x00,0x00,0x3f,
0x00,0x00,0x00,0x3f,0x00,0x00,0x00,0x00,0x00,0x00,0x00,0x00,0xe6,0x0a,0x10,0x00,
0x00,0x00,0x00,0x00,0x36,0x00,0x00,0x05,0x22,0x00,0x10,0x00,0x01,0x00,0x00,0x00,
0x3a,0x00,0x10,0x00,0x00,0x00,0x00,0x00,0x32,0x00,0x00,0x0c,0xc2,0x00,0x10,0x00,
0x00,0x00,0x00,0x00,0x06,0x04,0x10,0x00,0x02,0x00,0x00,0x00,0x02,0x40,0x00,0x00,
0x00,0x00,0x00,0x00,0x00,0x00,0x00,0x00,0x00,0x00,0x00,0x3f,0x00,0x00,0x00,0x3f,
0x06,0x04,0x10,0x00,0x05,0x00,0x00,0x00,0x36,0x00,0x00,0x05,0x42,0x00,0x10,0x00,
0x01,0x00,0x00,0x00,0x1a,0x00,0x10,0x00,0x02,0x00,0x00,0x00,0x6d,0x00,0x00,0x8b,
0xc2,0x00,0x00,0x80,0x43,0x55,0x15,0x00,0xf2,0x00,0x10,0x00,0x05,0x00,0x00,0x00,
0xe6,0x0a,0x10,0x00,0x03,0x00,0x00,0x00,0x46,0x7e,0x10,0x00,0x00,0x00,0x00,0x00,
0x0a,0x60,0x10,0x00,0x00,0x00,0x00,0x00,0x6d,0x00,0x00,0x8b,0xc2,0x00,0x00,0x80,
0x43,0x55,0x15,0x00,0xf2,0x00,0x10,0x00,0x06,0x00,0x00,0x00,0xe6,0x0a,0x10,0x00,
0x03,0x00,0x00,0x00,0x86,0x7d,0x10,0x00,0x00,0x00,0x00,0x00,0x1a,0x60,0x10,0x00,
0x00,0x00,0x00,0x00,0x32,0x00,0x00,0x0c,0xf2,0x00,0x10,0x00,0x07,0x00,0x00,0x00,
0x46,0x0e,0x10,0x00,0x05,0x00,0x00,0x00,0x02,0x40,0x00,0x00,0x00,0x00,0x00,0x3f,
0x00,0x00,0x00,0x3f,0x00,0x00,0x00,0x3f,0x00,0x00,0x00,0x3f,0x86,0x0d,0x10,0x00,
0x06,0x00,0x00,0x00,0x6d,0x00,0x00,0x8b,0xc2,0x00,0x00,0x80,0x43,0x55,0x15,0x00,
0xf2,0x00,0x10,0x00,0x08,0x00,0x00,0x00,0xe6,0x0a,0x10,0x00,0x03,0x00,0x00,0x00,
0x46,0x7b,0x10,0x00,0x00,0x00,0x00,0x00,0x2a,0x60,0x10,0x00,0x00,0x00,0x00,0x00,
0x32,0x00,0x00,0x0c,0xf2,0x00,0x10,0x00,0x07,0x00,0x00,0x00,0x46,0x0b,0x10,0x00,
0x08,0x00,0x00,0x00,0x02,0x40,0x00,0x00,0x00,0x00,0x00,0x3f,0x00,0x00,0x00,0x3f,
0x00,0x00,0x00,0x3f,0x00,0x00,0x00,0x3f,0x46,0x0e,0x10,0x00,0x07,0x00,0x00,0x00,
0x00,0x00,0x00,0x08,0x32,0x00,0x10,0x00,0x02,0x00,0x00,0x00,0xf6,0x0f,0x10,0x80,
0x41,0x00,0x00,0x00,0x00,0x00,0x00,0x00,0x36,0x0f,0x10,0x00,0x07,0x00,0x00,0x00,
0x00,0x00,0x00,0x08,0x72,0x00,0x10,0x00,0x09,0x00,0x00,0x00,0xf6,0x0c,0x10,0x80,
0x41,0x00,0x00,0x00,0x07,0x00,0x00,0x00,0x26,0x09,0x10,0x00,0x07,0x00,0x00,0x00,
0x34,0x00,0x00,0x09,0x82,0x00,0x10,0x00,0x00,0x00,0x00,0x00,0x0a,0x00,0x10,0x80,
0x81,0x00,0x00,0x00,0x02,0x00,0x00,0x00,0x1a,0x00,0x10,0x80,0x81,0x00,0x00,0x00,
0x09,0x00,0x00,0x00,0x1e,0x00,0x00,0x08,0x82,0x00,0x10,0x00,0x00,0x00,0x00,0x00,
0x3a,0x00,0x10,0x80,0x41,0x00,0x00,0x00,0x00,0x00,0x00,0x00,0x01,0x40,0x00,0x00,
0xbb,0x7e,0xf0,0x7e,0x38,0x20,0x00,0x08,0x82,0x00,0x10,0x00,0x00,0x00,0x00,0x00,
0x3a,0x00,0x10,0x00,0x00,0x00,0x00,0x00,0x1a,0x00,0x10,0x80,0x81,0x00,0x00,0x00,
0x02,0x00,0x00,0x00,0x6d,0x00,0x00,0x8b,0xc2,0x00,0x00,0x80,0x43,0x55,0x15,0x00,
0xf2,0x00,0x10,0x00,0x0a,0x00,0x00,0x00,0x46,0x00,0x10,0x00,0x03,0x00,0x00,0x00,
0x46,0x7b,0x10,0x00,0x00,0x00,0x00,0x00,0x2a,0x60,0x10,0x00,0x00,0x00,0x00,0x00,
0x6d,0x00,0x00,0x8b,0xc2,0x00,0x00,0x80,0x43,0x55,0x15,0x00,0xf2,0x00,0x10,0x00,
0x0c,0x00,0x00,0x00,0x46,0x00,0x10,0x00,0x03,0x00,0x00,0x00,0x46,0x7e,0x10,0x00,
0x00,0x00,0x00,0x00,0x0a,0x60,0x10,0x00,0x00,0x00,0x00,0x00,0x6d,0x00,0x00,0x8b,
0xc2,0x00,0x00,0x80,0x43,0x55,0x15,0x00,0xf2,0x00,0x10,0x00,0x03,0x00,0x00,0x00,
0x46,0x00,0x10,0x00,0x03,0x00,0x00,0x00,0x86,0x7d,0x10,0x00,0x00,0x00,0x00,0x00,
0x1a,0x60,0x10,0x00,0x00,0x00,0x00,0x00,0x32,0x00,0x00,0x0c,0xf2,0x00,0x10,0x00,
0x0d,0x00,0x00,0x00,0xe6,0x01,0x10,0x00,0x0c,0x00,0x00,0x00,0x02,0x40,0x00,0x00,
0x00,0x00,0x00,0x3f,0x00,0x00,0x00,0x3f,0x00,0x00,0x00,0x3f,0x00,0x00,0x00,0x3f,
0xd6,0x02,0x10,0x00,0x03,0x00,0x00,0x00,0x32,0x00,0x00,0x0c,0xf2,0x00,0x10,0x00,
0x0d,0x00,0x00,0x00,0xb6,0x01,0x10,0x00,0x0a,0x00,0x00,0x00,0x02,0x40,0x00,0x00,
0x00,0x00,0x00,0x3f,0x00,0x00,0x00,0x3f,0x00,0x00,0x00,0x3f,0x00,0x00,0x00,0x3f,
0x46,0x0e,0x10,0x00,0x0d,0x00,0x00,0x00,0x00,0x00,0x00,0x08,0x32,0x00,0x10,0x00,
0x0b,0x00,0x00,0x00,0xa6,0x0a,0x10,0x80,0x41,0x00,0x00,0x00,0x00,0x00,0x00,0x00,
0x86,0x00,0x10,0x00,0x0d,0x00,0x00,0x00,0x00,0x00,0x00,0x08,0x72,0x00,0x10,0x00,
0x0e,0x00,0x00,0x00,0x16,0x07,0x10,0x80,0x41,0x00,0x00,0x00,0x0d,0x00,0x00,0x00,
0x86,0x02,0x10,0x00,0x0d,0x00,0x00,0x00,0x34,0x00,0x00,0x09,0x42,0x00,0x10,0x00,
0x00,0x00,0x00,0x00,0x0a,0x00,0x10,0x80,0x81,0x00,0x00,0x00,0x0b,0x00,0x00,0x00,
0x1a,0x00,0x10,0x80,0x81,0x00,0x00,0x00,0x0e,0x00,0x00,0x00,0x1e,0x00,0x00,0x08,
0x42,0x00,0x10,0x00,0x00,0x00,0x00,0x00,0x2a,0x00,0x10,0x80,0x41,0x00,0x00,0x00,
0x00,0x00,0x00,0x00,0x01,0x40,0x00,0x00,0xbb,0x7e,0xf0,0x7e,0x38,0x20,0x00,0x08,
0x42,0x00,0x10,0x00,0x00,0x00,0x00,0x00,0x2a,0x00,0x10,0x00,0x00,0x00,0x00,0x00,
0x1a,0x00,0x10,0x80,0x81,0x00,0x00,0x00,0x0b,0x00,0x00,0x00,0x38,0x00,0x00,0x07,
0xc2,0x00,0x10,0x00,0x00,0x00,0x00,0x00,0xa6,0x0e,0x10,0x00,0x00,0x00,0x00,0x00,
0xa6,0x0e,0x10,0x00,0x00,0x00,0x00,0x00,0x00,0x00,0x00,0x0b,0xf2,0x00,0x10,0x00,
0x0f,0x00,0x00,0x00,0xe6,0x0e,0x10,0x80,0x41,0x00,0x00,0x00,0x02,0x00,0x00,0x00,
0x02,0x40,0x00,0x00,0x00,0x00,0x80,0x3f,0x00,0x00,0x80,0x3f,0x00,0x00,0x00,0x00,
0x00,0x00,0x80,0xbf,0x38,0x00,0x00,0x07,0x12,0x00,0x10,0x00,0x02,0x00,0x00,0x00,
0x1a,0x00,0x10,0x00,0x0f,0x00,0x00,0x00,0x0a,0x00,0x10,0x00,0x0f,0x00,0x00,0x00,
0x38,0x00,0x00,0x07,0x42,0x00,0x10,0x00,0x00,0x00,0x00,0x00,0x2a,0x00,0x10,0x00,
0x00,0x00,0x00,0x00,0x0a,0x00,0x10,0x00,0x02,0x00,0x00,0x00,0x00,0x00,0x00,0x08,
0xf2,0x00,0x10,0x00,0x10,0x00,0x00,0x00,0xf6,0x02,0x10,0x00,0x07,0x00,0x00,0x00,
0x46,0x08,0x10,0x80,0x41,0x00,0x00,0x00,0x0d,0x00,0x00,0x00,0x34,0x00,0x00,0x09,
0x92,0x00,0x10,0x00,0x0b,0x00,0x00,0x00,0x06,0x08,0x10,0x80,0x81,0x00,0x00,0x00,
0x0e,0x00,0x00,0x00,0x06,0x0c,0x10,0x80,0x81,0x00,0x00,0x00,0x10,0x00,0x00,0x00,
0x1e,0x00,0x00,0x0b,0x92,0x00,0x10,0x00,0x0b,0x00,0x00,0x00,0x06,0x0c,0x10,0x80,
0x41,0x00,0x00,0x00,0x0b,0x00,0x00,0x00,0x02,0x40,0x00,0x00,0xbb,0x7e,0xf0,0x7e,
0x00,0x00,0x00,0x00,0x00,0x00,0x00,0x00,0xbb,0x7e,0xf0,0x7e,0x38,0x20,0x00,0x08,
0x82,0x00,0x10,0x00,0x04,0x00,0x00,0x00,0x0a,0x00,0x10,0x00,0x0b,0x00,0x00,0x00,
0x1a,0x00,0x10,0x80,0x81,0x00,0x00,0x00,0x10,0x00,0x00,0x00,0x38,0x00,0x00,0x07,
0x82,0x00,0x10,0x00,0x04,0x00,0x00,0x00,0x3a,0x00,0x10,0x00,0x04,0x00,0x00,0x00,
0x3a,0x00,0x10,0x00,0x04,0x00,0x00,0x00,0x32,0x00,0x00,0x09,0x42,0x00,0x10,0x00,
0x00,0x00,0x00,0x00,0x3a,0x00,0x10,0x00,0x04,0x00,0x00,0x00,0x0a,0x00,0x10,0x00,
0x02,0x00,0x00,0x00,0x2a,0x00,0x10,0x00,0x00,0x00,0x00,0x00,0x34,0x00,0x00,0x09,
0x52,0x00,0x10,0x00,0x09,0x00,0x00,0x00,0x06,0x02,0x10,0x80,0x81,0x00,0x00,0x00,
0x09,0x00,0x00,0x00,0x06,0x03,0x10,0x80,0x81,0x00,0x00,0x00,0x10,0x00,0x00,0x00,
0x1e,0x00,0x00,0x0b,0x52,0x00,0x10,0x00,0x09,0x00,0x00,0x00,0x06,0x02,0x10,0x80,
0x41,0x00,0x00,0x00,0x09,0x00,0x00,0x00,0x02,0x40,0x00,0x00,0xbb,0x7e,0xf0,0x7e,
0x00,0x00,0x00,0x00,0xbb,0x7e,0xf0,0x7e,0x00,0x00,0x00,0x00,0x38,0x20,0x00,0x08,
0x82,0x00,0x10,0x00,0x04,0x00,0x00,0x00,0x0a,0x00,0x10,0x00,0x09,0x00,0x00,0x00,
0x2a,0x00,0x10,0x80,0x81,0x00,0x00,0x00,0x10,0x00,0x00,0x00,0x38,0x00,0x00,0x07,
0x82,0x00,0x10,0x00,0x04,0x00,0x00,0x00,0x3a,0x00,0x10,0x00,0x04,0x00,0x00,0x00,
0x3a,0x00,0x10,0x00,0x04,0x00,0x00,0x00,0x38,0x00,0x00,0x07,0x92,0x00,0x10,0x00,
0x09,0x00,0x00,0x00,0xa6,0x0e,0x10,0x00,0x02,0x00,0x00,0x00,0x56,0x01,0x10,0x00,
0x0f,0x00,0x00,0x00,0x32,0x00,0x00,0x09,0x42,0x00,0x10,0x00,0x00,0x00,0x00,0x00,
0x3a,0x00,0x10,0x00,0x04,0x00,0x00,0x00,0x0a,0x00,0x10,0x00,0x09,0x00,0x00,0x00,
0x2a,0x00,0x10,0x00,0x00,0x00,0x00,0x00,0x32,0x00,0x00,0x09,0x42,0x00,0x10,0x00,
0x00,0x00,0x00,0x00,0x3a,0x00,0x10,0x00,0x00,0x00,0x00,0x00,0x0a,0x00,0x10,0x00,
0x09,0x00,0x00,0x00,0x2a,0x00,0x10,0x00,0x00,0x00,0x00,0x00,0x00,0x00,0x00,0x08,
0x62,0x00,0x10,0x00,0x07,0x00,0x00,0x00,0x06,0x01,0x10,0x00,0x07,0x00,0x00,0x00,
0xf6,0x0e,0x10,0x80,0x41,0x00,0x00,0x00,0x0d,0x00,0x00,0x00,0x38,0x20,0x00,0x08,
0x82,0x00,0x10,0x00,0x00,0x00,0x00,0x00,0x3a,0x00,0x10,0x00,0x0b,0x00,0x00,0x00,
0x1a,0x00,0x10,0x80,0x81,0x00,0x00,0x00,0x07,0x00,0x00,0x00,0x38,0x00,0x00,0x07,
0x82,0x00,0x10,0x00,0x00,0x00,0x00,0x00,0x3a,0x00,0x10,0x00,0x00,0x00,0x00,0x00,
0x3a,0x00,0x10,0x00,0x00,0x00,0x00,0x00,0x32,0x00,0x00,0x09,0x42,0x00,0x10,0x00,
0x00,0x00,0x00,0x00,0x3a,0x00,0x10,0x00,0x00,0x00,0x00,0x00,0x3a,0x00,0x10,0x00,
0x09,0x00,0x00,0x00,0x2a,0x00,0x10,0x00,0x00,0x00,0x00,0x00,0x6d,0x00,0x00,0x8b,
0xc2,0x00,0x00,0x80,0x43,0x55,0x15,0x00,0x92,0x00,0x10,0x00,0x0b,0x00,0x00,0x00,
0xe6,0x0a,0x10,0x00,0x12,0x00,0x00,0x00,0x26,0x7d,0x10,0x00,0x00,0x00,0x00,0x00,
0x0a,0x60,0x10,0x00,0x00,0x00,0x00,0x00,0x6d,0x00,0x00,0x8b,0xc2,0x00,0x00,0x80,
0x43,0x55,0x15,0x00,0xa2,0x00,0x10,0x00,0x11,0x00,0x00,0x00,0xe6,0x0a,0x10,0x00,
0x12,0x00,0x00,0x00,0x86,0x7d,0x10,0x00,0x00,0x00,0x00,0x00,0x1a,0x60,0x10,0x00,
0x00,0x00,0x00,0x00,0x6d,0x00,0x00,0x8b,0xc2,0x00,0x00,0x80,0x43,0x55,0x15,0x00,
0xc2,0x00,0x10,0x00,0x12,0x00,0x00,0x00,0xe6,0x0a,0x10,0x00,0x12,0x00,0x00,0x00,
0x46,0x7b,0x10,0x00,0x00,0x00,0x00,0x00,0x2a,0x60,0x10,0x00,0x00,0x00,0x00,0x00,
0x32,0x00,0x00,0x0c,0xa2,0x00,0x10,0x00,0x0d,0x00,0x00,0x00,0x06,0x0c,0x10,0x00,
0x0b,0x00,0x00,0x00,0x02,0x40,0x00,0x00,0x00,0x00,0x00,0x00,0x00,0x00,0x00,0x3f,
0x00,0x00,0x00,0x00,0x00,0x00,0x00,0x3f,0x56,0x0d,0x10,0x00,0x11,0x00,0x00,0x00,
0x32,0x00,0x00,0x0c,0xa2,0x00,0x10,0x00,0x0d,0x00,0x00,0x00,0xf6,0x0b,0x10,0x00,
0x12,0x00,0x00,0x00,0x02,0x40,0x00,0x00,0x00,0x00,0x00,0x00,0x00,0x00,0x00,0x3f,
0x00,0x00,0x00,0x00,0x00,0x00,0x00,0x3f,0x56,0x0d,0x10,0x00,0x0d,0x00,0x00,0x00,
0x00,0x00,0x00,0x08,0x52,0x00,0x10,0x00,0x0d,0x00,0x00,0x00,0xa6,0x08,0x10,0x80,
0x41,0x00,0x00,0x00,0x0d,0x00,0x00,0x00,0xf6,0x0f,0x10,0x00,0x0d,0x00,0x00,0x00,
0x00,0x00,0x00,0x08,0x92,0x00,0x10,0x00,0x07,0x00,0x00,0x00,0x06,0x0c,0x10,0x80,
0x41,0x00,0x00,0x00,0x07,0x00,0x00,0x00,0x56,0x05,0x10,0x00,0x0d,0x00,0x00,0x00,
0x34,0x00,0x00,0x09,0x82,0x00,0x10,0x00,0x00,0x00,0x00,0x00,0x1a,0x00,0x10,0x80,
0x81,0x00,0x00,0x00,0x0e,0x00,0x00,0x00,0x0a,0x00,0x10,0x80,0x81,0x00,0x00,0x00,
0x0d,0x00,0x00,0x00,0x1e,0x00,0x00,0x08,0x82,0x00,0x10,0x00,0x00,0x00,0x00,0x00,
0x3a,0x00,0x10,0x80,0x41,0x00,0x00,0x00,0x00,0x00,0x00,0x00,0x01,0x40,0x00,0x00,
0xbb,0x7e,0xf0,0x7e,0x38,0x20,0x00,0x08,0x82,0x00,0x10,0x00,0x00,0x00,0x00,0x00,
0x3a,0x00,0x10,0x00,0x00,0x00,0x00,0x00,0x2a,0x00,0x10,0x80,0x81,0x00,0x00,0x00,
0x0d,0x00,0x00,0x00,0x38,0x00,0x00,0x07,0x82,0x00,0x10,0x00,0x00,0x00,0x00,0x00,
0x3a,0x00,0x10,0x00,0x00,0x00,0x00,0x00,0x3a,0x00,0x10,0x00,0x00,0x00,0x00,0x00,
0x32,0x00,0x00,0x09,0x42,0x00,0x10,0x00,0x00,0x00,0x00,0x00,0x3a,0x00,0x10,0x00,
0x00,0x00,0x00,0x00,0x3a,0x00,0x10,0x00,0x09,0x00,0x00,0x00,0x2a,0x00,0x10,0x00,
0x00,0x00,0x00,0x00,0x38,0x20,0x00,0x08,0x82,0x00,0x10,0x00,0x00,0x00,0x00,0x00,
0x2a,0x00,0x10,0x00,0x09,0x00,0x00,0x00,0x2a,0x00,0x10,0x80,0x81,0x00,0x00,0x00,
0x07,0x00,0x00,0x00,0x38,0x00,0x00,0x07,0x82,0x00,0x10,0x00,0x00,0x00,0x00,0x00,
0x3a,0x00,0x10,0x00,0x00,0x00,0x00,0x00,0x3a,0x00,0x10,0x00,0x00,0x00,0x00,0x00,
0x32,0x00,0x00,0x09,0x42,0x00,0x10,0x00,0x00,0x00,0x00,0x00,0x3a,0x00,0x10,0x00,
0x00,0x00,0x00,0x00,0x2a,0x00,0x10,0x00,0x0b,0x00,0x00,0x00,0x2a,0x00,0x10,0x00,
0x00,0x00,0x00,0x00,0x34,0x00,0x00,0x09,0x82,0x00,0x10,0x00,0x00,0x00,0x00,0x00,
0x1a,0x00,0x10,0x80,0x81,0x00,0x00,0x00,0x09,0x00,0x00,0x00,0x0a,0x00,0x10,0x80,
0x81,0x00,0x00,0x00,0x07,0x00,0x00,0x00,0x1e,0x00,0x00,0x08,0x82,0x00,0x10,0x00,
0x00,0x00,0x00,0x00,0x3a,0x00,0x10,0x80,0x41,0x00,0x00,0x00,0x00,0x00,0x00,0x00,
0x01,0x40,0x00,0x00,0xbb,0x7e,0xf0,0x7e,0x38,0x20,0x00,0x08,0x82,0x00,0x10,0x00,
0x00,0x00,0x00,0x00,0x3a,0x00,0x10,0x00,0x00,0x00,0x00,0x00,0x3a,0x00,0x10,0x80,
0x81,0x00,0x00,0x00,0x07,0x00,0x00,0x00,0x38,0x00,0x00,0x07,0x82,0x00,0x10,0x00,
0x00,0x00,0x00,0x00,0x3a,0x00,0x10,0x00,0x00,0x00,0x00,0x00,0x3a,0x00,0x10,0x00,
0x00,0x00,0x00,0x00,0x32,0x00,0x00,0x09,0x42,0x00,0x10,0x00,0x00,0x00,0x00,0x00,
0x3a,0x00,0x10,0x00,0x00,0x00,0x00,0x00,0x2a,0x00,0x10,0x00,0x0b,0x00,0x00,0x00,
0x2a,0x00,0x10,0x00,0x00,0x00,0x00,0x00,0x38,0x00,0x00,0x07,0x42,0x00,0x10,0x00,
0x00,0x00,0x00,0x00,0x2a,0x00,0x10,0x00,0x00,0x00,0x00,0x00,0x01,0x40,0x00,0x00,
0x00,0x00,0x00,0x3f,0x38,0x00,0x00,0x07,0x42,0x00,0x10,0x00,0x00,0x00,0x00,0x00,
0x2a,0x00,0x10,0x00,0x00,0x00,0x00,0x00,0x2a,0x00,0x10,0x00,0x00,0x00,0x00,0x00,
0x32,0x00,0x00,0x0f,0x62,0x00,0x10,0x00,0x0e,0x00,0x00,0x00,0xa6,0x0a,0x10,0x00,
0x00,0x00,0x00,0x00,0x02,0x40,0x00,0x00,0x00,0x00,0x00,0x00,0x00,0x00,0x00,0xbf,
0xe1,0x7a,0x94,0xbe,0x00,0x00,0x00,0x00,0x02,0x40,0x00,0x00,0x00,0x00,0x00,0x00,
0x00,0x00,0x80,0x3f,0x00,0x00,0x00,0x3f,0x00,0x00,0x00,0x00,0x38,0x00,0x00,0x07,
0x82,0x00,0x10,0x00,0x00,0x00,0x00,0x00,0x1a,0x00,0x10,0x00,0x02,0x00,0x00,0x00,
0x0a,0x00,0x10,0x00,0x09,0x00,0x00,0x00,0x32,0x00,0x00,0x09,0x82,0x00,0x10,0x00,
0x00,0x00,0x00,0x00,0x1a,0x00,0x10,0x00,0x0b,0x00,0x00,0x00,0x0a,0x00,0x10,0x00,
0x02,0x00,0x00,0x00,0x3a,0x00,0x10,0x00,0x00,0x00,0x00,0x00,0x32,0x00,0x00,0x09,
0x82,0x00,0x10,0x00,0x00,0x00,0x00,0x00,0x2a,0x00,0x10,0x00,0x0d,0x00,0x00,0x00,
0x3a,0x00,0x10,0x00,0x09,0x00,0x00,0x00,0x3a,0x00,0x10,0x00,0x00,0x00,0x00,0x00,
0x32,0x00,0x00,0x09,0x42,0x00,0x10,0x00,0x0d,0x00,0x00,0x00,0x3a,0x00,0x10,0x00,
0x07,0x00,0x00,0x00,0x2a,0x00,0x10,0x00,0x0b,0x00,0x00,0x00,0x3a,0x00,0x10,0x00,
0x00,0x00,0x00,0x00,0x38,0x00,0x00,0x07,0x82,0x00,0x10,0x00,0x00,0x00,0x00,0x00,
0x0a,0x00,0x10,0x00,0x09,0x00,0x00,0x00,0x2a,0x00,0x10,0x00,0x10,0x00,0x00,0x00,
0x32,0x00,0x00,0x09,0x82,0x00,0x10,0x00,0x00,0x00,0x00,0x00,0x1a,0x00,0x10,0x00,
0x10,0x00,0x00,0x00,0x0a,0x00,0x10,0x00,0x02,0x00,0x00,0x00,0x3a,0x00,0x10,0x00,
0x00,0x00,0x00,0x00,0x32,0x00,0x00,0x09,0x82,0x00,0x10,0x00,0x00,0x00,0x00,0x00,
0x1a,0x00,0x10,0x00,0x07,0x00,0x00,0x00,0x3a,0x00,0x10,0x00,0x09,0x00,0x00,0x00,
0x3a,0x00,0x10,0x00,0x00,0x00,0x00,0x00,0x32,0x00,0x00,0x09,0x22,0x00,0x10,0x00,
0x0d,0x00,0x00,0x00,0x2a,0x00,0x10,0x00,0x07,0x00,0x00,0x00,0x2a,0x00,0x10,0x00,
0x0b,0x00,0x00,0x00,0x3a,0x00,0x10,0x00,0x00,0x00,0x00,0x00,0x38,0x00,0x00,0x07,
0x32,0x00,0x10,0x00,0x02,0x00,0x00,0x00,0x96,0x05,0x10,0x00,0x0d,0x00,0x00,0x00,
0x96,0x05,0x10,0x00,0x0d,0x00,0x00,0x00,0x00,0x00,0x00,0x07,0x82,0x00,0x10,0x00,
0x00,0x00,0x00,0x00,0x1a,0x00,0x10,0x00,0x02,0x00,0x00,0x00,0x0a,0x00,0x10,0x00,
0x02,0x00,0x00,0x00,0x55,0x00,0x00,0x07,0x12,0x00,0x10,0x00,0x02,0x00,0x00,0x00,
0x3a,0x00,0x10,0x00,0x00,0x00,0x00,0x00,0x01,0x40,0x00,0x00,0x01,0x00,0x00,0x00,
0x31,0x00,0x00,0x07,0x82,0x00,0x10,0x00,0x00,0x00,0x00,0x00,0x3a,0x00,0x10,0x00,
0x00,0x00,0x00,0x00,0x01,0x40,0x00,0x00,0x00,0x00,0x00,0x38,0x1e,0x00,0x00,0x08,
0x12,0x00,0x10,0x00,0x02,0x00,0x00,0x00,0x0a,0x00,0x10,0x80,0x41,0x00,0x00,0x00,
0x02,0x00,0x00,0x00,0x01,0x40,0x00,0x00,0x74,0x7d,0x34,0x5f,0x37,0x00,0x00,0x09,
0x12,0x00,0x10,0x00,0x02,0x00,0x00,0x00,0x3a,0x00,0x10,0x00,0x00,0x00,0x00,0x00,
0x01,0x40,0x00,0x00,0x00,0x00,0x80,0x3f,0x0a,0x00,0x10,0x00,0x02,0x00,0x00,0x00,
0x37,0x00,0x00,0x09,0x12,0x00,0x10,0x00,0x0d,0x00,0x00,0x00,0x3a,0x00,0x10,0x00,
0x00,0x00,0x00,0x00,0x01,0x40,0x00,0x00,0x00,0x00,0x80,0x3f,0x1a,0x00,0x10,0x00,
0x0d,0x00,0x00,0x00,0x38,0x00,0x00,0x07,0x32,0x00,0x10,0x00,0x02,0x00,0x00,0x00,
0x06,0x00,0x10,0x00,0x02,0x00,0x00,0x00,0x86,0x00,0x10,0x00,0x0d,0x00,0x00,0x00,
0x34,0x00,0x00,0x09,0x82,0x00,0x10,0x00,0x00,0x00,0x00,0x00,0x1a,0x00,0x10,0x80,
0x81,0x00,0x00,0x00,0x02,0x00,0x00,0x00,0x0a,0x00,0x10,0x80,0x81,0x00,0x00,0x00,
0x02,0x00,0x00,0x00,0x1e,0x00,0x00,0x08,0x82,0x00,0x10,0x00,0x00,0x00,0x00,0x00,
0x3a,0x00,0x10,0x80,0x41,0x00,0x00,0x00,0x00,0x00,0x00,0x00,0x01,0x40,0x00,0x00,
0xbb,0x7e,0xf0,0x7e,0x0f,0x00,0x00,0x07,0x82,0x00,0x10,0x00,0x04,0x00,0x00,0x00,
0x46,0x00,0x10,0x00,0x02,0x00,0x00,0x00,0x46,0x00,0x10,0x00,0x02,0x00,0x00,0x00,
0x32,0x00,0x00,0x09,0x82,0x00,0x10,0x00,0x00,0x00,0x00,0x00,0x3a,0x00,0x10,0x00,
0x04,0x00,0x00,0x00,0x3a,0x00,0x10,0x00,0x00,0x00,0x00,0x00,0x01,0x40,0x00,0x00,
0x00,0x00,0x80,0xbf,0x32,0x00,0x00,0x09,0x12,0x00,0x10,0x00,0x0e,0x00,0x00,0x00,
0x3a,0x00,0x10,0x00,0x00,0x00,0x00,0x00,0x2a,0x00,0x10,0x00,0x00,0x00,0x00,0x00,
0x01,0x40,0x00,0x00,0x00,0x00,0x80,0x3f,0x00,0x00,0x00,0x0b,0xf2,0x00,0x10,0x00,
0x07,0x00,0x00,0x00,0xe6,0x0e,0x10,0x80,0x41,0x00,0x00,0x00,0x02,0x00,0x00,0x00,
0x02,0x40,0x00,0x00,0x00,0x00,0x80,0x3f,0x00,0x00,0x80,0xbf,0x00,0x00,0x80,0xbf,
0x00,0x00,0x80,0x3f,0x38,0x00,0x00,0x07,0xc2,0x00,0x10,0x00,0x00,0x00,0x00,0x00,
0x06,0x00,0x10,0x00,0x02,0x00,0x00,0x00,0x56,0x0d,0x10,0x00,0x07,0x00,0x00,0x00,
0x32,0x00,0x00,0x0a,0xc2,0x00,0x10,0x00,0x09,0x00,0x00,0x00,0x06,0x08,0x10,0x00,
0x07,0x00,0x00,0x00,0x56,0x05,0x10,0x80,0x41,0x00,0x00,0x00,0x02,0x00,0x00,0x00,
0xa6,0x0e,0x10,0x00,0x00,0x00,0x00,0x00,0x0f,0x00,0x00,0x07,0x22,0x00,0x10,0x00,
0x09,0x00,0x00,0x00,0x46,0x00,0x10,0x00,0x07,0x00,0x00,0x00,0x46,0x00,0x10,0x00,
0x02,0x00,0x00,0x00,0x0f,0x00,0x00,0x07,0x12,0x00,0x10,0x00,0x09,0x00,0x00,0x00,
0xe6,0x0a,0x10,0x00,0x07,0x00,0x00,0x00,0x46,0x00,0x10,0x00,0x02,0x00,0x00,0x00,
0x38,0x00,0x00,0x07,0xc2,0x00,0x10,0x00,0x00,0x00,0x00,0x00,0x06,0x04,0x10,0x00,
0x0e,0x00,0x00,0x00,0x06,0x0c,0x10,0x00,0x09,0x00,0x00,0x00,0x38,0x00,0x00,0x07,
0x32,0x00,0x10,0x00,0x07,0x00,0x00,0x00,0x46,0x00,0x10,0x00,0x0e,0x00,0x00,0x00,
0x96,0x05,0x10,0x00,0x09,0x00,0x00,0x00,0x0f,0x00,0x00,0x07,0x82,0x00,0x10,0x00,
0x04,0x00,0x00,0x00,0x46,0x00,0x10,0x00,0x07,0x00,0x00,0x00,0x46,0x00,0x10,0x00,
0x07,0x00,0x00,0x00,0x0f,0x00,0x00,0x07,0x42,0x00,0x10,0x00,0x00,0x00,0x00,0x00,
0xe6,0x0a,0x10,0x00,0x00,0x00,0x00,0x00,0xe6,0x0a,0x10,0x00,0x00,0x00,0x00,0x00,
0x1e,0x00,0x00,0x08,0x82,0x00,0x10,0x00,0x00,0x00,0x00,0x00,0x2a,0x00,0x10,0x80,
0x41,0x00,0x00,0x00,0x0e,0x00,0x00,0x00,0x01,0x40,0x00,0x00,0xbb,0x7e,0xf0,0x7e,
0x33,0x00,0x00,0x07,0x82,0x00,0x10,0x00,0x04,0x00,0x00,0x00,0x3a,0x00,0x10,0x00,
0x00,0x00,0x00,0x00,0x3a,0x00,0x10,0x00,0x04,0x00,0x00,0x00,0x32,0x00,0x00,0x09,
0x12,0x00,0x10,0x00,0x07,0x00,0x00,0x00,0x2a,0x00,0x10,0x00,0x0e,0x00,0x00,0x00,
0x3a,0x00,0x10,0x00,0x04,0x00,0x00,0x00,0x01,0x40,0x00,0x00,0x00,0x00,0x80,0xbf,
0x32,0x00,0x00,0x09,0x82,0x00,0x10,0x00,0x04,0x00,0x00,0x00,0x3a,0x00,0x10,0x00,
0x04,0x00,0x00,0x00,0x01,0x40,0x00,0x00,0xcd,0xcc,0xcc,0x3e,0x01,0x40,0x00,0x00,
0x00,0x00,0x80,0xbf,0x38,0x00,0x00,0x07,0x82,0x00,0x10,0x00,0x04,0x00,0x00,0x00,
0x3a,0x00,0x10,0x00,0x04,0x00,0x00,0x00,0x3a,0x00,0x10,0x00,0x04,0x00,0x00,0x00,
0x32,0x00,0x00,0x09,0x82,0x00,0x10,0x00,0x04,0x00,0x00,0x00,0x3a,0x00,0x10,0x00,
0x04,0x00,0x00,0x00,0x01,0x40,0x00,0x00,0x00,0x00,0xc8,0x3f,0x01,0x40,0x00,0x00,
0x00,0x00,0x10,0xbf,0x38,0x00,0x00,0x07,0x12,0x00,0x10,0x00,0x07,0x00,0x00,0x00,
0x0a,0x00,0x10,0x00,0x07,0x00,0x00,0x00,0x0a,0x00,0x10,0x00,0x07,0x00,0x00,0x00,
0x38,0x00,0x00,0x07,0x82,0x00,0x10,0x00,0x04,0x00,0x00,0x00,0x3a,0x00,0x10,0x00,
0x04,0x00,0x00,0x00,0x0a,0x00,0x10,0x00,0x07,0x00,0x00,0x00,0x38,0x00,0x00,0x07,
0x72,0x00,0x10,0x00,0x01,0x00,0x00,0x00,0x46,0x02,0x10,0x00,0x01,0x00,0x00,0x00,
0xf6,0x0f,0x10,0x00,0x04,0x00,0x00,0x00,0x38,0x00,0x00,0x07,0x12,0x00,0x10,0x00,
0x07,0x00,0x00,0x00,0x0a,0x00,0x10,0x00,0x02,0x00,0x00,0x00,0x3a,0x00,0x10,0x00,
0x0f,0x00,0x00,0x00,0x32,0x00,0x00,0x0a,0x22,0x00,0x10,0x00,0x07,0x00,0x00,0x00,
0x2a,0x00,0x10,0x00,0x0f,0x00,0x00,0x00,0x1a,0x00,0x10,0x80,0x41,0x00,0x00,0x00,
0x02,0x00,0x00,0x00,0x0a,0x00,0x10,0x00,0x07,0x00,0x00,0x00,0x0f,0x00,0x00,0x07,
0x12,0x00,0x10,0x00,0x07,0x00,0x00,0x00,0xe6,0x0a,0x10,0x00,0x0f,0x00,0x00,0x00,
0x46,0x00,0x10,0x00,0x02,0x00,0x00,0x00,0x38,0x00,0x00,0x07,0x32,0x00,0x10,0x00,
0x07,0x00,0x00,0x00,0x46,0x00,0x10,0x00,0x0e,0x00,0x00,0x00,0x46,0x00,0x10,0x00,
0x07,0x00,0x00,0x00,0x0f,0x00,0x00,0x07,0x12,0x00,0x10,0x00,0x07,0x00,0x00,0x00,
0x46,0x00,0x10,0x00,0x07,0x00,0x00,0x00,0x46,0x00,0x10,0x00,0x07,0x00,0x00,0x00,
0x33,0x00,0x00,0x07,0x12,0x00,0x10,0x00,0x07,0x00,0x00,0x00,0x3a,0x00,0x10,0x00,
0x00,0x00,0x00,0x00,0x0a,0x00,0x10,0x00,0x07,0x00,0x00,0x00,0x32,0x00,0x00,0x09,
0x22,0x00,0x10,0x00,0x07,0x00,0x00,0x00,0x2a,0x00,0x10,0x00,0x0e,0x00,0x00,0x00,
0x0a,0x00,0x10,0x00,0x07,0x00,0x00,0x00,0x01,0x40,0x00,0x00,0x00,0x00,0x80,0xbf,
0x32,0x00,0x00,0x09,0x12,0x00,0x10,0x00,0x07,0x00,0x00,0x00,0x0a,0x00,0x10,0x00,
0x07,0x00,0x00,0x00,0x01,0x40,0x00,0x00,0xcd,0xcc,0xcc,0x3e,0x01,0x40,0x00,0x00,
0x00,0x00,0x80,0xbf,0x38,0x00,0x00,0x07,0x32,0x00,0x10,0x00,0x07,0x00,0x00,0x00,
0x46,0x00,0x10,0x00,0x07,0x00,0x00,0x00,0x46,0x00,0x10,0x00,0x07,0x00,0x00,0x00,
0x32,0x00,0x00,0x09,0x12,0x00,0x10,0x00,0x07,0x00,0x00,0x00,0x0a,0x00,0x10,0x00,
0x07,0x00,0x00,0x00,0x01,0x40,0x00,0x00,0x00,0x00,0xc8,0x3f,0x01,0x40,0x00,0x00,
0x00,0x00,0x10,0xbf,0x38,0x00,0x00,0x07,0x42,0x00,0x10,0x00,0x07,0x00,0x00,0x00,
0x1a,0x00,0x10,0x00,0x07,0x00,0x00,0x00,0x0a,0x00,0x10,0x00,0x07,0x00,0x00,0x00,
0x32,0x00,0x00,0x09,0x82,0x00,0x10,0x00,0x04,0x00,0x00,0x00,0x0a,0x00,0x10,0x00,
0x07,0x00,0x00,0x00,0x1a,0x00,0x10,0x00,0x07,0x00,0x00,0x00,0x3a,0x00,0x10,0x00,
0x04,0x00,0x00,0x00,0x32,0x00,0x00,0x09,0x72,0x00,0x10,0x00,0x01,0x00,0x00,0x00,
0x46,0x02,0x10,0x00,0x04,0x00,0x00,0x00,0xa6,0x0a,0x10,0x00,0x07,0x00,0x00,0x00,
0x46,0x02,0x10,0x00,0x01,0x00,0x00,0x00,0x33,0x00,0x00,0x07,0x42,0x00,0x10,0x00,
0x00,0x00,0x00,0x00,0x3a,0x00,0x10,0x00,0x00,0x00,0x00,0x00,0x2a,0x00,0x10,0x00,
0x00,0x00,0x00,0x00,0x32,0x00,0x00,0x09,0x12,0x00,0x10,0x00,0x04,0x00,0x00,0x00,
0x2a,0x00,0x10,0x00,0x0e,0x00,0x00,0x00,0x2a,0x00,0x10,0x00,0x00,0x00,0x00,0x00,
0x01,0x40,0x00,0x00,0x00,0x00,0x80,0xbf,0x32,0x00,0x00,0x09,0x42,0x00,0x10,0x00,
0x00,0x00,0x00,0x00,0x2a,0x00,0x10,0x00,0x00,0x00,0x00,0x00,0x01,0x40,0x00,0x00,
0xcd,0xcc,0xcc,0x3e,0x01,0x40,0x00,0x00,0x00,0x00,0x80,0xbf,0x38,0x00,0x00,0x07,
0x42,0x00,0x10,0x00,0x00,0x00,0x00,0x00,0x2a,0x00,0x10,0x00,0x00,0x00,0x00,0x00,
0x2a,0x00,0x10,0x00,0x00,0x00,0x00,0x00,0x32,0x00,0x00,0x09,0x42,0x00,0x10,0x00,
0x00,0x00,0x00,0x00,0x2a,0x00,0x10,0x00,0x00,0x00,0x00,0x00,0x01,0x40,0x00,0x00,
0x00,0x00,0xc8,0x3f,0x01,0x40,0x00,0x00,0x00,0x00,0x10,0xbf,0x38,0x00,0x00,0x07,
0x12,0x00,0x10,0x00,0x04,0x00,0x00,0x00,0x0a,0x00,0x10,0x00,0x04,0x00,0x00,0x00,
0x0a,0x00,0x10,0x00,0x04,0x00,0x00,0x00,0x38,0x00,0x00,0x07,0x22,0x00,0x10,0x00,
0x04,0x00,0x00,0x00,0x2a,0x00,0x10,0x00,0x00,0x00,0x00,0x00,0x0a,0x00,0x10,0x00,
0x04,0x00,0x00,0x00,0x32,0x00,0x00,0x09,0x42,0x00,0x10,0x00,0x00,0x00,0x00,0x00,
0x2a,0x00,0x10,0x00,0x00,0x00,0x00,0x00,0x0a,0x00,0x10,0x00,0x04,0x00,0x00,0x00,
0x3a,0x00,0x10,0x00,0x04,0x00,0x00,0x00,0x36,0x00,0x00,0x05,0x12,0x00,0x10,0x00,
0x07,0x00,0x00,0x00,0x0a,0x00,0x10,0x00,0x0c,0x00,0x00,0x00,0x36,0x00,0x00,0x05,
0x22,0x00,0x10,0x00,0x07,0x00,0x00,0x00,0x0a,0x00,0x10,0x00,0x03,0x00,0x00,0x00,
0x36,0x00,0x00,0x05,0x42,0x00,0x10,0x00,0x07,0x00,0x00,0x00,0x0a,0x00,0x10,0x00,
0x0a,0x00,0x00,0x00,0x32,0x00,0x00,0x09,0x72,0x00,0x10,0x00,0x01,0x00,0x00,0x00,
0x46,0x02,0x10,0x00,0x07,0x00,0x00,0x00,0x56,0x05,0x10,0x00,0x04,0x00,0x00,0x00,
0x46,0x02,0x10,0x00,0x01,0x00,0x00,0x00,0x00,0x00,0x00,0x0b,0xf2,0x00,0x10,0x00,
0x04,0x00,0x00,0x00,0xe6,0x0e,0x10,0x80,0x41,0x00,0x00,0x00,0x02,0x00,0x00,0x00,
0x02,0x40,0x00,0x00,0x00,0x00,0x00,0x00,0x00,0x00,0x80,0x3f,0x00,0x00,0x80,0xbf,
0x00,0x00,0x00,0x00,0x38,0x00,0x00,0x07,0x32,0x00,0x10,0x00,0x07,0x00,0x00,0x00,
0x06,0x00,0x10,0x00,0x02,0x00,0x00,0x00,0xd6,0x05,0x10,0x00,0x04,0x00,0x00,0x00,
0x32,0x00,0x00,0x0a,0xc2,0x00,0x10,0x00,0x07,0x00,0x00,0x00,0x06,0x08,0x10,0x00,
0x04,0x00,0x00,0x00,0x56,0x05,0x10,0x80,0x41,0x00,0x00,0x00,0x02,0x00,0x00,0x00,
0x06,0x04,0x10,0x00,0x07,0x00,0x00,0x00,0x0f,0x00,0x00,0x07,0x22,0x00,0x10,0x00,
0x07,0x00,0x00,0x00,0x46,0x00,0x10,0x00,0x04,0x00,0x00,0x00,0x46,0x00,0x10,0x00,
0x02,0x00,0x00,0x00,0x0f,0x00,0x00,0x07,0x12,0x00,0x10,0x00,0x07,0x00,0x00,0x00,
0xe6,0x0a,0x10,0x00,0x04,0x00,0x00,0x00,0x46,0x00,0x10,0x00,0x02,0x00,0x00,0x00,
0x38,0x00,0x00,0x07,0xf2,0x00,0x10,0x00,0x04,0x00,0x00,0x00,0x46,0x04,0x10,0x00,
0x0e,0x00,0x00,0x00,0xc6,0x09,0x10,0x00,0x07,0x00,0x00,0x00,0x0f,0x00,0x00,0x07,
0x42,0x00,0x10,0x00,0x04,0x00,0x00,0x00,0xe6,0x0a,0x10,0x00,0x04,0x00,0x00,0x00,
0xe6,0x0a,0x10,0x00,0x04,0x00,0x00,0x00,0x0f,0x00,0x00,0x07,0x12,0x00,0x10,0x00,
0x04,0x00,0x00,0x00,0x46,0x00,0x10,0x00,0x04,0x00,0x00,0x00,0x46,0x00,0x10,0x00,
0x04,0x00,0x00,0x00,0x33,0x00,0x00,0x07,0x52,0x00,0x10,0x00,0x04,0x00,0x00,0x00,
0xf6,0x0f,0x10,0x00,0x00,0x00,0x00,0x00,0x06,0x02,0x10,0x00,0x04,0x00,0x00,0x00,
0x32,0x00,0x00,0x09,0x22,0x00,0x10,0x00,0x04,0x00,0x00,0x00,0x2a,0x00,0x10,0x00,
0x0e,0x00,0x00,0x00,0x2a,0x00,0x10,0x00,0x04,0x00,0x00,0x00,0x01,0x40,0x00,0x00,
0x00,0x00,0x80,0xbf,0x32,0x00,0x00,0x09,0x42,0x00,0x10,0x00,0x04,0x00,0x00,0x00,
0x2a,0x00,0x10,0x00,0x04,0x00,0x00,0x00,0x01,0x40,0x00,0x00,0xcd,0xcc,0xcc,0x3e,
0x01,0x40,0x00,0x00,0x00,0x00,0x80,0xbf,0x38,0x00,0x00,0x07,0x62,0x00,0x10,0x00,
0x04,0x00,0x00,0x00,0x56,0x06,0x10,0x00,0x04,0x00,0x00,0x00,0x56,0x06,0x10,0x00,
0x04,0x00,0x00,0x00,0x32,0x00,0x00,0x09,0x42,0x00,0x10,0x00,0x04,0x00,0x00,0x00,
0x2a,0x00,0x10,0x00,0x04,0x00,0x00,0x00,0x01,0x40,0x00,0x00,0x00,0x00,0xc8,0x3f,
0x01,0x40,0x00,0x00,0x00,0x00,0x10,0xbf,0x38,0x00,0x00,0x07,0x82,0x00,0x10,0x00,
0x04,0x00,0x00,0x00,0x1a,0x00,0x10,0x00,0x04,0x00,0x00,0x00,0x2a,0x00,0x10,0x00,
0x04,0x00,0x00,0x00,0x32,0x00,0x00,0x09,0x42,0x00,0x10,0x00,0x00,0x00,0x00,0x00,
0x2a,0x00,0x10,0x00,0x04,0x00,0x00,0x00,0x1a,0x00,0x10,0x00,0x04,0x00,0x00,0x00,
0x2a,0x00,0x10,0x00,0x00,0x00,0x00,0x00,0x36,0x00,0x00,0x05,0x12,0x00,0x10,0x00,
0x07,0x00,0x00,0x00,0x1a,0x00,0x10,0x00,0x0c,0x00,0x00,0x00,0x36,0x00,0x00,0x05,
0x22,0x00,0x10,0x00,0x07,0x00,0x00,0x00,0x2a,0x00,0x10,0x00,0x03,0x00,0x00,0x00,
0x36,0x00,0x00,0x05,0x42,0x00,0x10,0x00,0x07,0x00,0x00,0x00,0x1a,0x00,0x10,0x00,
0x0a,0x00,0x00,0x00,0x32,0x00,0x00,0x09,0x72,0x00,0x10,0x00,0x01,0x00,0x00,0x00,
0x46,0x02,0x10,0x00,0x07,0x00,0x00,0x00,0xf6,0x0f,0x10,0x00,0x04,0x00,0x00,0x00,
0x46,0x02,0x10,0x00,0x01,0x00,0x00,0x00,0x38,0x00,0x00,0x08,0x22,0x00,0x10,0x00,
0x04,0x00,0x00,0x00,0x0a,0x00,0x10,0x00,0x02,0x00,0x00,0x00,0x3a,0x00,0x10,0x80,
0x41,0x00,0x00,0x00,0x02,0x00,0x00,0x00,0x32,0x00,0x00,0x09,0x22,0x00,0x10,0x00,
0x09,0x00,0x00,0x00,0x2a,0x00,0x10,0x00,0x02,0x00,0x00,0x00,0x1a,0x00,0x10,0x00,
0x02,0x00,0x00,0x00,0x1a,0x00,0x10,0x00,0x04,0x00,0x00,0x00,0x0f,0x00,0x00,0x08,
0x12,0x00,0x10,0x00,0x09,0x00,0x00,0x00,0xe6,0x0a,0x10,0x80,0x41,0x00,0x00,0x00,
0x02,0x00,0x00,0x00,0x46,0x00,0x10,0x00,0x02,0x00,0x00,0x00,0x38,0x00,0x00,0x07,
0x62,0x00,0x10,0x00,0x04,0x00,0x00,0x00,0x06,0x01,0x10,0x00,0x0e,0x00,0x00,0x00,
0x06,0x01,0x10,0x00,0x09,0x00,0x00,0x00,0x0f,0x00,0x00,0x07,0x22,0x00,0x10,0x00,
0x04,0x00,0x00,0x00,0x96,0x05,0x10,0x00,0x04,0x00,0x00,0x00,0x96,0x05,0x10,0x00,
0x04,0x00,0x00,0x00,0x33,0x00,0x00,0x07,0x22,0x00,0x10,0x00,0x04,0x00,0x00,0x00,
0x3a,0x00,0x10,0x00,0x00,0x00,0x00,0x00,0x1a,0x00,0x10,0x00,0x04,0x00,0x00,0x00,
0x32,0x00,0x00,0x09,0x42,0x00,0x10,0x00,0x04,0x00,0x00,0x00,0x2a,0x00,0x10,0x00,
0x0e,0x00,0x00,0x00,0x1a,0x00,0x10,0x00,0x04,0x00,0x00,0x00,0x01,0x40,0x00,0x00,
0x00,0x00,0x80,0xbf,0x32,0x00,0x00,0x09,0x22,0x00,0x10,0x00,0x04,0x00,0x00,0x00,
0x1a,0x00,0x10,0x00,0x04,0x00,0x00,0x00,0x01,0x40,0x00,0x00,0xcd,0xcc,0xcc,0x3e,
0x01,0x40,0x00,0x00,0x00,0x00,0x80,0xbf,0x38,0x00,0x00,0x07,0x62,0x00,0x10,0x00,
0x04,0x00,0x00,0x00,0x56,0x06,0x10,0x00,0x04,0x00,0x00,0x00,0x56,0x06,0x10,0x00,
0x04,0x00,0x00,0x00,0x32,0x00,0x00,0x09,0x22,0x00,0x10,0x00,0x04,0x00,0x00,0x00,
0x1a,0x00,0x10,0x00,0x04,0x00,0x00,0x00,0x01,0x40,0x00,0x00,0x00,0x00,0xc8,0x3f,
0x01,0x40,0x00,0x00,0x00,0x00,0x10,0xbf,0x38,0x00,0x00,0x07,0x82,0x00,0x10,0x00,
0x04,0x00,0x00,0x00,0x2a,0x00,0x10,0x00,0x04,0x00,0x00,0x00,0x1a,0x00,0x10,0x00,
0x04,0x00,0x00,0x00,0x32,0x00,0x00,0x09,0x42,0x00,0x10,0x00,0x00,0x00,0x00,0x00,
0x1a,0x00,0x10,0x00,0x04,0x00,0x00,0x00,0x2a,0x00,0x10,0x00,0x04,0x00,0x00,0x00,
0x2a,0x00,0x10,0x00,0x00,0x00,0x00,0x00,0x36,0x00,0x00,0x05,0x12,0x00,0x10,0x00,
0x03,0x00,0x00,0x00,0x2a,0x00,0x10,0x00,0x0c,0x00,0x00,0x00,0x36,0x00,0x00,0x05,
0x12,0x00,0x10,0x00,0x0a,0x00,0x00,0x00,0x3a,0x00,0x10,0x00,0x0c,0x00,0x00,0x00,
0x36,0x00,0x00,0x05,0x22,0x00,0x10,0x00,0x0a,0x00,0x00,0x00,0x3a,0x00,0x10,0x00,
0x03,0x00,0x00,0x00,0x36,0x00,0x00,0x05,0x42,0x00,0x10,0x00,0x03,0x00,0x00,0x00,
0x3a,0x00,0x10,0x00,0x0a,0x00,0x00,0x00,0x32,0x00,0x00,0x09,0x72,0x00,0x10,0x00,
0x01,0x00,0x00,0x00,0x46,0x02,0x10,0x00,0x03,0x00,0x00,0x00,0xf6,0x0f,0x10,0x00,
0x04,0x00,0x00,0x00,0x46,0x02,0x10,0x00,0x01,0x00,0x00,0x00,0x32,0x00,0x00,0x09,
0x82,0x00,0x10,0x00,0x03,0x00,0x00,0x00,0x2a,0x00,0x10,0x00,0x0e,0x00,0x00,0x00,
0x0a,0x00,0x10,0x00,0x04,0x00,0x00,0x00,0x01,0x40,0x00,0x00,0x00,0x00,0x80,0xbf,
0x32,0x00,0x00,0x09,0x12,0x00,0x10,0x00,0x04,0x00,0x00,0x00,0x0a,0x00,0x10,0x00,
0x04,0x00,0x00,0x00,0x01,0x40,0x00,0x00,0xcd,0xcc,0xcc,0x3e,0x01,0x40,0x00,0x00,
0x00,0x00,0x80,0xbf,0x38,0x00,0x00,0x07,0x12,0x00,0x10,0x00,0x04,0x00,0x00,0x00,
0x0a,0x00,0x10,0x00,0x04,0x00,0x00,0x00,0x0a,0x00,0x10,0x00,0x04,0x00,0x00,0x00,
0x32,0x00,0x00,0x09,0x12,0x00,0x10,0x00,0x04,0x00,0x00,0x00,0x0a,0x00,0x10,0x00,
0x04,0x00,0x00,0x00,0x01,0x40,0x00,0x00,0x00,0x00,0xc8,0x3f,0x01,0x40,0x00,0x00,
0x00,0x00,0x10,0xbf,0x38,0x00,0x00,0x07,0x82,0x00,0x10,0x00,0x03,0x00,0x00,0x00,
0x3a,0x00,0x10,0x00,0x03,0x00,0x00,0x00,0x3a,0x00,0x10,0x00,0x03,0x00,0x00,0x00,
0x38,0x00,0x00,0x07,0x22,0x00,0x10,0x00,0x04,0x00,0x00,0x00,0x3a,0x00,0x10,0x00,
0x03,0x00,0x00,0x00,0x0a,0x00,0x10,0x00,0x04,0x00,0x00,0x00,0x32,0x00,0x00,0x09,
0x42,0x00,0x10,0x00,0x00,0x00,0x00,0x00,0x0a,0x00,0x10,0x00,0x04,0x00,0x00,0x00,
0x3a,0x00,0x10,0x00,0x03,0x00,0x00,0x00,0x2a,0x00,0x10,0x00,0x00,0x00,0x00,0x00,
0x32,0x00,0x00,0x09,0x72,0x00,0x10,0x00,0x01,0x00,0x00,0x00,0x46,0x02,0x10,0x00,
0x0a,0x00,0x00,0x00,0x56,0x05,0x10,0x00,0x04,0x00,0x00,0x00,0x46,0x02,0x10,0x00,
0x01,0x00,0x00,0x00,0x00,0x00,0x00,0x0b,0xf2,0x00,0x10,0x00,0x04,0x00,0x00,0x00,
0xe6,0x0e,0x10,0x80,0x41,0x00,0x00,0x00,0x02,0x00,0x00,0x00,0x02,0x40,0x00,0x00,
0x00,0x00,0x80,0x3f,0x00,0x00,0x80,0x3f,0x00,0x00,0x00,0x40,0x00,0x00,0x80,0x3f,
0x38,0x00,0x00,0x07,0x32,0x00,0x10,0x00,0x09,0x00,0x00,0x00,0x06,0x00,0x10,0x00,
0x02,0x00,0x00,0x00,0xd6,0x05,0x10,0x00,0x04,0x00,0x00,0x00,0x32,0x00,0x00,0x0a,
0xc2,0x00,0x10,0x00,0x09,0x00,0x00,0x00,0x06,0x08,0x10,0x00,0x04,0x00,0x00,0x00,
0x56,0x05,0x10,0x80,0x41,0x00,0x00,0x00,0x02,0x00,0x00,0x00,0x06,0x04,0x10,0x00,
0x09,0x00,0x00,0x00,0x0f,0x00,0x00,0x07,0x22,0x00,0x10,0x00,0x09,0x00,0x00,0x00,
0x46,0x00,0x10,0x00,0x04,0x00,0x00,0x00,0x46,0x00,0x10,0x00,0x02,0x00,0x00,0x00,
0x0f,0x00,0x00,0x07,0x12,0x00,0x10,0x00,0x09,0x00,0x00,0x00,0xe6,0x0a,0x10,0x00,
0x04,0x00,0x00,0x00,0x46,0x00,0x10,0x00,0x02,0x00,0x00,0x00,0x38,0x00,0x00,0x07,
0xf2,0x00,0x10,0x00,0x04,0x00,0x00,0x00,0x46,0x04,0x10,0x00,0x0e,0x00,0x00,0x00,
0xc6,0x09,0x10,0x00,0x09,0x00,0x00,0x00,0x0f,0x00,0x00,0x07,0x82,0x00,0x10,0x00,
0x03,0x00,0x00,0x00,0xe6,0x0a,0x10,0x00,0x04,0x00,0x00,0x00,0xe6,0x0a,0x10,0x00,
0x04,0x00,0x00,0x00,0x33,0x00,0x00,0x07,0x82,0x00,0x10,0x00,0x03,0x00,0x00,0x00,
0x3a,0x00,0x10,0x00,0x00,0x00,0x00,0x00,0x3a,0x00,0x10,0x00,0x03,0x00,0x00,0x00,
0x0f,0x00,0x00,0x07,0x12,0x00,0x10,0x00,0x04,0x00,0x00,0x00,0x46,0x00,0x10,0x00,
0x04,0x00,0x00,0x00,0x46,0x00,0x10,0x00,0x04,0x00,0x00,0x00,0x33,0x00,0x00,0x07,
0x12,0x00,0x10,0x00,0x04,0x00,0x00,0x00,0x3a,0x00,0x10,0x00,0x00,0x00,0x00,0x00,
0x0a,0x00,0x10,0x00,0x04,0x00,0x00,0x00,0x32,0x00,0x00,0x09,0x22,0x00,0x10,0x00,
0x04,0x00,0x00,0x00,0x2a,0x00,0x10,0x00,0x0e,0x00,0x00,0x00,0x3a,0x00,0x10,0x00,
0x03,0x00,0x00,0x00,0x01,0x40,0x00,0x00,0x00,0x00,0x80,0xbf,0x32,0x00,0x00,0x09,
0x82,0x00,0x10,0x00,0x03,0x00,0x00,0x00,0x3a,0x00,0x10,0x00,0x03,0x00,0x00,0x00,
0x01,0x40,0x00,0x00,0xcd,0xcc,0xcc,0x3e,0x01,0x40,0x00,0x00,0x00,0x00,0x80,0xbf,
0x38,0x00,0x00,0x07,0x82,0x00,0x10,0x00,0x03,0x00,0x00,0x00,0x3a,0x00,0x10,0x00,
0x03,0x00,0x00,0x00,0x3a,0x00,0x10,0x00,0x03,0x00,0x00,0x00,0x32,0x00,0x00,0x09,
0x82,0x00,0x10,0x00,0x03,0x00,0x00,0x00,0x3a,0x00,0x10,0x00,0x03,0x00,0x00,0x00,
0x01,0x40,0x00,0x00,0x00,0x00,0xc8,0x3f,0x01,0x40,0x00,0x00,0x00,0x00,0x10,0xbf,
0x38,0x00,0x00,0x07,0x22,0x00,0x10,0x00,0x04,0x00,0x00,0x00,0x1a,0x00,0x10,0x00,
0x04,0x00,0x00,0x00,0x1a,0x00,0x10,0x00,0x04,0x00,0x00,0x00,0x38,0x00,0x00,0x07,
0x42,0x00,0x10,0x00,0x04,0x00,0x00,0x00,0x3a,0x00,0x10,0x00,0x03,0x00,0x00,0x00,
0x1a,0x00,0x10,0x00,0x04,0x00,0x00,0x00,0x32,0x00,0x00,0x09,0x42,0x00,0x10,0x00,
0x00,0x00,0x00,0x00,0x3a,0x00,0x10,0x00,0x03,0x00,0x00,0x00,0x1a,0x00,0x10,0x00,
0x04,0x00,0x00,0x00,0x2a,0x00,0x10,0x00,0x00,0x00,0x00,0x00,0x36,0x00,0x00,0x05,
0x12,0x00,0x10,0x00,0x09,0x00,0x00,0x00,0x0a,0x00,0x10,0x00,0x05,0x00,0x00,0x00,
0x36,0x00,0x00,0x05,0x22,0x00,0x10,0x00,0x09,0x00,0x00,0x00,0x0a,0x00,0x10,0x00,
0x06,0x00,0x00,0x00,0x36,0x00,0x00,0x05,0x42,0x00,0x10,0x00,0x09,0x00,0x00,0x00,
0x0a,0x00,0x10,0x00,0x08,0x00,0x00,0x00,0x32,0x00,0x00,0x09,0x72,0x00,0x10,0x00,
0x01,0x00,0x00,0x00,0x46,0x02,0x10,0x00,0x09,0x00,0x00,0x00,0xa6,0x0a,0x10,0x00,
0x04,0x00,0x00,0x00,0x46,0x02,0x10,0x00,0x01,0x00,0x00,0x00,0x32,0x00,0x00,0x09,
0x82,0x00,0x10,0x00,0x03,0x00,0x00,0x00,0x2a,0x00,0x10,0x00,0x0e,0x00,0x00,0x00,
0x0a,0x00,0x10,0x00,0x04,0x00,0x00,0x00,0x01,0x40,0x00,0x00,0x00,0x00,0x80,0xbf,
0x32,0x00,0x00,0x09,0x12,0x00,0x10,0x00,0x04,0x00,0x00,0x00,0x0a,0x00,0x10,0x00,
0x04,0x00,0x00,0x00,0x01,0x40,0x00,0x00,0xcd,0xcc,0xcc,0x3e,0x01,0x40,0x00,0x00,
0x00,0x00,0x80,0xbf,0x38,0x00,0x00,0x07,0x12,0x00,0x10,0x00,0x04,0x00,0x00,0x00,
0x0a,0x00,0x10,0x00,0x04,0x00,0x00,0x00,0x0a,0x00,0x10,0x00,0x04,0x00,0x00,0x00,
0x32,0x00,0x00,0x09,0x12,0x00,0x10,0x00,0x04,0x00,0x00,0x00,0x0a,0x00,0x10,0x00,
0x04,0x00,0x00,0x00,0x01,0x40,0x00,0x00,0x00,0x00,0xc8,0x3f,0x01,0x40,0x00,0x00,
0x00,0x00,0x10,0xbf,0x38,0x00,0x00,0x07,0x82,0x00,0x10,0x00,0x03,0x00,0x00,0x00,
0x3a,0x00,0x10,0x00,0x03,0x00,0x00,0x00,0x3a,0x00,0x10,0x00,0x03,0x00,0x00,0x00,
0x38,0x00,0x00,0x07,0x22,0x00,0x10,0x00,0x04,0x00,0x00,0x00,0x3a,0x00,0x10,0x00,
0x03,0x00,0x00,0x00,0x0a,0x00,0x10,0x00,0x04,0x00,0x00,0x00,0x32,0x00,0x00,0x09,
0x42,0x00,0x10,0x00,0x00,0x00,0x00,0x00,0x0a,0x00,0x10,0x00,0x04,0x00,0x00,0x00,
0x3a,0x00,0x10,0x00,0x03,0x00,0x00,0x00,0x2a,0x00,0x10,0x00,0x00,0x00,0x00,0x00,
0x36,0x00,0x00,0x05,0x12,0x00,0x10,0x00,0x0a,0x00,0x00,0x00,0x1a,0x00,0x10,0x00,
0x05,0x00,0x00,0x00,0x36,0x00,0x00,0x05,0x22,0x00,0x10,0x00,0x0a,0x00,0x00,0x00,
0x2a,0x00,0x10,0x00,0x06,0x00,0x00,0x00,0x36,0x00,0x00,0x05,0x42,0x00,0x10,0x00,
0x0a,0x00,0x00,0x00,0x1a,0x00,0x10,0x00,0x08,0x00,0x00,0x00,0x32,0x00,0x00,0x09,
0x72,0x00,0x10,0x00,0x01,0x00,0x00,0x00,0x46,0x02,0x10,0x00,0x0a,0x00,0x00,0x00,
0x56,0x05,0x10,0x00,0x04,0x00,0x00,0x00,0x46,0x02,0x10,0x00,0x01,0x00,0x00,0x00,
0x00,0x00,0x00,0x0b,0xf2,0x00,0x10,0x00,0x04,0x00,0x00,0x00,0xe6,0x0e,0x10,0x80,
0x41,0x00,0x00,0x00,0x02,0x00,0x00,0x00,0x02,0x40,0x00,0x00,0x00,0x00,0x00,0x40,
0x00,0x00,0x00,0x00,0x00,0x00,0x80,0x3f,0x00,0x00,0x00,0x00,0x00,0x00,0x00,0x0b,
0xf2,0x00,0x10,0x00,0x0a,0x00,0x00,0x00,0xe6,0x0e,0x10,0x80,0x41,0x00,0x00,0x00,
0x02,0x00,0x00,0x00,0x02,0x40,0x00,0x00,0x00,0x00,0x80,0x3f,0x00,0x00,0x00,0x40,
0x00,0x00,0x00,0x00,0x00,0x00,0x00,0x40,0x38,0x00,0x00,0x07,0xc2,0x00,0x10,0x00,
0x02,0x00,0x00,0x00,0x06,0x00,0x10,0x00,0x02,0x00,0x00,0x00,0x56,0x0d,0x10,0x00,
0x04,0x00,0x00,0x00,0x32,0x00,0x00,0x0a,0xc2,0x00,0x10,0x00,0x0c,0x00,0x00,0x00,
0x06,0x08,0x10,0x00,0x04,0x00,0x00,0x00,0x56,0x05,0x10,0x80,0x41,0x00,0x00,0x00,
0x02,0x00,0x00,0x00,0xa6,0x0e,0x10,0x00,0x02,0x00,0x00,0x00,0x0f,0x00,0x00,0x07,
0x22,0x00,0x10,0x00,0x0c,0x00,0x00,0x00,0x46,0x00,0x10,0x00,0x04,0x00,0x00,0x00,
0x46,0x00,0x10,0x00,0x02,0x00,0x00,0x00,0x0f,0x00,0x00,0x07,0x12,0x00,0x10,0x00,
0x0c,0x00,0x00,0x00,0xe6,0x0a,0x10,0x00,0x04,0x00,0x00,0x00,0x46,0x00,0x10,0x00,
0x02,0x00,0x00,0x00,0x38,0x00,0x00,0x07,0xc2,0x00,0x10,0x00,0x02,0x00,0x00,0x00,
0x06,0x04,0x10,0x00,0x0e,0x00,0x00,0x00,0x06,0x0c,0x10,0x00,0x0c,0x00,0x00,0x00,
0x38,0x00,0x00,0x07,0x32,0x00,0x10,0x00,0x04,0x00,0x00,0x00,0x46,0x00,0x10,0x00,
0x0e,0x00,0x00,0x00,0x96,0x05,0x10,0x00,0x0c,0x00,0x00,0x00,0x0f,0x00,0x00,0x07,
0x82,0x00,0x10,0x00,0x03,0x00,0x00,0x00,0x46,0x00,0x10,0x00,0x04,0x00,0x00,0x00,
0x46,0x00,0x10,0x00,0x04,0x00,0x00,0x00,0x33,0x00,0x00,0x07,0x82,0x00,0x10,0x00,
0x03,0x00,0x00,0x00,0x3a,0x00,0x10,0x00,0x00,0x00,0x00,0x00,0x3a,0x00,0x10,0x00,
0x03,0x00,0x00,0x00,0x0f,0x00,0x00,0x07,0x42,0x00,0x10,0x00,0x02,0x00,0x00,0x00,
0xe6,0x0a,0x10,0x00,0x02,0x00,0x00,0x00,0xe6,0x0a,0x10,0x00,0x02,0x00,0x00,0x00,
0x33,0x00,0x00,0x07,0x42,0x00,0x10,0x00,0x02,0x00,0x00,0x00,0x3a,0x00,0x10,0x00,
0x00,0x00,0x00,0x00,0x2a,0x00,0x10,0x00,0x02,0x00,0x00,0x00,0x32,0x00,0x00,0x09,
0x82,0x00,0x10,0x00,0x02,0x00,0x00,0x00,0x2a,0x00,0x10,0x00,0x0e,0x00,0x00,0x00,
0x3a,0x00,0x10,0x00,0x03,0x00,0x00,0x00,0x01,0x40,0x00,0x00,0x00,0x00,0x80,0xbf,
0x32,0x00,0x00,0x09,0x82,0x00,0x10,0x00,0x03,0x00,0x00,0x00,0x3a,0x00,0x10,0x00,
0x03,0x00,0x00,0x00,0x01,0x40,0x00,0x00,0xcd,0xcc,0xcc,0x3e,0x01,0x40,0x00,0x00,
0x00,0x00,0x80,0xbf,0x38,0x00,0x00,0x07,0x82,0x00,0x10,0x00,0x03,0x00,0x00,0x00,
0x3a,0x00,0x10,0x00,0x03,0x00,0x00,0x00,0x3a,0x00,0x10,0x00,0x03,0x00,0x00,0x00,
0x32,0x00,0x00,0x09,0x82,0x00,0x10,0x00,0x03,0x00,0x00,0x00,0x3a,0x00,0x10,0x00,
0x03,0x00,0x00,0x00,0x01,0x40,0x00,0x00,0x00,0x00,0xc8,0x3f,0x01,0x40,0x00,0x00,
0x00,0x00,0x10,0xbf,0x38,0x00,0x00,0x07,0x82,0x00,0x10,0x00,0x02,0x00,0x00,0x00,
0x3a,0x00,0x10,0x00,0x02,0x00,0x00,0x00,0x3a,0x00,0x10,0x00,0x02,0x00,0x00,0x00,
0x38,0x00,0x00,0x07,0x12,0x00,0x10,0x00,0x04,0x00,0x00,0x00,0x3a,0x00,0x10,0x00,
0x02,0x00,0x00,0x00,0x3a,0x00,0x10,0x00,0x03,0x00,0x00,0x00,0x32,0x00,0x00,0x09,
0x42,0x00,0x10,0x00,0x00,0x00,0x00,0x00,0x3a,0x00,0x10,0x00,0x03,0x00,0x00,0x00,
0x3a,0x00,0x10,0x00,0x02,0x00,0x00,0x00,0x2a,0x00,0x10,0x00,0x00,0x00,0x00,0x00,
0x36,0x00,0x00,0x05,0x12,0x00,0x10,0x00,0x06,0x00,0x00,0x00,0x2a,0x00,0x10,0x00,
0x05,0x00,0x00,0x00,0x36,0x00,0x00,0x05,0x12,0x00,0x10,0x00,0x08,0x00,0x00,0x00,
0x3a,0x00,0x10,0x00,0x05,0x00,0x00,0x00,0x36,0x00,0x00,0x05,0x22,0x00,0x10,0x00,
0x08,0x00,0x00,0x00,0x3a,0x00,0x10,0x00,0x06,0x00,0x00,0x00,0x36,0x00,0x00,0x05,
0x42,0x00,0x10,0x00,0x06,0x00,0x00,0x00,0x3a,0x00,0x10,0x00,0x08,0x00,0x00,0x00,
0x32,0x00,0x00,0x09,0x72,0x00,0x10,0x00,0x01,0x00,0x00,0x00,0x46,0x02,0x10,0x00,
0x06,0x00,0x00,0x00,0x06,0x00,0x10,0x00,0x04,0x00,0x00,0x00,0x46,0x02,0x10,0x00,
0x01,0x00,0x00,0x00,0x32,0x00,0x00,0x09,0x82,0x00,0x10,0x00,0x02,0x00,0x00,0x00,
0x2a,0x00,0x10,0x00,0x0e,0x00,0x00,0x00,0x2a,0x00,0x10,0x00,0x02,0x00,0x00,0x00,
0x01,0x40,0x00,0x00,0x00,0x00,0x80,0xbf,0x32,0x00,0x00,0x09,0x42,0x00,0x10,0x00,
0x02,0x00,0x00,0x00,0x2a,0x00,0x10,0x00,0x02,0x00,0x00,0x00,0x01,0x40,0x00,0x00,
0xcd,0xcc,0xcc,0x3e,0x01,0x40,0x00,0x00,0x00,0x00,0x80,0xbf,0x38,0x00,0x00,0x07,
0xc2,0x00,0x10,0x00,0x02,0x00,0x00,0x00,0xa6,0x0e,0x10,0x00,0x02,0x00,0x00,0x00,
0xa6,0x0e,0x10,0x00,0x02,0x00,0x00,0x00,0x32,0x00,0x00,0x09,0x42,0x00,0x10,0x00,
0x02,0x00,0x00,0x00,0x2a,0x00,0x10,0x00,0x02,0x00,0x00,0x00,0x01,0x40,0x00,0x00,
0x00,0x00,0xc8,0x3f,0x01,0x40,0x00,0x00,0x00,0x00,0x10,0xbf,0x38,0x00,0x00,0x07,
0x82,0x00,0x10,0x00,0x03,0x00,0x00,0x00,0x3a,0x00,0x10,0x00,0x02,0x00,0x00,0x00,
0x2a,0x00,0x10,0x00,0x02,0x00,0x00,0x00,0x32,0x00,0x00,0x09,0x42,0x00,0x10,0x00,
0x00,0x00,0x00,0x00,0x2a,0x00,0x10,0x00,0x02,0x00,0x00,0x00,0x3a,0x00,0x10,0x00,
0x02,0x00,0x00,0x00,0x2a,0x00,0x10,0x00,0x00,0x00,0x00,0x00,0x32,0x00,0x00,0x09,
0x72,0x00,0x10,0x00,0x01,0x00,0x00,0x00,0x46,0x02,0x10,0x00,0x08,0x00,0x00,0x00,
0xf6,0x0f,0x10,0x00,0x03,0x00,0x00,0x00,0x46,0x02,0x10,0x00,0x01,0x00,0x00,0x00,
0x38,0x00,0x00,0x07,0xc2,0x00,0x10,0x00,0x02,0x00,0x00,0x00,0x06,0x00,0x10,0x00,
0x02,0x00,0x00,0x00,0x56,0x0d,0x10,0x00,0x0a,0x00,0x00,0x00,0x32,0x00,0x00,0x0a,
0xc2,0x00,0x10,0x00,0x04,0x00,0x00,0x00,0x06,0x08,0x10,0x00,0x0a,0x00,0x00,0x00,
0x56,0x05,0x10,0x80,0x41,0x00,0x00,0x00,0x02,0x00,0x00,0x00,0xa6,0x0e,0x10,0x00,
0x02,0x00,0x00,0x00,0x0f,0x00,0x00,0x07,0x22,0x00,0x10,0x00,0x04,0x00,0x00,0x00,
0x46,0x00,0x10,0x00,0x0a,0x00,0x00,0x00,0x46,0x00,0x10,0x00,0x02,0x00,0x00,0x00,
0x0f,0x00,0x00,0x07,0x12,0x00,0x10,0x00,0x04,0x00,0x00,0x00,0xe6,0x0a,0x10,0x00,
0x0a,0x00,0x00,0x00,0x46,0x00,0x10,0x00,0x02,0x00,0x00,0x00,0x38,0x00,0x00,0x07,
0xf2,0x00,0x10,0x00,0x02,0x00,0x00,0x00,0x46,0x04,0x10,0x00,0x0e,0x00,0x00,0x00,
0xc6,0x09,0x10,0x00,0x04,0x00,0x00,0x00,0x0f,0x00,0x00,0x07,0x42,0x00,0x10,0x00,
0x02,0x00,0x00,0x00,0xe6,0x0a,0x10,0x00,0x02,0x00,0x00,0x00,0xe6,0x0a,0x10,0x00,
0x02,0x00,0x00,0x00,0x33,0x00,0x00,0x07,0x42,0x00,0x10,0x00,0x02,0x00,0x00,0x00,
0x3a,0x00,0x10,0x00,0x00,0x00,0x00,0x00,0x2a,0x00,0x10,0x00,0x02,0x00,0x00,0x00,
0x0f,0x00,0x00,0x07,0x12,0x00,0x10,0x00,0x02,0x00,0x00,0x00,0x46,0x00,0x10,0x00,
0x02,0x00,0x00,0x00,0x46,0x00,0x10,0x00,0x02,0x00,0x00,0x00,0x33,0x00,0x00,0x07,
0x82,0x00,0x10,0x00,0x00,0x00,0x00,0x00,0x3a,0x00,0x10,0x00,0x00,0x00,0x00,0x00,
0x0a,0x00,0x10,0x00,0x02,0x00,0x00,0x00,0x32,0x00,0x00,0x09,0x12,0x00,0x10,0x00,
0x02,0x00,0x00,0x00,0x2a,0x00,0x10,0x00,0x0e,0x00,0x00,0x00,0x2a,0x00,0x10,0x00,
0x02,0x00,0x00,0x00,0x01,0x40,0x00,0x00,0x00,0x00,0x80,0xbf,0x32,0x00,0x00,0x09,
0x22,0x00,0x10,0x00,0x02,0x00,0x00,0x00,0x2a,0x00,0x10,0x00,0x02,0x00,0x00,0x00,
0x01,0x40,0x00,0x00,0xcd,0xcc,0xcc,0x3e,0x01,0x40,0x00,0x00,0x00,0x00,0x80,0xbf,
0x38,0x00,0x00,0x07,0x22,0x00,0x10,0x00,0x02,0x00,0x00,0x00,0x1a,0x00,0x10,0x00,
0x02,0x00,0x00,0x00,0x1a,0x00,0x10,0x00,0x02,0x00,0x00,0x00,0x32,0x00,0x00,0x09,
0x22,0x00,0x10,0x00,0x02,0x00,0x00,0x00,0x1a,0x00,0x10,0x00,0x02,0x00,0x00,0x00,
0x01,0x40,0x00,0x00,0x00,0x00,0xc8,0x3f,0x01,0x40,0x00,0x00,0x00,0x00,0x10,0xbf,
0x32,0x00,0x00,0x09,0x42,0x00,0x10,0x00,0x02,0x00,0x00,0x00,0x2a,0x00,0x10,0x00,
0x0e,0x00,0x00,0x00,0x3a,0x00,0x10,0x00,0x00,0x00,0x00,0x00,0x01,0x40,0x00,0x00,
0x00,0x00,0x80,0xbf,0x32,0x00,0x00,0x09,0x82,0x00,0x10,0x00,0x00,0x00,0x00,0x00,
0x3a,0x00,0x10,0x00,0x00,0x00,0x00,0x00,0x01,0x40,0x00,0x00,0xcd,0xcc,0xcc,0x3e,
0x01,0x40,0x00,0x00,0x00,0x00,0x80,0xbf,0x38,0x00,0x00,0x07,0x82,0x00,0x10,0x00,
0x00,0x00,0x00,0x00,0x3a,0x00,0x10,0x00,0x00,0x00,0x00,0x00,0x3a,0x00,0x10,0x00,
0x00,0x00,0x00,0x00,0x32,0x00,0x00,0x09,0x82,0x00,0x10,0x00,0x00,0x00,0x00,0x00,
0x3a,0x00,0x10,0x00,0x00,0x00,0x00,0x00,0x01,0x40,0x00,0x00,0x00,0x00,0xc8,0x3f,
0x01,0x40,0x00,0x00,0x00,0x00,0x10,0xbf,0x38,0x00,0x00,0x07,0x52,0x00,0x10,0x00,
0x02,0x00,0x00,0x00,0x06,0x02,0x10,0x00,0x02,0x00,0x00,0x00,0x06,0x02,0x10,0x00,
0x02,0x00,0x00,0x00,0x38,0x00,0x00,0x07,0x82,0x00,0x10,0x00,0x02,0x00,0x00,0x00,
0x0a,0x00,0x10,0x00,0x02,0x00,0x00,0x00,0x1a,0x00,0x10,0x00,0x02,0x00,0x00,0x00,
0x32,0x00,0x00,0x09,0x42,0x00,0x10,0x00,0x00,0x00,0x00,0x00,0x1a,0x00,0x10,0x00,
0x02,0x00,0x00,0x00,0x0a,0x00,0x10,0x00,0x02,0x00,0x00,0x00,0x2a,0x00,0x10,0x00,
0x00,0x00,0x00,0x00,0x32,0x00,0x00,0x09,0x42,0x00,0x10,0x00,0x00,0x00,0x00,0x00,
0x3a,0x00,0x10,0x00,0x00,0x00,0x00,0x00,0x2a,0x00,0x10,0x00,0x02,0x00,0x00,0x00,
0x2a,0x00,0x10,0x00,0x00,0x00,0x00,0x00,0x38,0x00,0x00,0x07,0x82,0x00,0x10,0x00,
0x00,0x00,0x00,0x00,0x3a,0x00,0x10,0x00,0x00,0x00,0x00,0x00,0x2a,0x00,0x10,0x00,
0x02,0x00,0x00,0x00,0x81,0x00,0x00,0x05,0x42,0x00,0x10,0x00,0x00,0x00,0x00,0x00,
0x2a,0x00,0x10,0x00,0x00,0x00,0x00,0x00,0x36,0x00,0x00,0x05,0x12,0x00,0x10,0x00,
0x11,0x00,0x00,0x00,0x0a,0x00,0x10,0x00,0x0b,0x00,0x00,0x00,0x36,0x00,0x00,0x05,
0x12,0x00,0x10,0x00,0x12,0x00,0x00,0x00,0x3a,0x00,0x10,0x00,0x0b,0x00,0x00,0x00,
0x36,0x00,0x00,0x05,0x22,0x00,0x10,0x00,0x12,0x00,0x00,0x00,0x3a,0x00,0x10,0x00,
0x11,0x00,0x00,0x00,0x36,0x00,0x00,0x05,0x42,0x00,0x10,0x00,0x11,0x00,0x00,0x00,
0x3a,0x00,0x10,0x00,0x12,0x00,0x00,0x00,0x32,0x00,0x00,0x09,0x72,0x00,0x10,0x00,
0x01,0x00,0x00,0x00,0x46,0x02,0x10,0x00,0x11,0x00,0x00,0x00,0xf6,0x0f,0x10,0x00,
0x02,0x00,0x00,0x00,0x46,0x02,0x10,0x00,0x01,0x00,0x00,0x00,0x32,0x00,0x00,0x09,
0x72,0x00,0x10,0x00,0x01,0x00,0x00,0x00,0x46,0x02,0x10,0x00,0x12,0x00,0x00,0x00,
0xf6,0x0f,0x10,0x00,0x00,0x00,0x00,0x00,0x46,0x02,0x10,0x00,0x01,0x00,0x00,0x00,
0x38,0x00,0x00,0x07,0x72,0x00,0x10,0x00,0x01,0x00,0x00,0x00,0xa6,0x0a,0x10,0x00,
0x00,0x00,0x00,0x00,0x46,0x02,0x10,0x00,0x01,0x00,0x00,0x00,0x33,0x00,0x00,0x07,
0x72,0x00,0x10,0x00,0x02,0x00,0x00,0x00,0x46,0x02,0x10,0x00,0x07,0x00,0x00,0x00,
0x46,0x02,0x10,0x00,0x08,0x00,0x00,0x00,0x34,0x00,0x00,0x07,0x72,0x00,0x10,0x00,
0x04,0x00,0x00,0x00,0x46,0x02,0x10,0x00,0x07,0x00,0x00,0x00,0x46,0x02,0x10,0x00,
0x08,0x00,0x00,0x00,0x34,0x00,0x00,0x07,0x72,0x00,0x10,0x00,0x04,0x00,0x00,0x00,
0x46,0x02,0x10,0x00,0x03,0x00,0x00,0x00,0x46,0x02,0x10,0x00,0x04,0x00,0x00,0x00,
0x33,0x00,0x00,0x07,0x72,0x00,0x10,0x00,0x02,0x00,0x00,0x00,0x46,0x02,0x10,0x00,
0x02,0x00,0x00,0x00,0x46,0x02,0x10,0x00,0x03,0x00,0x00,0x00,0x33,0x00,0x00,0x07,
0x72,0x00,0x10,0x00,0x02,0x00,0x00,0x00,0x46,0x02,0x10,0x00,0x09,0x00,0x00,0x00,
0x46,0x02,0x10,0x00,0x02,0x00,0x00,0x00,0x34,0x00,0x00,0x07,0x72,0x00,0x10,0x00,
0x03,0x00,0x00,0x00,0x46,0x02,0x10,0x00,0x09,0x00,0x00,0x00,0x46,0x02,0x10,0x00,
0x04,0x00,0x00,0x00,0x34,0x00,0x00,0x07,0x72,0x00,0x10,0x00,0x01,0x00,0x00,0x00,
0x46,0x02,0x10,0x00,0x01,0x00,0x00,0x00,0x46,0x02,0x10,0x00,0x02,0x00,0x00,0x00,
0x33,0x00,0x00,0x07,0x72,0x00,0x10,0x00,0x01,0x00,0x00,0x00,0x46,0x02,0x10,0x00,
0x01,0x00,0x00,0x00,0x46,0x02,0x10,0x00,0x03,0x00,0x00,0x00,0x38,0x00,0x00,0x07,
0x72,0x00,0x10,0x00,0x02,0x00,0x00,0x00,0x46,0x02,0x10,0x00,0x01,0x00,0x00,0x00,
0x46,0x02,0x10,0x00,0x01,0x00,0x00,0x00,0x37,0x00,0x00,0x09,0x72,0x00,0x10,0x00,
0x01,0x00,0x00,0x00,0xf6,0x0f,0x10,0x00,0x01,0x00,0x00,0x00,0x46,0x02,0x10,0x00,
0x02,0x00,0x00,0x00,0x46,0x02,0x10,0x00,0x01,0x00,0x00,0x00,0x2f,0x00,0x00,0x05,
0x72,0x00,0x10,0x00,0x01,0x00,0x00,0x00,0x46,0x02,0x10,0x00,0x01,0x00,0x00,0x00,
0x38,0x00,0x00,0x0a,0x72,0x00,0x10,0x00,0x01,0x00,0x00,0x00,0x46,0x02,0x10,0x00,
0x01,0x00,0x00,0x00,0x02,0x40,0x00,0x00,0x2f,0xba,0xe8,0x3e,0x2f,0xba,0xe8,0x3e,
0x2f,0xba,0xe8,0x3e,0x00,0x00,0x00,0x00,0x19,0x00,0x00,0x05,0x72,0x00,0x10,0x00,
0x02,0x00,0x00,0x00,0x46,0x02,0x10,0x00,0x01,0x00,0x00,0x00,0x36,0x00,0x00,0x05,
0x82,0x00,0x10,0x00,0x02,0x00,0x00,0x00,0x01,0x40,0x00,0x00,0x00,0x00,0x80,0x3f,
0xa4,0x00,0x00,0x07,0xf2,0xe0,0x11,0x00,0x00,0x00,0x00,0x00,0x46,0x05,0x10,0x00,
0x00,0x00,0x00,0x00,0x46,0x0e,0x10,0x00,0x02,0x00,0x00,0x00,0x56,0x00,0x00,0x05,
0x22,0x00,0x10,0x00,0x01,0x00,0x00,0x00,0x1a,0x00,0x10,0x00,0x00,0x00,0x00,0x00,
0x1e,0x00,0x00,0x07,0x12,0x00,0x10,0x00,0x02,0x00,0x00,0x00,0x0a,0x00,0x10,0x00,
0x00,0x00,0x00,0x00,0x01,0x40,0x00,0x00,0xf8,0xff,0xff,0xff,0x36,0x00,0x00,0x05,
0xe2,0x00,0x10,0x00,0x02,0x00,0x00,0x00,0x56,0x05,0x10,0x00,0x00,0x00,0x00,0x00,
0x56,0x00,0x00,0x05,0x12,0x00,0x10,0x00,0x01,0x00,0x00,0x00,0x0a,0x00,0x10,0x00,
0x02,0x00,0x00,0x00,0x32,0x00,0x00,0x0b,0x32,0x00,0x10,0x00,0x00,0x00,0x00,0x00,
0x46,0x00,0x10,0x00,0x01,0x00,0x00,0x00,0x46,0x80,0x20,0x00,0x00,0x00,0x00,0x00,
0x00,0x00,0x00,0x00,0xe6,0x8a,0x20,0x00,0x00,0x00,0x00,0x00,0x00,0x00,0x00,0x00,
0x41,0x00,0x00,0x05,0xc2,0x00,0x10,0x00,0x00,0x00,0x00,0x00,0x06,0x04,0x10,0x00,
0x00,0x00,0x00,0x00,0x00,0x00,0x00,0x08,0x32,0x00,0x10,0x00,0x00,0x00,0x00,0x00,
0xe6,0x0a,0x10,0x80,0x41,0x00,0x00,0x00,0x00,0x00,0x00,0x00,0x46,0x00,0x10,0x00,
0x00,0x00,0x00,0x00,0x32,0x00,0x00,0x0b,0xc2,0x00,0x10,0x00,0x00,0x00,0x00,0x00,
0xa6,0x0e,0x10,0x00,0x00,0x00,0x00,0x00,0x06,0x84,0x20,0x00,0x00,0x00,0x00,0x00,
0x01,0x00,0x00,0x00,0xa6,0x8e,0x20,0x00,0x00,0x00,0x00,0x00,0x01,0x00,0x00,0x00,
0x6d,0x00,0x00,0x8b,0xc2,0x00,0x00,0x80,0x43,0x55,0x15,0x00,0x32,0x00,0x10,0x00,
0x01,0x00,0x00,0x00,0xe6,0x0a,0x10,0x00,0x00,0x00,0x00,0x00,0x16,0x7e,0x10,0x00,
0x00,0x00,0x00,0x00,0x0a,0x60,0x10,0x00,0x00,0x00,0x00,0x00,0x36,0x00,0x00,0x05,
0x12,0x00,0x10,0x00,0x03,0x00,0x00,0x00,0x1a,0x00,0x10,0x00,0x01,0x00,0x00,0x00,
0x6d,0x00,0x00,0x8b,0xc2,0x00,0x00,0x80,0x43,0x55,0x15,0x00,0x32,0x00,0x10,0x00,
0x04,0x00,0x00,0x00,0xe6,0x0a,0x10,0x00,0x00,0x00,0x00,0x00,0x46,0x7e,0x10,0x00,
0x00,0x00,0x00,0x00,0x1a,0x60,0x10,0x00,0x00,0x00,0x00,0x00,0x36,0x00,0x00,0x05,
0x22,0x00,0x10,0x00,0x03,0x00,0x00,0x00,0x0a,0x00,0x10,0x00,0x04,0x00,0x00,0x00,
0x6d,0x00,0x00,0x8b,0xc2,0x00,0x00,0x80,0x43,0x55,0x15,0x00,0xc2,0x00,0x10,0x00,
0x04,0x00,0x00,0x00,0xe6,0x0a,0x10,0x00,0x00,0x00,0x00,0x00,0xe6,0x74,0x10,0x00,
0x00,0x00,0x00,0x00,0x2a,0x60,0x10,0x00,0x00,0x00,0x00,0x00,0x36,0x00,0x00,0x05,
0x42,0x00,0x10,0x00,0x03,0x00,0x00,0x00,0x2a,0x00,0x10,0x00,0x04,0x00,0x00,0x00,
0x32,0x00,0x00,0x0c,0x32,0x00,0x10,0x00,0x05,0x00,0x00,0x00,0x16,0x05,0x10,0x00,
0x01,0x00,0x00,0x00,0x02,0x40,0x00,0x00,0x00,0x00,0x00,0x3f,0x00,0x00,0x00,0x3f,
0x00,0x00,0x00,0x00,0x00,0x00,0x00,0x00,0x46,0x00,0x10,0x00,0x04,0x00,0x00,0x00,
0x36,0x00,0x00,0x05,0x62,0x00,0x10,0x00,0x01,0x00,0x00,0x00,0x56,0x07,0x10,0x00,
0x04,0x00,0x00,0x00,0x32,0x00,0x00,0x0c,0x32,0x00,0x10,0x00,0x04,0x00,0x00,0x00,
0xe6,0x0a,0x10,0x00,0x04,0x00,0x00,0x00,0x02,0x40,0x00,0x00,0x00,0x00,0x00,0x3f,
0x00,0x00,0x00,0x3f,0x00,0x00,0x00,0x00,0x00,0x00,0x00,0x00,0x46,0x00,0x10,0x00,
0x05,0x00,0x00,0x00,0x00,0x00,0x00,0x08,0xf2,0x00,0x10,0x00,0x05,0x00,0x00,0x00,
0xe6,0x0e,0x10,0x00,0x00,0x00,0x00,0x00,0x46,0x8e,0x20,0x00,0x00,0x00,0x00,0x00,
0x02,0x00,0x00,0x00,0x00,0x00,0x00,0x08,0xc2,0x00,0x10,0x00,0x00,0x00,0x00,0x00,
0xa6,0x0e,0x10,0x00,0x00,0x00,0x00,0x00,0x06,0x84,0x20,0x00,0x00,0x00,0x00,0x00,
0x03,0x00,0x00,0x00,0x6d,0x00,0x00,0x8b,0xc2,0x00,0x00,0x80,0x43,0x55,0x15,0x00,
0xf2,0x00,0x10,0x00,0x06,0x00,0x00,0x00,0xe6,0x0a,0x10,0x00,0x05,0x00,0x00,0x00,
0x46,0x7b,0x10,0x00,0x00,0x00,0x00,0x00,0x2a,0x60,0x10,0x00,0x00,0x00,0x00,0x00,
0x6d,0x00,0x00,0x8b,0xc2,0x00,0x00,0x80,0x43,0x55,0x15,0x00,0xf2,0x00,0x10,0x00,
0x07,0x00,0x00,0x00,0xe6,0x0a,0x10,0x00,0x05,0x00,0x00,0x00,0x46,0x7e,0x10,0x00,
0x00,0x00,0x00,0x00,0x0a,0x60,0x10,0x00,0x00,0x00,0x00,0x00,0x6d,0x00,0x00,0x8b,
0xc2,0x00,0x00,0x80,0x43,0x55,0x15,0x00,0xf2,0x00,0x10,0x00,0x08,0x00,0x00,0x00,
0xe6,0x0a,0x10,0x00,0x05,0x00,0x00,0x00,0x86,0x7d,0x10,0x00,0x00,0x00,0x00,0x00,
0x1a,0x60,0x10,0x00,0x00,0x00,0x00,0x00,0x32,0x00,0x00,0x0c,0xf2,0x00,0x10,0x00,
0x09,0x00,0x00,0x00,0x46,0x0e,0x10,0x00,0x07,0x00,0x00,0x00,0x02,0x40,0x00,0x00,
0x00,0x00,0x00,0x3f,0x00,0x00,0x00,0x3f,0x00,0x00,0x00,0x3f,0x00,0x00,0x00,0x3f,
0x86,0x0d,0x10,0x00,0x08,0x00,0x00,0x00,0x32,0x00,0x00,0x0c,0xf2,0x00,0x10,0x00,
0x09,0x00,0x00,0x00,0x46,0x0b,0x10,0x00,0x06,0x00,0x00,0x00,0x02,0x40,0x00,0x00,
0x00,0x00,0x00,0x3f,0x00,0x00,0x00,0x3f,0x00,0x00,0x00,0x3f,0x00,0x00,0x00,0x3f,
0x46,0x0e,0x10,0x00,0x09,0x00,0x00,0x00,0x00,0x00,0x00,0x08,0x62,0x00,0x10,0x00,
0x04,0x00,0x00,0x00,0x56,0x05,0x10,0x80,0x41,0x00,0x00,0x00,0x04,0x00,0x00,0x00,
0xf6,0x0c,0x10,0x00,0x09,0x00,0x00,0x00,0x00,0x00,0x00,0x08,0x72,0x00,0x10,0x00,
0x0a,0x00,0x00,0x00,0xf6,0x0c,0x10,0x80,0x41,0x00,0x00,0x00,0x09,0x00,0x00,0x00,
0x26,0x09,0x10,0x00,0x09,0x00,0x00,0x00,0x34,0x00,0x00,0x09,0x82,0x00,0x10,0x00,
0x03,0x00,0x00,0x00,0x1a,0x00,0x10,0x80,0x81,0x00,0x00,0x00,0x04,0x00,0x00,0x00,
0x1a,0x00,0x10,0x80,0x81,0x00,0x00,0x00,0x0a,0x00,0x00,0x00,0x1e,0x00,0x00,0x08,
0x82,0x00,0x10,0x00,0x03,0x00,0x00,0x00,0x3a,0x00,0x10,0x80,0x41,0x00,0x00,0x00,
0x03,0x00,0x00,0x00,0x01,0x40,0x00,0x00,0xbb,0x7e,0xf0,0x7e,0x38,0x20,0x00,0x08,
0x82,0x00,0x10,0x00,0x03,0x00,0x00,0x00,0x3a,0x00,0x10,0x00,0x03,0x00,0x00,0x00,
0x2a,0x00,0x10,0x80,0x81,0x00,0x00,0x00,0x04,0x00,0x00,0x00,0x38,0x00,0x00,0x07,
0x82,0x00,0x10,0x00,0x03,0x00,0x00,0x00,0x3a,0x00,0x10,0x00,0x03,0x00,0x00,0x00,
0x3a,0x00,0x10,0x00,0x03,0x00,0x00,0x00,0x6d,0x00,0x00,0x8b,0xc2,0x00,0x00,0x80,
0x43,0x55,0x15,0x00,0xf2,0x00,0x10,0x00,0x0b,0x00,0x00,0x00,0x46,0x00,0x10,0x00,
0x05,0x00,0x00,0x00,0x46,0x7b,0x10,0x00,0x00,0x00,0x00,0x00,0x2a,0x60,0x10,0x00,
0x00,0x00,0x00,0x00,0x6d,0x00,0x00,0x8b,0xc2,0x00,0x00,0x80,0x43,0x55,0x15,0x00,
0xf2,0x00,0x10,0x00,0x0c,0x00,0x00,0x00,0x46,0x00,0x10,0x00,0x05,0x00,0x00,0x00,
0x46,0x7e,0x10,0x00,0x00,0x00,0x00,0x00,0x0a,0x60,0x10,0x00,0x00,0x00,0x00,0x00,
0x6d,0x00,0x00,0x8b,0xc2,0x00,0x00,0x80,0x43,0x55,0x15,0x00,0xf2,0x00,0x10,0x00,
0x05,0x00,0x00,0x00,0x46,0x00,0x10,0x00,0x05,0x00,0x00,0x00,0x86,0x7d,0x10,0x00,
0x00,0x00,0x00,0x00,0x1a,0x60,0x10,0x00,0x00,0x00,0x00,0x00,0x32,0x00,0x00,0x0c,
0xf2,0x00,0x10,0x00,0x0d,0x00,0x00,0x00,0xe6,0x01,0x10,0x00,0x0c,0x00,0x00,0x00,
0x02,0x40,0x00,0x00,0x00,0x00,0x00,0x3f,0x00,0x00,0x00,0x3f,0x00,0x00,0x00,0x3f,
0x00,0x00,0x00,0x3f,0xd6,0x02,0x10,0x00,0x05,0x00,0x00,0x00,0x32,0x00,0x00,0x0c,
0xf2,0x00,0x10,0x00,0x0d,0x00,0x00,0x00,0xb6,0x01,0x10,0x00,0x0b,0x00,0x00,0x00,
0x02,0x40,0x00,0x00,0x00,0x00,0x00,0x3f,0x00,0x00,0x00,0x3f,0x00,0x00,0x00,0x3f,
0x00,0x00,0x00,0x3f,0x46,0x0e,0x10,0x00,0x0d,0x00,0x00,0x00,0x00,0x00,0x00,0x08,
0x32,0x00,0x10,0x00,0x04,0x00,0x00,0x00,0x06,0x00,0x10,0x80,0x41,0x00,0x00,0x00,
0x04,0x00,0x00,0x00,0x86,0x00,0x10,0x00,0x0d,0x00,0x00,0x00,0x00,0x00,0x00,0x08,
0x72,0x00,0x10,0x00,0x0e,0x00,0x00,0x00,0x16,0x07,0x10,0x80,0x41,0x00,0x00,0x00,
0x0d,0x00,0x00,0x00,0x86,0x02,0x10,0x00,0x0d,0x00,0x00,0x00,0x34,0x00,0x00,0x09,
0x12,0x00,0x10,0x00,0x04,0x00,0x00,0x00,0x0a,0x00,0x10,0x80,0x81,0x00,0x00,0x00,
0x04,0x00,0x00,0x00,0x1a,0x00,0x10,0x80,0x81,0x00,0x00,0x00,0x0e,0x00,0x00,0x00,
0x1e,0x00,0x00,0x08,0x12,0x00,0x10,0x00,0x04,0x00,0x00,0x00,0x0a,0x00,0x10,0x80,
0x41,0x00,0x00,0x00,0x04,0x00,0x00,0x00,0x01,0x40,0x00,0x00,0xbb,0x7e,0xf0,0x7e,
0x38,0x20,0x00,0x08,0x12,0x00,0x10,0x00,0x04,0x00,0x00,0x00,0x0a,0x00,0x10,0x00,
0x04,0x00,0x00,0x00,0x1a,0x00,0x10,0x80,0x81,0x00,0x00,0x00,0x04,0x00,0x00,0x00,
0x38,0x00,0x00,0x07,0x12,0x00,0x10,0x00,0x04,0x00,0x00,0x00,0x0a,0x00,0x10,0x00,
0x04,0x00,0x00,0x00,0x0a,0x00,0x10,0x00,0x04,0x00,0x00,0x00,0x00,0x00,0x00,0x0b,
0xf2,0x00,0x10,0x00,0x0f,0x00,0x00,0x00,0x46,0x04,0x10,0x80,0x41,0x00,0x00,0x00,
0x00,0x00,0x00,0x00,0x02,0x40,0x00,0x00,0x00,0x00,0x80,0x3f,0x00,0x00,0x80,0x3f,
0x00,0x00,0x00,0x00,0x00,0x00,0x80,0xbf,0x38,0x00,0x00,0x07,0x82,0x00,0x10,0x00,
0x04,0x00,0x00,0x00,0x1a,0x00,0x10,0x00,0x0f,0x00,0x00,0x00,0x0a,0x00,0x10,0x00,
0x0f,0x00,0x00,0x00,0x38,0x00,0x00,0x07,0x12,0x00,0x10,0x00,0x04,0x00,0x00,0x00,
0x3a,0x00,0x10,0x00,0x04,0x00,0x00,0x00,0x0a,0x00,0x10,0x00,0x04,0x00,0x00,0x00,
0x00,0x00,0x00,0x08,0xf2,0x00,0x10,0x00,0x10,0x00,0x00,0x00,0xf6,0x02,0x10,0x00,
0x09,0x00,0x00,0x00,0x46,0x08,0x10,0x80,0x41,0x00,0x00,0x00,0x0d,0x00,0x00,0x00,
0x34,0x00,0x00,0x09,0x52,0x00,0x10,0x00,0x0e,0x00,0x00,0x00,0x06,0x02,0x10,0x80,
0x81,0x00,0x00,0x00,0x0e,0x00,0x00,0x00,0x06,0x03,0x10,0x80,0x81,0x00,0x00,0x00,
0x10,0x00,0x00,0x00,0x1e,0x00,0x00,0x0b,0x52,0x00,0x10,0x00,0x0e,0x00,0x00,0x00,
0x06,0x02,0x10,0x80,0x41,0x00,0x00,0x00,0x0e,0x00,0x00,0x00,0x02,0x40,0x00,0x00,
0xbb,0x7e,0xf0,0x7e,0x00,0x00,0x00,0x00,0xbb,0x7e,0xf0,0x7e,0x00,0x00,0x00,0x00,
0x38,0x20,0x00,0x08,0x42,0x00,0x10,0x00,0x09,0x00,0x00,0x00,0x0a,0x00,0x10,0x00,
0x0e,0x00,0x00,0x00,0x1a,0x00,0x10,0x80,0x81,0x00,0x00,0x00,0x10,0x00,0x00,0x00,
0x38,0x00,0x00,0x07,0x42,0x00,0x10,0x00,0x09,0x00,0x00,0x00,0x2a,0x00,0x10,0x00,
0x09,0x00,0x00,0x00,0x2a,0x00,0x10,0x00,0x09,0x00,0x00,0x00,0x32,0x00,0x00,0x09,
0x12,0x00,0x10,0x00,0x04,0x00,0x00,0x00,0x2a,0x00,0x10,0x00,0x09,0x00,0x00,0x00,
0x3a,0x00,0x10,0x00,0x04,0x00,0x00,0x00,0x0a,0x00,0x10,0x00,0x04,0x00,0x00,0x00,
0x34,0x00,0x00,0x09,0x52,0x00,0x10,0x00,0x0a,0x00,0x00,0x00,0x06,0x02,0x10,0x80,
0x81,0x00,0x00,0x00,0x0a,0x00,0x00,0x00,0x06,0x03,0x10,0x80,0x81,0x00,0x00,0x00,
0x10,0x00,0x00,0x00,0x1e,0x00,0x00,0x0b,0x52,0x00,0x10,0x00,0x0a,0x00,0x00,0x00,
0x06,0x02,0x10,0x80,0x41,0x00,0x00,0x00,0x0a,0x00,0x00,0x00,0x02,0x40,0x00,0x00,
0xbb,0x7e,0xf0,0x7e,0x00,0x00,0x00,0x00,0xbb,0x7e,0xf0,0x7e,0x00,0x00,0x00,0x00,
0x38,0x20,0x00,0x08,0x42,0x00,0x10,0x00,0x09,0x00,0x00,0x00,0x0a,0x00,0x10,0x00,
0x0a,0x00,0x00,0x00,0x2a,0x00,0x10,0x80,0x81,0x00,0x00,0x00,0x10,0x00,0x00,0x00,
0x38,0x00,0x00,0x07,0x42,0x00,0x10,0x00,0x09,0x00,0x00,0x00,0x2a,0x00,0x10,0x00,
0x09,0x00,0x00,0x00,0x2a,0x00,0x10,0x00,0x09,0x00,0x00,0x00,0x38,0x00,0x00,0x07,
0x92,0x00,0x10,0x00,0x0a,0x00,0x00,0x00,0x06,0x04,0x10,0x00,0x00,0x00,0x00,0x00,
0x56,0x01,0x10,0x00,0x0f,0x00,0x00,0x00,0x32,0x00,0x00,0x09,0x12,0x00,0x10,0x00,
0x04,0x00,0x00,0x00,0x2a,0x00,0x10,0x00,0x09,0x00,0x00,0x00,0x0a,0x00,0x10,0x00,
0x0a,0x00,0x00,0x00,0x0a,0x00,0x10,0x00,0x04,0x00,0x00,0x00,0x32,0x00,0x00,0x09,
0x82,0x00,0x10,0x00,0x03,0x00,0x00,0x00,0x3a,0x00,0x10,0x00,0x03,0x00,0x00,0x00,
0x0a,0x00,0x10,0x00,0x0a,0x00,0x00,0x00,0x0a,0x00,0x10,0x00,0x04,0x00,0x00,0x00,
0x00,0x00,0x00,0x08,0x62,0x00,0x10,0x00,0x09,0x00,0x00,0x00,0x06,0x01,0x10,0x00,
0x09,0x00,0x00,0x00,0xf6,0x0e,0x10,0x80,0x41,0x00,0x00,0x00,0x0d,0x00,0x00,0x00,
0x38,0x20,0x00,0x08,0x12,0x00,0x10,0x00,0x04,0x00,0x00,0x00,0x2a,0x00,0x10,0x00,
0x0e,0x00,0x00,0x00,0x1a,0x00,0x10,0x80,0x81,0x00,0x00,0x00,0x09,0x00,0x00,0x00,
0x38,0x00,0x00,0x07,0x12,0x00,0x10,0x00,0x04,0x00,0x00,0x00,0x0a,0x00,0x10,0x00,
0x04,0x00,0x00,0x00,0x0a,0x00,0x10,0x00,0x04,0x00,0x00,0x00,0x32,0x00,0x00,0x09,
0x82,0x00,0x10,0x00,0x03,0x00,0x00,0x00,0x0a,0x00,0x10,0x00,0x04,0x00,0x00,0x00,
0x3a,0x00,0x10,0x00,0x0a,0x00,0x00,0x00,0x3a,0x00,0x10,0x00,0x03,0x00,0x00,0x00,
0x6d,0x00,0x00,0x8b,0xc2,0x00,0x00,0x80,0x43,0x55,0x15,0x00,0xa2,0x00,0x10,0x00,
0x0d,0x00,0x00,0x00,0xe6,0x0a,0x10,0x00,0x00,0x00,0x00,0x00,0x86,0x7d,0x10,0x00,
0x00,0x00,0x00,0x00,0x0a,0x60,0x10,0x00,0x00,0x00,0x00,0x00,0x6d,0x00,0x00,0x8b,
0xc2,0x00,0x00,0x80,0x43,0x55,0x15,0x00,0xa2,0x00,0x10,0x00,0x11,0x00,0x00,0x00,
0xe6,0x0a,0x10,0x00,0x00,0x00,0x00,0x00,0x86,0x7d,0x10,0x00,0x00,0x00,0x00,0x00,
0x1a,0x60,0x10,0x00,0x00,0x00,0x00,0x00,0x6d,0x00,0x00,0x8b,0xc2,0x00,0x00,0x80,
0x43,0x55,0x15,0x00,0xc2,0x00,0x10,0x00,0x12,0x00,0x00,0x00,0xe6,0x0a,0x10,0x00,
0x00,0x00,0x00,0x00,0x46,0x7b,0x10,0x00,0x00,0x00,0x00,0x00,0x2a,0x60,0x10,0x00,
0x00,0x00,0x00,0x00,0x32,0x00,0x00,0x0c,0xc2,0x00,0x10,0x00,0x00,0x00,0x00,0x00,
0x56,0x0d,0x10,0x00,0x0d,0x00,0x00,0x00,0x02,0x40,0x00,0x00,0x00,0x00,0x00,0x00,
0x00,0x00,0x00,0x00,0x00,0x00,0x00,0x3f,0x00,0x00,0x00,0x3f,0x56,0x0d,0x10,0x00,
0x11,0x00,0x00,0x00,0x32,0x00,0x00,0x0c,0xc2,0x00,0x10,0x00,0x00,0x00,0x00,0x00,
0xf6,0x0b,0x10,0x00,0x12,0x00,0x00,0x00,0x02,0x40,0x00,0x00,0x00,0x00,0x00,0x00,
0x00,0x00,0x00,0x00,0x00,0x00,0x00,0x3f,0x00,0x00,0x00,0x3f,0xa6,0x0e,0x10,0x00,
0x00,0x00,0x00,0x00,0x00,0x00,0x00,0x08,0x52,0x00,0x10,0x00,0x0d,0x00,0x00,0x00,
0xa6,0x08,0x10,0x80,0x41,0x00,0x00,0x00,0x0d,0x00,0x00,0x00,0xf6,0x0f,0x10,0x00,
0x00,0x00,0x00,0x00,0x00,0x00,0x00,0x08,0xc2,0x00,0x10,0x00,0x00,0x00,0x00,0x00,
0x06,0x0c,0x10,0x80,0x41,0x00,0x00,0x00,0x09,0x00,0x00,0x00,0xa6,0x0a,0x10,0x00,
0x00,0x00,0x00,0x00,0x34,0x00,0x00,0x09,0x12,0x00,0x10,0x00,0x04,0x00,0x00,0x00,
0x1a,0x00,0x10,0x80,0x81,0x00,0x00,0x00,0x0e,0x00,0x00,0x00,0x0a,0x00,0x10,0x80,
0x81,0x00,0x00,0x00,0x0d,0x00,0x00,0x00,0x1e,0x00,0x00,0x08,0x12,0x00,0x10,0x00,
0x04,0x00,0x00,0x00,0x0a,0x00,0x10,0x80,0x41,0x00,0x00,0x00,0x04,0x00,0x00,0x00,
0x01,0x40,0x00,0x00,0xbb,0x7e,0xf0,0x7e,0x38,0x20,0x00,0x08,0x12,0x00,0x10,0x00,
0x04,0x00,0x00,0x00,0x0a,0x00,0x10,0x00,0x04,0x00,0x00,0x00,0x2a,0x00,0x10,0x80,
0x81,0x00,0x00,0x00,0x0d,0x00,0x00,0x00,0x38,0x00,0x00,0x07,0x12,0x00,0x10,0x00,
0x04,0x00,0x00,0x00,0x0a,0x00,0x10,0x00,0x04,0x00,0x00,0x00,0x0a,0x00,0x10,0x00,
0x04,0x00,0x00,0x00,0x32,0x00,0x00,0x09,0x82,0x00,0x10,0x00,0x03,0x00,0x00,0x00,
0x0a,0x00,0x10,0x00,0x04,0x00,0x00,0x00,0x3a,0x00,0x10,0x00,0x0a,0x00,0x00,0x00,
0x3a,0x00,0x10,0x00,0x03,0x00,0x00,0x00,0x38,0x00,0x00,0x07,0x12,0x00,0x10,0x00,
0x04,0x00,0x00,0x00,0x1a,0x00,0x10,0x00,0x00,0x00,0x00,0x00,0x0a,0x00,0x10,0x00,
0x00,0x00,0x00,0x00,0x38,0x20,0x00,0x08,0x12,0x00,0x10,0x00,0x09,0x00,0x00,0x00,
0x2a,0x00,0x10,0x00,0x0a,0x00,0x00,0x00,0x2a,0x00,0x10,0x80,0x81,0x00,0x00,0x00,
0x09,0x00,0x00,0x00,0x38,0x00,0x00,0x07,0x12,0x00,0x10,0x00,0x09,0x00,0x00,0x00,
0x0a,0x00,0x10,0x00,0x09,0x00,0x00,0x00,0x0a,0x00,0x10,0x00,0x09,0x00,0x00,0x00,
0x32,0x00,0x00,0x09,0x82,0x00,0x10,0x00,0x03,0x00,0x00,0x00,0x0a,0x00,0x10,0x00,
0x09,0x00,0x00,0x00,0x0a,0x00,0x10,0x00,0x04,0x00,0x00,0x00,0x3a,0x00,0x10,0x00,
0x03,0x00,0x00,0x00,0x34,0x00,0x00,0x09,0x42,0x00,0x10,0x00,0x00,0x00,0x00,0x00,
0x1a,0x00,0x10,0x80,0x81,0x00,0x00,0x00,0x0a,0x00,0x00,0x00,0x2a,0x00,0x10,0x80,
0x81,0x00,0x00,0x00,0x00,0x00,0x00,0x00,0x1e,0x00,0x00,0x08,0x42,0x00,0x10,0x00,
0x00,0x00,0x00,0x00,0x2a,0x00,0x10,0x80,0x41,0x00,0x00,0x00,0x00,0x00,0x00,0x00,
0x01,0x40,0x00,0x00,0xbb,0x7e,0xf0,0x7e,0x38,0x20,0x00,0x08,0x42,0x00,0x10,0x00,
0x00,0x00,0x00,0x00,0x2a,0x00,0x10,0x00,0x00,0x00,0x00,0x00,0x3a,0x00,0x10,0x80,
0x81,0x00,0x00,0x00,0x00,0x00,0x00,0x00,0x38,0x00,0x00,0x07,0x42,0x00,0x10,0x00,
0x00,0x00,0x00,0x00,0x2a,0x00,0x10,0x00,0x00,0x00,0x00,0x00,0x2a,0x00,0x10,0x00,
0x00,0x00,0x00,0x00,0x32,0x00,0x00,0x09,0x42,0x00,0x10,0x00,0x00,0x00,0x00,0x00,
0x2a,0x00,0x10,0x00,0x00,0x00,0x00,0x00,0x0a,0x00,0x10,0x00,0x04,0x00,0x00,0x00,
0x3a,0x00,0x10,0x00,0x03,0x00,0x00,0x00,0x38,0x00,0x00,0x07,0x42,0x00,0x10,0x00,
0x00,0x00,0x00,0x00,0x2a,0x00,0x10,0x00,0x00,0x00,0x00,0x00,0x01,0x40,0x00,0x00,
0x00,0x00,0x00,0x3f,0x38,0x00,0x00,0x07,0x42,0x00,0x10,0x00,0x00,0x00,0x00,0x00,
0x2a,0x00,0x10,0x00,0x00,0x00,0x00,0x00,0x2a,0x00,0x10,0x00,0x00,0x00,0x00,0x00,
0x32,0x00,0x00,0x0f,0x62,0x00,0x10,0x00,0x0e,0x00,0x00,0x00,0xa6,0x0a,0x10,0x00,
0x00,0x00,0x00,0x00,0x02,0x40,0x00,0x00,0x00,0x00,0x00,0x00,0x00,0x00,0x00,0xbf,
0xe1,0x7a,0x94,0xbe,0x00,0x00,0x00,0x00,0x02,0x40,0x00,0x00,0x00,0x00,0x00,0x00,
0x00,0x00,0x80,0x3f,0x00,0x00,0x00,0x3f,0x00,0x00,0x00,0x00,0x38,0x00,0x00,0x07,
0x82,0x00,0x10,0x00,0x03,0x00,0x00,0x00,0x2a,0x00,0x10,0x00,0x04,0x00,0x00,0x00,
0x0a,0x00,0x10,0x00,0x0a,0x00,0x00,0x00,0x32,0x00,0x00,0x09,0x82,0x00,0x10,0x00,
0x03,0x00,0x00,0x00,0x1a,0x00,0x10,0x00,0x04,0x00,0x00,0x00,0x3a,0x00,0x10,0x00,
0x04,0x00,0x00,0x00,0x3a,0x00,0x10,0x00,0x03,0x00,0x00,0x00,0x32,0x00,0x00,0x09,
0x82,0x00,0x10,0x00,0x03,0x00,0x00,0x00,0x2a,0x00,0x10,0x00,0x0d,0x00,0x00,0x00,
0x3a,0x00,0x10,0x00,0x0a,0x00,0x00,0x00,0x3a,0x00,0x10,0x00,0x03,0x00,0x00,0x00,
0x32,0x00,0x00,0x09,0x42,0x00,0x10,0x00,0x13,0x00,0x00,0x00,0x3a,0x00,0x10,0x00,
0x00,0x00,0x00,0x00,0x0a,0x00,0x10,0x00,0x04,0x00,0x00,0x00,0x3a,0x00,0x10,0x00,
0x03,0x00,0x00,0x00,0x38,0x00,0x00,0x07,0x82,0x00,0x10,0x00,0x00,0x00,0x00,0x00,
0x0a,0x00,0x10,0x00,0x0a,0x00,0x00,0x00,0x2a,0x00,0x10,0x00,0x10,0x00,0x00,0x00,
0x32,0x00,0x00,0x09,0x82,0x00,0x10,0x00,0x00,0x00,0x00,0x00,0x1a,0x00,0x10,0x00,
0x10,0x00,0x00,0x00,0x3a,0x00,0x10,0x00,0x04,0x00,0x00,0x00,0x3a,0x00,0x10,0x00,
0x00,0x00,0x00,0x00,0x32,0x00,0x00,0x09,0x82,0x00,0x10,0x00,0x00,0x00,0x00,0x00,
0x1a,0x00,0x10,0x00,0x09,0x00,0x00,0x00,0x3a,0x00,0x10,0x00,0x0a,0x00,0x00,0x00,
0x3a,0x00,0x10,0x00,0x00,0x00,0x00,0x00,0x32,0x00,0x00,0x09,0x22,0x00,0x10,0x00,
0x13,0x00,0x00,0x00,0x2a,0x00,0x10,0x00,0x09,0x00,0x00,0x00,0x0a,0x00,0x10,0x00,
0x04,0x00,0x00,0x00,0x3a,0x00,0x10,0x00,0x00,0x00,0x00,0x00,0x38,0x00,0x00,0x07,
0x32,0x00,0x10,0x00,0x04,0x00,0x00,0x00,0x96,0x05,0x10,0x00,0x13,0x00,0x00,0x00,
0x96,0x05,0x10,0x00,0x13,0x00,0x00,0x00,0x00,0x00,0x00,0x07,0x82,0x00,0x10,0x00,
0x00,0x00,0x00,0x00,0x1a,0x00,0x10,0x00,0x04,0x00,0x00,0x00,0x0a,0x00,0x10,0x00,
0x04,0x00,0x00,0x00,0x55,0x00,0x00,0x07,0x82,0x00,0x10,0x00,0x03,0x00,0x00,0x00,
0x3a,0x00,0x10,0x00,0x00,0x00,0x00,0x00,0x01,0x40,0x00,0x00,0x01,0x00,0x00,0x00,
0x31,0x00,0x00,0x07,0x82,0x00,0x10,0x00,0x00,0x00,0x00,0x00,0x3a,0x00,0x10,0x00,
0x00,0x00,0x00,0x00,0x01,0x40,0x00,0x00,0x00,0x00,0x00,0x38,0x1e,0x00,0x00,0x08,
0x82,0x00,0x10,0x00,0x03,0x00,0x00,0x00,0x3a,0x00,0x10,0x80,0x41,0x00,0x00,0x00,
0x03,0x00,0x00,0x00,0x01,0x40,0x00,0x00,0x74,0x7d,0x34,0x5f,0x37,0x00,0x00,0x09,
0x82,0x00,0x10,0x00,0x03,0x00,0x00,0x00,0x3a,0x00,0x10,0x00,0x00,0x00,0x00,0x00,
0x01,0x40,0x00,0x00,0x00,0x00,0x80,0x3f,0x3a,0x00,0x10,0x00,0x03,0x00,0x00,0x00,
0x37,0x00,0x00,0x09,0x12,0x00,0x10,0x00,0x13,0x00,0x00,0x00,0x3a,0x00,0x10,0x00,
0x00,0x00,0x00,0x00,0x01,0x40,0x00,0x00,0x00,0x00,0x80,0x3f,0x1a,0x00,0x10,0x00,
0x13,0x00,0x00,0x00,0x38,0x00,0x00,0x07,0x32,0x00,0x10,0x00,0x04,0x00,0x00,0x00,
0xf6,0x0f,0x10,0x00,0x03,0x00,0x00,0x00,0x86,0x00,0x10,0x00,0x13,0x00,0x00,0x00,
0x34,0x00,0x00,0x09,0x82,0x00,0x10,0x00,0x00,0x00,0x00,0x00,0x1a,0x00,0x10,0x80,
0x81,0x00,0x00,0x00,0x04,0x00,0x00,0x00,0x0a,0x00,0x10,0x80,0x81,0x00,0x00,0x00,
0x04,0x00,0x00,0x00,0x1e,0x00,0x00,0x08,0x82,0x00,0x10,0x00,0x00,0x00,0x00,0x00,
0x3a,0x00,0x10,0x80,0x41,0x00,0x00,0x00,0x00,0x00,0x00,0x00,0x01,0x40,0x00,0x00,
0xbb,0x7e,0xf0,0x7e,0x0f,0x00,0x00,0x07,0x82,0x00,0x10,0x00,0x03,0x00,0x00,0x00,
0x46,0x00,0x10,0x00,0x04,0x00,0x00,0x00,0x46,0x00,0x10,0x00,0x04,0x00,0x00,0x00,
0x32,0x00,0x00,0x09,0x82,0x00,0x10,0x00,0x00,0x00,0x00,0x00,0x3a,0x00,0x10,0x00,
0x03,0x00,0x00,0x00,0x3a,0x00,0x10,0x00,0x00,0x00,0x00,0x00,0x01,0x40,0x00,0x00,
0x00,0x00,0x80,0xbf,0x32,0x00,0x00,0x09,0x12,0x00,0x10,0x00,0x0e,0x00,0x00,0x00,
0x3a,0x00,0x10,0x00,0x00,0x00,0x00,0x00,0x2a,0x00,0x10,0x00,0x00,0x00,0x00,0x00,
0x01,0x40,0x00,0x00,0x00,0x00,0x80,0x3f,0x00,0x00,0x00,0x0b,0xf2,0x00,0x10,0x00,
0x09,0x00,0x00,0x00,0x46,0x04,0x10,0x80,0x41,0x00,0x00,0x00,0x00,0x00,0x00,0x00,
0x02,0x40,0x00,0x00,0x00,0x00,0x80,0x3f,0x00,0x00,0x80,0xbf,0x00,0x00,0x80,0xbf,
0x00,0x00,0x80,0x3f,0x38,0x00,0x00,0x07,0xc2,0x00,0x10,0x00,0x00,0x00,0x00,0x00,
0x06,0x00,0x10,0x00,0x04,0x00,0x00,0x00,0x56,0x0d,0x10,0x00,0x09,0x00,0x00,0x00,
0x32,0x00,0x00,0x0a,0xc2,0x00,0x10,0x00,0x0a,0x00,0x00,0x00,0x06,0x08,0x10,0x00,
0x09,0x00,0x00,0x00,0x56,0x05,0x10,0x80,0x41,0x00,0x00,0x00,0x04,0x00,0x00,0x00,
0xa6,0x0e,0x10,0x00,0x00,0x00,0x00,0x00,0x0f,0x00,0x00,0x07,0x22,0x00,0x10,0x00,
0x0a,0x00,0x00,0x00,0x46,0x00,0x10,0x00,0x09,0x00,0x00,0x00,0x46,0x00,0x10,0x00,
0x04,0x00,0x00,0x00,0x0f,0x00,0x00,0x07,0x12,0x00,0x10,0x00,0x0a,0x00,0x00,0x00,
0xe6,0x0a,0x10,0x00,0x09,0x00,0x00,0x00,0x46,0x00,0x10,0x00,0x04,0x00,0x00,0x00,
0x38,0x00,0x00,0x07,0xc2,0x00,0x10,0x00,0x00,0x00,0x00,0x00,0x06,0x04,0x10,0x00,
0x0e,0x00,0x00,0x00,0x06,0x0c,0x10,0x00,0x0a,0x00,0x00,0x00,0x38,0x00,0x00,0x07,
0xc2,0x00,0x10,0x00,0x04,0x00,0x00,0x00,0x06,0x04,0x10,0x00,0x0e,0x00,0x00,0x00,
0x56,0x09,0x10,0x00,0x0a,0x00,0x00,0x00,0x0f,0x00,0x00,0x07,0x82,0x00,0x10,0x00,
0x03,0x00,0x00,0x00,0xe6,0x0a,0x10,0x00,0x04,0x00,0x00,0x00,0xe6,0x0a,0x10,0x00,
0x04,0x00,0x00,0x00,0x0f,0x00,0x00,0x07,0x42,0x00,0x10,0x00,0x00,0x00,0x00,0x00,
0xe6,0x0a,0x10,0x00,0x00,0x00,0x00,0x00,0xe6,0x0a,0x10,0x00,0x00,0x00,0x00,0x00,
0x1e,0x00,0x00,0x08,0x82,0x00,0x10,0x00,0x00,0x00,0x00,0x00,0x2a,0x00,0x10,0x80,
0x41,0x00,0x00,0x00,0x0e,0x00,0x00,0x00,0x01,0x40,0x00,0x00,0xbb,0x7e,0xf0,0x7e,
0x33,0x00,0x00,0x07,0x82,0x00,0x10,0x00,0x03,0x00,0x00,0x00,0x3a,0x00,0x10,0x00,
0x00,0x00,0x00,0x00,0x3a,0x00,0x10,0x00,0x03,0x00,0x00,0x00,0x32,0x00,0x00,0x09,
0x42,0x00,0x10,0x00,0x04,0x00,0x00,0x00,0x2a,0x00,0x10,0x00,0x0e,0x00,0x00,0x00,
0x3a,0x00,0x10,0x00,0x03,0x00,0x00,0x00,0x01,0x40,0x00,0x00,0x00,0x00,0x80,0xbf,
0x32,0x00,0x00,0x09,0x82,0x00,0x10,0x00,0x03,0x00,0x00,0x00,0x3a,0x00,0x10,0x00,
0x03,0x00,0x00,0x00,0x01,0x40,0x00,0x00,0xcd,0xcc,0xcc,0x3e,0x01,0x40,0x00,0x00,
0x00,0x00,0x80,0xbf,0x38,0x00,0x00,0x07,0x82,0x00,0x10,0x00,0x03,0x00,0x00,0x00,
0x3a,0x00,0x10,0x00,0x03,0x00,0x00,0x00,0x3a,0x00,0x10,0x00,0x03,0x00,0x00,0x00,
0x32,0x00,0x00,0x09,0x82,0x00,0x10,0x00,0x03,0x00,0x00,0x00,0x3a,0x00,0x10,0x00,
0x03,0x00,0x00,0x00,0x01,0x40,0x00,0x00,0x00,0x00,0xc8,0x3f,0x01,0x40,0x00,0x00,
0x00,0x00,0x10,0xbf,0x38,0x00,0x00,0x07,0x42,0x00,0x10,0x00,0x04,0x00,0x00,0x00,
0x2a,0x00,0x10,0x00,0x04,0x00,0x00,0x00,0x2a,0x00,0x10,0x00,0x04,0x00,0x00,0x00,
0x38,0x00,0x00,0x07,0x82,0x00,0x10,0x00,0x03,0x00,0x00,0x00,0x3a,0x00,0x10,0x00,
0x03,0x00,0x00,0x00,0x2a,0x00,0x10,0x00,0x04,0x00,0x00,0x00,0x38,0x00,0x00,0x07,
0x72,0x00,0x10,0x00,0x01,0x00,0x00,0x00,0x46,0x02,0x10,0x00,0x01,0x00,0x00,0x00,
0xf6,0x0f,0x10,0x00,0x03,0x00,0x00,0x00,0x38,0x00,0x00,0x07,0x42,0x00,0x10,0x00,
0x04,0x00,0x00,0x00,0x0a,0x00,0x10,0x00,0x04,0x00,0x00,0x00,0x3a,0x00,0x10,0x00,
0x0f,0x00,0x00,0x00,0x32,0x00,0x00,0x0a,0x22,0x00,0x10,0x00,0x09,0x00,0x00,0x00,
0x2a,0x00,0x10,0x00,0x0f,0x00,0x00,0x00,0x1a,0x00,0x10,0x80,0x41,0x00,0x00,0x00,
0x04,0x00,0x00,0x00,0x2a,0x00,0x10,0x00,0x04,0x00,0x00,0x00,0x0f,0x00,0x00,0x07,
0x12,0x00,0x10,0x00,0x09,0x00,0x00,0x00,0xe6,0x0a,0x10,0x00,0x0f,0x00,0x00,0x00,
0x46,0x00,0x10,0x00,0x04,0x00,0x00,0x00,0x38,0x00,0x00,0x07,0xc2,0x00,0x10,0x00,
0x04,0x00,0x00,0x00,0x06,0x04,0x10,0x00,0x0e,0x00,0x00,0x00,0x06,0x04,0x10,0x00,
0x09,0x00,0x00,0x00,0x0f,0x00,0x00,0x07,0x42,0x00,0x10,0x00,0x04,0x00,0x00,0x00,
0xe6,0x0a,0x10,0x00,0x04,0x00,0x00,0x00,0xe6,0x0a,0x10,0x00,0x04,0x00,0x00,0x00,
0x33,0x00,0x00,0x07,0x42,0x00,0x10,0x00,0x04,0x00,0x00,0x00,0x3a,0x00,0x10,0x00,
0x00,0x00,0x00,0x00,0x2a,0x00,0x10,0x00,0x04,0x00,0x00,0x00,0x32,0x00,0x00,0x09,
0x82,0x00,0x10,0x00,0x04,0x00,0x00,0x00,0x2a,0x00,0x10,0x00,0x0e,0x00,0x00,0x00,
0x2a,0x00,0x10,0x00,0x04,0x00,0x00,0x00,0x01,0x40,0x00,0x00,0x00,0x00,0x80,0xbf,
0x32,0x00,0x00,0x09,0x42,0x00,0x10,0x00,0x04,0x00,0x00,0x00,0x2a,0x00,0x10,0x00,
0x04,0x00,0x00,0x00,0x01,0x40,0x00,0x00,0xcd,0xcc,0xcc,0x3e,0x01,0x40,0x00,0x00,
0x00,0x00,0x80,0xbf,0x38,0x00,0x00,0x07,0xc2,0x00,0x10,0x00,0x04,0x00,0x00,0x00,
0xa6,0x0e,0x10,0x00,0x04,0x00,0x00,0x00,0xa6,0x0e,0x10,0x00,0x04,0x00,0x00,0x00,
0x32,0x00,0x00,0x09,0x42,0x00,0x10,0x00,0x04,0x00,0x00,0x00,0x2a,0x00,0x10,0x00,
0x04,0x00,0x00,0x00,0x01,0x40,0x00,0x00,0x00,0x00,0xc8,0x3f,0x01,0x40,0x00,0x00,
0x00,0x00,0x10,0xbf,0x38,0x00,0x00,0x07,0x12,0x00,0x10,0x00,0x09,0x00,0x00,0x00,
0x3a,0x00,0x10,0x00,0x04,0x00,0x00,0x00,0x2a,0x00,0x10,0x00,0x04,0x00,0x00,0x00,
0x32,0x00,0x00,0x09,0x82,0x00,0x10,0x00,0x03,0x00,0x00,0x00,0x2a,0x00,0x10,0x00,
0x04,0x00,0x00,0x00,0x3a,0x00,0x10,0x00,0x04,0x00,0x00,0x00,0x3a,0x00,0x10,0x00,
0x03,0x00,0x00,0x00,0x32,0x00,0x00,0x09,0x72,0x00,0x10,0x00,0x01,0x00,0x00,0x00,
0x46,0x02,0x10,0x00,0x03,0x00,0x00,0x00,0x06,0x00,0x10,0x00,0x09,0x00,0x00,0x00,
0x46,0x02,0x10,0x00,0x01,0x00,0x00,0x00,0x33,0x00,0x00,0x07,0x42,0x00,0x10,0x00,
0x00,0x00,0x00,0x00,0x3a,0x00,0x10,0x00,0x00,0x00,0x00,0x00,0x2a,0x00,0x10,0x00,
0x00,0x00,0x00,0x00,0x32,0x00,0x00,0x09,0x12,0x00,0x10,0x00,0x03,0x00,0x00,0x00,
0x2a,0x00,0x10,0x00,0x0e,0x00,0x00,0x00,0x2a,0x00,0x10,0x00,0x00,0x00,0x00,0x00,
0x01,0x40,0x00,0x00,0x00,0x00,0x80,0xbf,0x32,0x00,0x00,0x09,0x42,0x00,0x10,0x00,
0x00,0x00,0x00,0x00,0x2a,0x00,0x10,0x00,0x00,0x00,0x00,0x00,0x01,0x40,0x00,0x00,
0xcd,0xcc,0xcc,0x3e,0x01,0x40,0x00,0x00,0x00,0x00,0x80,0xbf,0x38,0x00,0x00,0x07,
0x42,0x00,0x10,0x00,0x00,0x00,0x00,0x00,0x2a,0x00,0x10,0x00,0x00,0x00,0x00,0x00,
0x2a,0x00,0x10,0x00,0x00,0x00,0x00,0x00,0x32,0x00,0x00,0x09,0x42,0x00,0x10,0x00,
0x00,0x00,0x00,0x00,0x2a,0x00,0x10,0x00,0x00,0x00,0x00,0x00,0x01,0x40,0x00,0x00,
0x00,0x00,0xc8,0x3f,0x01,0x40,0x00,0x00,0x00,0x00,0x10,0xbf,0x38,0x00,0x00,0x07,
0x12,0x00,0x10,0x00,0x03,0x00,0x00,0x00,0x0a,0x00,0x10,0x00,0x03,0x00,0x00,0x00,
0x0a,0x00,0x10,0x00,0x03,0x00,0x00,0x00,0x38,0x00,0x00,0x07,0x22,0x00,0x10,0x00,
0x03,0x00,0x00,0x00,0x2a,0x00,0x10,0x00,0x00,0x00,0x00,0x00,0x0a,0x00,0x10,0x00,
0x03,0x00,0x00,0x00,0x32,0x00,0x00,0x09,0x42,0x00,0x10,0x00,0x00,0x00,0x00,0x00,
0x2a,0x00,0x10,0x00,0x00,0x00,0x00,0x00,0x0a,0x00,0x10,0x00,0x03,0x00,0x00,0x00,
0x3a,0x00,0x10,0x00,0x03,0x00,0x00,0x00,0x36,0x00,0x00,0x05,0x12,0x00,0x10,0x00,
0x09,0x00,0x00,0x00,0x0a,0x00,0x10,0x00,0x0c,0x00,0x00,0x00,0x36,0x00,0x00,0x05,
0x22,0x00,0x10,0x00,0x09,0x00,0x00,0x00,0x0a,0x00,0x10,0x00,0x05,0x00,0x00,0x00,
0x36,0x00,0x00,0x05,0x42,0x00,0x10,0x00,0x09,0x00,0x00,0x00,0x0a,0x00,0x10,0x00,
0x0b,0x00,0x00,0x00,0x32,0x00,0x00,0x09,0x72,0x00,0x10,0x00,0x01,0x00,0x00,0x00,
0x46,0x02,0x10,0x00,0x09,0x00,0x00,0x00,0x56,0x05,0x10,0x00,0x03,0x00,0x00,0x00,
0x46,0x02,0x10,0x00,0x01,0x00,0x00,0x00,0x00,0x00,0x00,0x0b,0xf2,0x00,0x10,0x00,
0x03,0x00,0x00,0x00,0x46,0x04,0x10,0x80,0x41,0x00,0x00,0x00,0x00,0x00,0x00,0x00,
0x02,0x40,0x00,0x00,0x00,0x00,0x00,0x00,0x00,0x00,0x80,0x3f,0x00,0x00,0x80,0xbf,
0x00,0x00,0x00,0x00,0x38,0x00,0x00,0x07,0xc2,0x00,0x10,0x00,0x04,0x00,0x00,0x00,
0x06,0x00,0x10,0x00,0x04,0x00,0x00,0x00,0x56,0x0d,0x10,0x00,0x03,0x00,0x00,0x00,
0x32,0x00,0x00,0x0a,0xc2,0x00,0x10,0x00,0x09,0x00,0x00,0x00,0x06,0x08,0x10,0x00,
0x03,0x00,0x00,0x00,0x56,0x05,0x10,0x80,0x41,0x00,0x00,0x00,0x04,0x00,0x00,0x00,
0xa6,0x0e,0x10,0x00,0x04,0x00,0x00,0x00,0x0f,0x00,0x00,0x07,0x22,0x00,0x10,0x00,
0x09,0x00,0x00,0x00,0x46,0x00,0x10,0x00,0x03,0x00,0x00,0x00,0x46,0x00,0x10,0x00,
0x04,0x00,0x00,0x00,0x0f,0x00,0x00,0x07,0x12,0x00,0x10,0x00,0x09,0x00,0x00,0x00,
0xe6,0x0a,0x10,0x00,0x03,0x00,0x00,0x00,0x46,0x00,0x10,0x00,0x04,0x00,0x00,0x00,
0x38,0x00,0x00,0x07,0xf2,0x00,0x10,0x00,0x03,0x00,0x00,0x00,0x46,0x04,0x10,0x00,
0x0e,0x00,0x00,0x00,0xc6,0x09,0x10,0x00,0x09,0x00,0x00,0x00,0x0f,0x00,0x00,0x07,
0x42,0x00,0x10,0x00,0x03,0x00,0x00,0x00,0xe6,0x0a,0x10,0x00,0x03,0x00,0x00,0x00,
0xe6,0x0a,0x10,0x00,0x03,0x00,0x00,0x00,0x0f,0x00,0x00,0x07,0x12,0x00,0x10,0x00,
0x03,0x00,0x00,0x00,0x46,0x00,0x10,0x00,0x03,0x00,0x00,0x00,0x46,0x00,0x10,0x00,
0x03,0x00,0x00,0x00,0x33,0x00,0x00,0x07,0x52,0x00,0x10,0x00,0x03,0x00,0x00,0x00,
0xf6,0x0f,0x10,0x00,0x00,0x00,0x00,0x00,0x06,0x02,0x10,0x00,0x03,0x00,0x00,0x00,
0x32,0x00,0x00,0x09,0x22,0x00,0x10,0x00,0x03,0x00,0x00,0x00,0x2a,0x00,0x10,0x00,
0x0e,0x00,0x00,0x00,0x2a,0x00,0x10,0x00,0x03,0x00,0x00,0x00,0x01,0x40,0x00,0x00,
0x00,0x00,0x80,0xbf,0x32,0x00,0x00,0x09,0x42,0x00,0x10,0x00,0x03,0x00,0x00,0x00,
0x2a,0x00,0x10,0x00,0x03,0x00,0x00,0x00,0x01,0x40,0x00,0x00,0xcd,0xcc,0xcc,0x3e,
0x01,0x40,0x00,0x00,0x00,0x00,0x80,0xbf,0x38,0x00,0x00,0x07,0x62,0x00,0x10,0x00,
0x03,0x00,0x00,0x00,0x56,0x06,0x10,0x00,0x03,0x00,0x00,0x00,0x56,0x06,0x10,0x00,
0x03,0x00,0x00,0x00,0x32,0x00,0x00,0x09,0x42,0x00,0x10,0x00,0x03,0x00,0x00,0x00,
0x2a,0x00,0x10,0x00,0x03,0x00,0x00,0x00,0x01,0x40,0x00,0x00,0x00,0x00,0xc8,0x3f,
0x01,0x40,0x00,0x00,0x00,0x00,0x10,0xbf,0x38,0x00,0x00,0x07,0x82,0x00,0x10,0x00,
0x03,0x00,0x00,0x00,0x1a,0x00,0x10,0x00,0x03,0x00,0x00,0x00,0x2a,0x00,0x10,0x00,
0x03,0x00,0x00,0x00,0x32,0x00,0x00,0x09,0x42,0x00,0x10,0x00,0x00,0x00,0x00,0x00,
0x2a,0x00,0x10,0x00,0x03,0x00,0x00,0x00,0x1a,0x00,0x10,0x00,0x03,0x00,0x00,0x00,
0x2a,0x00,0x10,0x00,0x00,0x00,0x00,0x00,0x36,0x00,0x00,0x05,0x12,0x00,0x10,0x00,
0x09,0x00,0x00,0x00,0x1a,0x00,0x10,0x00,0x0c,0x00,0x00,0x00,0x36,0x00,0x00,0x05,
0x22,0x00,0x10,0x00,0x09,0x00,0x00,0x00,0x2a,0x00,0x10,0x00,0x05,0x00,0x00,0x00,
0x36,0x00,0x00,0x05,0x42,0x00,0x10,0x00,0x09,0x00,0x00,0x00,0x1a,0x00,0x10,0x00,
0x0b,0x00,0x00,0x00,0x32,0x00,0x00,0x09,0x72,0x00,0x10,0x00,0x01,0x00,0x00,0x00,
0x46,0x02,0x10,0x00,0x09,0x00,0x00,0x00,0xf6,0x0f,0x10,0x00,0x03,0x00,0x00,0x00,
0x46,0x02,0x10,0x00,0x01,0x00,0x00,0x00,0x38,0x00,0x00,0x08,0x22,0x00,0x10,0x00,
0x03,0x00,0x00,0x00,0x1a,0x00,0x10,0x80,0x41,0x00,0x00,0x00,0x00,0x00,0x00,0x00,
0x0a,0x00,0x10,0x00,0x04,0x00,0x00,0x00,0x32,0x00,0x00,0x09,0x22,0x00,0x10,0x00,
0x0a,0x00,0x00,0x00,0x0a,0x00,0x10,0x00,0x00,0x00,0x00,0x00,0x1a,0x00,0x10,0x00,
0x04,0x00,0x00,0x00,0x1a,0x00,0x10,0x00,0x03,0x00,0x00,0x00,0x0f,0x00,0x00,0x08,
0x12,0x00,0x10,0x00,0x0a,0x00,0x00,0x00,0x46,0x00,0x10,0x80,0x41,0x00,0x00,0x00,
0x00,0x00,0x00,0x00,0x46,0x00,0x10,0x00,0x04,0x00,0x00,0x00,0x38,0x00,0x00,0x07,
0x62,0x00,0x10,0x00,0x03,0x00,0x00,0x00,0x06,0x01,0x10,0x00,0x0e,0x00,0x00,0x00,
0x06,0x01,0x10,0x00,0x0a,0x00,0x00,0x00,0x0f,0x00,0x00,0x07,0x22,0x00,0x10,0x00,
0x03,0x00,0x00,0x00,0x96,0x05,0x10,0x00,0x03,0x00,0x00,0x00,0x96,0x05,0x10,0x00,
0x03,0x00,0x00,0x00,0x33,0x00,0x00,0x07,0x22,0x00,0x10,0x00,0x03,0x00,0x00,0x00,
0x3a,0x00,0x10,0x00,0x00,0x00,0x00,0x00,0x1a,0x00,0x10,0x00,0x03,0x00,0x00,0x00,
0x32,0x00,0x00,0x09,0x42,0x00,0x10,0x00,0x03,0x00,0x00,0x00,0x2a,0x00,0x10,0x00,
0x0e,0x00,0x00,0x00,0x1a,0x00,0x10,0x00,0x03,0x00,0x00,0x00,0x01,0x40,0x00,0x00,
0x00,0x00,0x80,0xbf,0x32,0x00,0x00,0x09,0x22,0x00,0x10,0x00,0x03,0x00,0x00,0x00,
0x1a,0x00,0x10,0x00,0x03,0x00,0x00,0x00,0x01,0x40,0x00,0x00,0xcd,0xcc,0xcc,0x3e,
0x01,0x40,0x00,0x00,0x00,0x00,0x80,0xbf,0x38,0x00,0x00,0x07,0x62,0x00,0x10,0x00,
0x03,0x00,0x00,0x00,0x56,0x06,0x10,0x00,0x03,0x00,0x00,0x00,0x56,0x06,0x10,0x00,
0x03,0x00,0x00,0x00,0x32,0x00,0x00,0x09,0x22,0x00,0x10,0x00,0x03,0x00,0x00,0x00,
0x1a,0x00,0x10,0x00,0x03,0x00,0x00,0x00,0x01,0x40,0x00,0x00,0x00,0x00,0xc8,0x3f,
0x01,0x40,0x00,0x00,0x00,0x00,0x10,0xbf,0x38,0x00,0x00,0x07,0x82,0x00,0x10,0x00,
0x03,0x00,0x00,0x00,0x2a,0x00,0x10,0x00,0x03,0x00,0x00,0x00,0x1a,0x00,0x10,0x00,
0x03,0x00,0x00,0x00,0x32,0x00,0x00,0x09,0x42,0x00,0x10,0x00,0x00,0x00,0x00,0x00,
0x1a,0x00,0x10,0x00,0x03,0x00,0x00,0x00,0x2a,0x00,0x10,0x00,0x03,0x00,0x00,0x00,
0x2a,0x00,0x10,0x00,0x00,0x00,0x00,0x00,0x36,0x00,0x00,0x05,0x12,0x00,0x10,0x00,
0x05,0x00,0x00,0x00,0x2a,0x00,0x10,0x00,0x0c,0x00,0x00,0x00,0x36,0x00,0x00,0x05,
0x12,0x00,0x10,0x00,0x0b,0x00,0x00,0x00,0x3a,0x00,0x10,0x00,0x0c,0x00,0x00,0x00,
0x36,0x00,0x00,0x05,0x22,0x00,0x10,0x00,0x0b,0x00,0x00,0x00,0x3a,0x00,0x10,0x00,
0x05,0x00,0x00,0x00,0x36,0x00,0x00,0x05,0x42,0x00,0x10,0x00,0x05,0x00,0x00,0x00,
0x3a,0x00,0x10,0x00,0x0b,0x00,0x00,0x00,0x32,0x00,0x00,0x09,0x72,0x00,0x10,0x00,
0x01,0x00,0x00,0x00,0x46,0x02,0x10,0x00,0x05,0x00,0x00,0x00,0xf6,0x0f,0x10,0x00,
0x03,0x00,0x00,0x00,0x46,0x02,0x10,0x00,0x01,0x00,0x00,0x00,0x32,0x00,0x00,0x09,
0x22,0x00,0x10,0x00,0x03,0x00,0x00,0x00,0x2a,0x00,0x10,0x00,0x0e,0x00,0x00,0x00,
0x0a,0x00,0x10,0x00,0x03,0x00,0x00,0x00,0x01,0x40,0x00,0x00,0x00,0x00,0x80,0xbf,
0x32,0x00,0x00,0x09,0x12,0x00,0x10,0x00,0x03,0x00,0x00,0x00,0x0a,0x00,0x10,0x00,
0x03,0x00,0x00,0x00,0x01,0x40,0x00,0x00,0xcd,0xcc,0xcc,0x3e,0x01,0x40,0x00,0x00,
0x00,0x00,0x80,0xbf,0x38,0x00,0x00,0x07,0x32,0x00,0x10,0x00,0x03,0x00,0x00,0x00,
0x46,0x00,0x10,0x00,0x03,0x00,0x00,0x00,0x46,0x00,0x10,0x00,0x03,0x00,0x00,0x00,
0x32,0x00,0x00,0x09,0x12,0x00,0x10,0x00,0x03,0x00,0x00,0x00,0x0a,0x00,0x10,0x00,
0x03,0x00,0x00,0x00,0x01,0x40,0x00,0x00,0x00,0x00,0xc8,0x3f,0x01,0x40,0x00,0x00,
0x00,0x00,0x10,0xbf,0x38,0x00,0x00,0x07,0x42,0x00,0x10,0x00,0x03,0x00,0x00,0x00,
0x1a,0x00,0x10,0x00,0x03,0x00,0x00,0x00,0x0a,0x00,0x10,0x00,0x03,0x00,0x00,0x00,
0x32,0x00,0x00,0x09,0x42,0x00,0x10,0x00,0x00,0x00,0x00,0x00,0x0a,0x00,0x10,0x00,
0x03,0x00,0x00,0x00,0x1a,0x00,0x10,0x00,0x03,0x00,0x00,0x00,0x2a,0x00,0x10,0x00,
0x00,0x00,0x00,0x00,0x32,0x00,0x00,0x09,0x72,0x00,0x10,0x00,0x01,0x00,0x00,0x00,
0x46,0x02,0x10,0x00,0x0b,0x00,0x00,0x00,0xa6,0x0a,0x10,0x00,0x03,0x00,0x00,0x00,
0x46,0x02,0x10,0x00,0x01,0x00,0x00,0x00,0x00,0x00,0x00,0x0b,0xf2,0x00,0x10,0x00,
0x03,0x00,0x00,0x00,0x46,0x04,0x10,0x80,0x41,0x00,0x00,0x00,0x00,0x00,0x00,0x00,
0x02,0x40,0x00,0x00,0x00,0x00,0x80,0x3f,0x00,0x00,0x80,0x3f,0x00,0x00,0x00,0x40,
0x00,0x00,0x80,0x3f,0x38,0x00,0x00,0x07,0xc2,0x00,0x10,0x00,0x04,0x00,0x00,0x00,
0x06,0x00,0x10,0x00,0x04,0x00,0x00,0x00,0x56,0x0d,0x10,0x00,0x03,0x00,0x00,0x00,
0x32,0x00,0x00,0x0a,0xc2,0x00,0x10,0x00,0x0a,0x00,0x00,0x00,0x06,0x08,0x10,0x00,
0x03,0x00,0x00,0x00,0x56,0x05,0x10,0x80,0x41,0x00,0x00,0x00,0x04,0x00,0x00,0x00,
0xa6,0x0e,0x10,0x00,0x04,0x00,0x00,0x00,0x0f,0x00,0x00,0x07,0x22,0x00,0x10,0x00,
0x0a,0x00,0x00,0x00,0x46,0x00,0x10,0x00,0x03,0x00,0x00,0x00,0x46,0x00,0x10,0x00,
0x04,0x00,0x00,0x00,0x0f,0x00,0x00,0x07,0x12,0x00,0x10,0x00,0x0a,0x00,0x00,0x00,
0xe6,0x0a,0x10,0x00,0x03,0x00,0x00,0x00,0x46,0x00,0x10,0x00,0x04,0x00,0x00,0x00,
0x38,0x00,0x00,0x07,0xf2,0x00,0x10,0x00,0x03,0x00,0x00,0x00,0x46,0x04,0x10,0x00,
0x0e,0x00,0x00,0x00,0xc6,0x09,0x10,0x00,0x0a,0x00,0x00,0x00,0x0f,0x00,0x00,0x07,
0x42,0x00,0x10,0x00,0x03,0x00,0x00,0x00,0xe6,0x0a,0x10,0x00,0x03,0x00,0x00,0x00,
0xe6,0x0a,0x10,0x00,0x03,0x00,0x00,0x00,0x0f,0x00,0x00,0x07,0x12,0x00,0x10,0x00,
0x03,0x00,0x00,0x00,0x46,0x00,0x10,0x00,0x03,0x00,0x00,0x00,0x46,0x00,0x10,0x00,
0x03,0x00,0x00,0x00,0x33,0x00,0x00,0x07,0x52,0x00,0x10,0x00,0x03,0x00,0x00,0x00,
0xf6,0x0f,0x10,0x00,0x00,0x00,0x00,0x00,0x06,0x02,0x10,0x00,0x03,0x00,0x00,0x00,
0x32,0x00,0x00,0x09,0x22,0x00,0x10,0x00,0x03,0x00,0x00,0x00,0x2a,0x00,0x10,0x00,
0x0e,0x00,0x00,0x00,0x2a,0x00,0x10,0x00,0x03,0x00,0x00,0x00,0x01,0x40,0x00,0x00,
0x00,0x00,0x80,0xbf,0x32,0x00,0x00,0x09,0x42,0x00,0x10,0x00,0x03,0x00,0x00,0x00,
0x2a,0x00,0x10,0x00,0x03,0x00,0x00,0x00,0x01,0x40,0x00,0x00,0xcd,0xcc,0xcc,0x3e,
0x01,0x40,0x00,0x00,0x00,0x00,0x80,0xbf,0x38,0x00,0x00,0x07,0x62,0x00,0x10,0x00,
0x03,0x00,0x00,0x00,0x56,0x06,0x10,0x00,0x03,0x00,0x00,0x00,0x56,0x06,0x10,0x00,
0x03,0x00,0x00,0x00,0x32,0x00,0x00,0x09,0x42,0x00,0x10,0x00,0x03,0x00,0x00,0x00,
0x2a,0x00,0x10,0x00,0x03,0x00,0x00,0x00,0x01,0x40,0x00,0x00,0x00,0x00,0xc8,0x3f,
0x01,0x40,0x00,0x00,0x00,0x00,0x10,0xbf,0x38,0x00,0x00,0x07,0x82,0x00,0x10,0x00,
0x03,0x00,0x00,0x00,0x1a,0x00,0x10,0x00,0x03,0x00,0x00,0x00,0x2a,0x00,0x10,0x00,
0x03,0x00,0x00,0x00,0x32,0x00,0x00,0x09,0x42,0x00,0x10,0x00,0x00,0x00,0x00,0x00,
0x2a,0x00,0x10,0x00,0x03,0x00,0x00,0x00,0x1a,0x00,0x10,0x00,0x03,0x00,0x00,0x00,
0x2a,0x00,0x10,0x00,0x00,0x00,0x00,0x00,0x36,0x00,0x00,0x05,0x12,0x00,0x10,0x00,
0x0a,0x00,0x00,0x00,0x0a,0x00,0x10,0x00,0x07,0x00,0x00,0x00,0x36,0x00,0x00,0x05,
0x22,0x00,0x10,0x00,0x0a,0x00,0x00,0x00,0x0a,0x00,0x10,0x00,0x08,0x00,0x00,0x00,
0x36,0x00,0x00,0x05,0x42,0x00,0x10,0x00,0x0a,0x00,0x00,0x00,0x0a,0x00,0x10,0x00,
0x06,0x00,0x00,0x00,0x32,0x00,0x00,0x09,0x72,0x00,0x10,0x00,0x01,0x00,0x00,0x00,
0x46,0x02,0x10,0x00,0x0a,0x00,0x00,0x00,0xf6,0x0f,0x10,0x00,0x03,0x00,0x00,0x00,
0x46,0x02,0x10,0x00,0x01,0x00,0x00,0x00,0x32,0x00,0x00,0x09,0x22,0x00,0x10,0x00,
0x03,0x00,0x00,0x00,0x2a,0x00,0x10,0x00,0x0e,0x00,0x00,0x00,0x0a,0x00,0x10,0x00,
0x03,0x00,0x00,0x00,0x01,0x40,0x00,0x00,0x00,0x00,0x80,0xbf,0x32,0x00,0x00,0x09,
0x12,0x00,0x10,0x00,0x03,0x00,0x00,0x00,0x0a,0x00,0x10,0x00,0x03,0x00,0x00,0x00,
0x01,0x40,0x00,0x00,0xcd,0xcc,0xcc,0x3e,0x01,0x40,0x00,0x00,0x00,0x00,0x80,0xbf,
0x38,0x00,0x00,0x07,0x32,0x00,0x10,0x00,0x03,0x00,0x00,0x00,0x46,0x00,0x10,0x00,
0x03,0x00,0x00,0x00,0x46,0x00,0x10,0x00,0x03,0x00,0x00,0x00,0x32,0x00,0x00,0x09,
0x12,0x00,0x10,0x00,0x03,0x00,0x00,0x00,0x0a,0x00,0x10,0x00,0x03,0x00,0x00,0x00,
0x01,0x40,0x00,0x00,0x00,0x00,0xc8,0x3f,0x01,0x40,0x00,0x00,0x00,0x00,0x10,0xbf,
0x38,0x00,0x00,0x07,0x42,0x00,0x10,0x00,0x03,0x00,0x00,0x00,0x1a,0x00,0x10,0x00,
0x03,0x00,0x00,0x00,0x0a,0x00,0x10,0x00,0x03,0x00,0x00,0x00,0x32,0x00,0x00,0x09,
0x42,0x00,0x10,0x00,0x00,0x00,0x00,0x00,0x0a,0x00,0x10,0x00,0x03,0x00,0x00,0x00,
0x1a,0x00,0x10,0x00,0x03,0x00,0x00,0x00,0x2a,0x00,0x10,0x00,0x00,0x00,0x00,0x00,
0x36,0x00,0x00,0x05,0x12,0x00,0x10,0x00,0x0b,0x00,0x00,0x00,0x1a,0x00,0x10,0x00,
0x07,0x00,0x00,0x00,0x36,0x00,0x00,0x05,0x22,0x00,0x10,0x00,0x0b,0x00,0x00,0x00,
0x2a,0x00,0x10,0x00,0x08,0x00,0x00,0x00,0x36,0x00,0x00,0x05,0x42,0x00,0x10,0x00,
0x0b,0x00,0x00,0x00,0x1a,0x00,0x10,0x00,0x06,0x00,0x00,0x00,0x32,0x00,0x00,0x09,
0x72,0x00,0x10,0x00,0x01,0x00,0x00,0x00,0x46,0x02,0x10,0x00,0x0b,0x00,0x00,0x00,
0xa6,0x0a,0x10,0x00,0x03,0x00,0x00,0x00,0x46,0x02,0x10,0x00,0x01,0x00,0x00,0x00,
0x00,0x00,0x00,0x0b,0xf2,0x00,0x10,0x00,0x03,0x00,0x00,0x00,0x46,0x04,0x10,0x80,
0x41,0x00,0x00,0x00,0x00,0x00,0x00,0x00,0x02,0x40,0x00,0x00,0x00,0x00,0x00,0x40,
0x00,0x00,0x00,0x00,0x00,0x00,0x80,0x3f,0x00,0x00,0x00,0x00,0x00,0x00,0x00,0x0b,
0xf2,0x00,0x10,0x00,0x0b,0x00,0x00,0x00,0x46,0x04,0x10,0x80,0x41,0x00,0x00,0x00,
0x00,0x00,0x00,0x00,0x02,0x40,0x00,0x00,0x00,0x00,0x80,0x3f,0x00,0x00,0x00,0x40,
0x00,0x00,0x00,0x00,0x00,0x00,0x00,0x40,0x38,0x00,0x00,0x07,0x32,0x00,0x10,0x00,
0x00,0x00,0x00,0x00,0x06,0x00,0x10,0x00,0x04,0x00,0x00,0x00,0xd6,0x05,0x10,0x00,
0x03,0x00,0x00,0x00,0x32,0x00,0x00,0x0a,0xc2,0x00,0x10,0x00,0x0c,0x00,0x00,0x00,
0x06,0x08,0x10,0x00,0x03,0x00,0x00,0x00,0x56,0x05,0x10,0x80,0x41,0x00,0x00,0x00,
0x04,0x00,0x00,0x00,0x06,0x04,0x10,0x00,0x00,0x00,0x00,0x00,0x0f,0x00,0x00,0x07,
0x22,0x00,0x10,0x00,0x0c,0x00,0x00,0x00,0x46,0x00,0x10,0x00,0x03,0x00,0x00,0x00,
0x46,0x00,0x10,0x00,0x04,0x00,0x00,0x00,0x0f,0x00,0x00,0x07,0x12,0x00,0x10,0x00,
0x0c,0x00,0x00,0x00,0xe6,0x0a,0x10,0x00,0x03,0x00,0x00,0x00,0x46,0x00,0x10,0x00,
0x04,0x00,0x00,0x00,0x38,0x00,0x00,0x07,0x32,0x00,0x10,0x00,0x00,0x00,0x00,0x00,
0x46,0x00,0x10,0x00,0x0e,0x00,0x00,0x00,0xc6,0x00,0x10,0x00,0x0c,0x00,0x00,0x00,
0x38,0x00,0x00,0x07,0x32,0x00,0x10,0x00,0x03,0x00,0x00,0x00,0x46,0x00,0x10,0x00,
0x0e,0x00,0x00,0x00,0x96,0x05,0x10,0x00,0x0c,0x00,0x00,0x00,0x0f,0x00,0x00,0x07,
0x12,0x00,0x10,0x00,0x03,0x00,0x00,0x00,0x46,0x00,0x10,0x00,0x03,0x00,0x00,0x00,
0x46,0x00,0x10,0x00,0x03,0x00,0x00,0x00,0x33,0x00,0x00,0x07,0x12,0x00,0x10,0x00,
0x03,0x00,0x00,0x00,0x3a,0x00,0x10,0x00,0x00,0x00,0x00,0x00,0x0a,0x00,0x10,0x00,
0x03,0x00,0x00,0x00,0x0f,0x00,0x00,0x07,0x12,0x00,0x10,0x00,0x00,0x00,0x00,0x00,
0x46,0x00,0x10,0x00,0x00,0x00,0x00,0x00,0x46,0x00,0x10,0x00,0x00,0x00,0x00,0x00,
0x33,0x00,0x00,0x07,0x12,0x00,0x10,0x00,0x00,0x00,0x00,0x00,0x3a,0x00,0x10,0x00,
0x00,0x00,0x00,0x00,0x0a,0x00,0x10,0x00,0x00,0x00,0x00,0x00,0x32,0x00,0x00,0x09,
0x22,0x00,0x10,0x00,0x00,0x00,0x00,0x00,0x2a,0x00,0x10,0x00,0x0e,0x00,0x00,0x00,
0x0a,0x00,0x10,0x00,0x03,0x00,0x00,0x00,0x01,0x40,0x00,0x00,0x00,0x00,0x80,0xbf,
0x32,0x00,0x00,0x09,0x12,0x00,0x10,0x00,0x03,0x00,0x00,0x00,0x0a,0x00,0x10,0x00,
0x03,0x00,0x00,0x00,0x01,0x40,0x00,0x00,0xcd,0xcc,0xcc,0x3e,0x01,0x40,0x00,0x00,
0x00,0x00,0x80,0xbf,0x38,0x00,0x00,0x07,0x12,0x00,0x10,0x00,0x03,0x00,0x00,0x00,
0x0a,0x00,0x10,0x00,0x03,0x00,0x00,0x00,0x0a,0x00,0x10,0x00,0x03,0x00,0x00,0x00,
0x32,0x00,0x00,0x09,0x12,0x00,0x10,0x00,0x03,0x00,0x00,0x00,0x0a,0x00,0x10,0x00,
0x03,0x00,0x00,0x00,0x01,0x40,0x00,0x00,0x00,0x00,0xc8,0x3f,0x01,0x40,0x00,0x00,
0x00,0x00,0x10,0xbf,0x38,0x00,0x00,0x07,0x22,0x00,0x10,0x00,0x00,0x00,0x00,0x00,
0x1a,0x00,0x10,0x00,0x00,0x00,0x00,0x00,0x1a,0x00,0x10,0x00,0x00,0x00,0x00,0x00,
0x38,0x00,0x00,0x07,0x22,0x00,0x10,0x00,0x03,0x00,0x00,0x00,0x1a,0x00,0x10,0x00,
0x00,0x00,0x00,0x00,0x0a,0x00,0x10,0x00,0x03,0x00,0x00,0x00,0x32,0x00,0x00,0x09,
0x22,0x00,0x10,0x00,0x00,0x00,0x00,0x00,0x0a,0x00,0x10,0x00,0x03,0x00,0x00,0x00,
0x1a,0x00,0x10,0x00,0x00,0x00,0x00,0x00,0x2a,0x00,0x10,0x00,0x00,0x00,0x00,0x00,
0x36,0x00,0x00,0x05,0x12,0x00,0x10,0x00,0x08,0x00,0x00,0x00,0x2a,0x00,0x10,0x00,
0x07,0x00,0x00,0x00,0x36,0x00,0x00,0x05,0x12,0x00,0x10,0x00,0x06,0x00,0x00,0x00,
0x3a,0x00,0x10,0x00,0x07,0x00,0x00,0x00,0x36,0x00,0x00,0x05,0x22,0x00,0x10,0x00,
0x06,0x00,0x00,0x00,0x3a,0x00,0x10,0x00,0x08,0x00,0x00,0x00,0x36,0x00,0x00,0x05,
0x42,0x00,0x10,0x00,0x08,0x00,0x00,0x00,0x3a,0x00,0x10,0x00,0x06,0x00,0x00,0x00,
0x32,0x00,0x00,0x09,0x72,0x00,0x10,0x00,0x01,0x00,0x00,0x00,0x46,0x02,0x10,0x00,
0x08,0x00,0x00,0x00,0x56,0x05,0x10,0x00,0x03,0x00,0x00,0x00,0x46,0x02,0x10,0x00,
0x01,0x00,0x00,0x00,0x32,0x00,0x00,0x09,0x42,0x00,0x10,0x00,0x00,0x00,0x00,0x00,
0x2a,0x00,0x10,0x00,0x0e,0x00,0x00,0x00,0x0a,0x00,0x10,0x00,0x00,0x00,0x00,0x00,
0x01,0x40,0x00,0x00,0x00,0x00,0x80,0xbf,0x32,0x00,0x00,0x09,0x12,0x00,0x10,0x00,
0x00,0x00,0x00,0x00,0x0a,0x00,0x10,0x00,0x00,0x00,0x00,0x00,0x01,0x40,0x00,0x00,
0xcd,0xcc,0xcc,0x3e,0x01,0x40,0x00,0x00,0x00,0x00,0x80,0xbf,0x38,0x00,0x00,0x07,
0x52,0x00,0x10,0x00,0x00,0x00,0x00,0x00,0x06,0x02,0x10,0x00,0x00,0x00,0x00,0x00,
0x06,0x02,0x10,0x00,0x00,0x00,0x00,0x00,0x32,0x00,0x00,0x09,0x12,0x00,0x10,0x00,
0x00,0x00,0x00,0x00,0x0a,0x00,0x10,0x00,0x00,0x00,0x00,0x00,0x01,0x40,0x00,0x00,
0x00,0x00,0xc8,0x3f,0x01,0x40,0x00,0x00,0x00,0x00,0x10,0xbf,0x38,0x00,0x00,0x07,
0x12,0x00,0x10,0x00,0x03,0x00,0x00,0x00,0x2a,0x00,0x10,0x00,0x00,0x00,0x00,0x00,
0x0a,0x00,0x10,0x00,0x00,0x00,0x00,0x00,0x32,0x00,0x00,0x09,0x12,0x00,0x10,0x00,
0x00,0x00,0x00,0x00,0x0a,0x00,0x10,0x00,0x00,0x00,0x00,0x00,0x2a,0x00,0x10,0x00,
0x00,0x00,0x00,0x00,0x1a,0x00,0x10,0x00,0x00,0x00,0x00,0x00,0x32,0x00,0x00,0x09,
0x72,0x00,0x10,0x00,0x01,0x00,0x00,0x00,0x46,0x02,0x10,0x00,0x06,0x00,0x00,0x00,
0x06,0x00,0x10,0x00,0x03,0x00,0x00,0x00,0x46,0x02,0x10,0x00,0x01,0x00,0x00,0x00,
0x36,0x00,0x00,0x05,0x12,0x00,0x10,0x00,0x11,0x00,0x00,0x00,0x1a,0x00,0x10,0x00,
0x0d,0x00,0x00,0x00,0x36,0x00,0x00,0x05,0x12,0x00,0x10,0x00,0x12,0x00,0x00,0x00,
0x3a,0x00,0x10,0x00,0x0d,0x00,0x00,0x00,0x36,0x00,0x00,0x05,0x22,0x00,0x10,0x00,
0x12,0x00,0x00,0x00,0x3a,0x00,0x10,0x00,0x11,0x00,0x00,0x00,0x36,0x00,0x00,0x05,
0x42,0x00,0x10,0x00,0x11,0x00,0x00,0x00,0x3a,0x00,0x10,0x00,0x12,0x00,0x00,0x00,
0x38,0x00,0x00,0x07,0x62,0x00,0x10,0x00,0x00,0x00,0x00,0x00,0x06,0x00,0x10,0x00,
0x04,0x00,0x00,0x00,0x56,0x07,0x10,0x00,0x0b,0x00,0x00,0x00,0x32,0x00,0x00,0x0a,
0xc2,0x00,0x10,0x00,0x03,0x00,0x00,0x00,0x06,0x08,0x10,0x00,0x0b,0x00,0x00,0x00,
0x56,0x05,0x10,0x80,0x41,0x00,0x00,0x00,0x04,0x00,0x00,0x00,0x56,0x09,0x10,0x00,
0x00,0x00,0x00,0x00,0x0f,0x00,0x00,0x07,0x22,0x00,0x10,0x00,0x03,0x00,0x00,0x00,
0x46,0x00,0x10,0x00,0x0b,0x00,0x00,0x00,0x46,0x00,0x10,0x00,0x04,0x00,0x00,0x00,
0x0f,0x00,0x00,0x07,0x12,0x00,0x10,0x00,0x03,0x00,0x00,0x00,0xe6,0x0a,0x10,0x00,
0x0b,0x00,0x00,0x00,0x46,0x00,0x10,0x00,0x04,0x00,0x00,0x00,0x38,0x00,0x00,0x07,
0x62,0x00,0x10,0x00,0x00,0x00,0x00,0x00,0x06,0x01,0x10,0x00,0x0e,0x00,0x00,0x00,
0x06,0x03,0x10,0x00,0x03,0x00,0x00,0x00,0x38,0x00,0x00,0x07,0x32,0x00,0x10,0x00,
0x03,0x00,0x00,0x00,0x46,0x00,0x10,0x00,0x0e,0x00,0x00,0x00,0x96,0x05,0x10,0x00,
0x03,0x00,0x00,0x00,0x0f,0x00,0x00,0x07,0x12,0x00,0x10,0x00,0x03,0x00,0x00,0x00,
0x46,0x00,0x10,0x00,0x03,0x00,0x00,0x00,0x46,0x00,0x10,0x00,0x03,0x00,0x00,0x00,
0x33,0x00,0x00,0x07,0x12,0x00,0x10,0x00,0x03,0x00,0x00,0x00,0x3a,0x00,0x10,0x00,
0x00,0x00,0x00,0x00,0x0a,0x00,0x10,0x00,0x03,0x00,0x00,0x00,0x0f,0x00,0x00,0x07,
0x22,0x00,0x10,0x00,0x00,0x00,0x00,0x00,0x96,0x05,0x10,0x00,0x00,0x00,0x00,0x00,
0x96,0x05,0x10,0x00,0x00,0x00,0x00,0x00,0x33,0x00,0x00,0x07,0x22,0x00,0x10,0x00,
0x00,0x00,0x00,0x00,0x3a,0x00,0x10,0x00,0x00,0x00,0x00,0x00,0x1a,0x00,0x10,0x00,
0x00,0x00,0x00,0x00,0x32,0x00,0x00,0x09,0x42,0x00,0x10,0x00,0x00,0x00,0x00,0x00,
0x2a,0x00,0x10,0x00,0x0e,0x00,0x00,0x00,0x0a,0x00,0x10,0x00,0x03,0x00,0x00,0x00,
0x01,0x40,0x00,0x00,0x00,0x00,0x80,0xbf,0x32,0x00,0x00,0x09,0x82,0x00,0x10,0x00,
0x00,0x00,0x00,0x00,0x0a,0x00,0x10,0x00,0x03,0x00,0x00,0x00,0x01,0x40,0x00,0x00,
0xcd,0xcc,0xcc,0x3e,0x01,0x40,0x00,0x00,0x00,0x00,0x80,0xbf,0x38,0x00,0x00,0x07,
0xc2,0x00,0x10,0x00,0x00,0x00,0x00,0x00,0xa6,0x0e,0x10,0x00,0x00,0x00,0x00,0x00,
0xa6,0x0e,0x10,0x00,0x00,0x00,0x00,0x00,0x32,0x00,0x00,0x09,0x82,0x00,0x10,0x00,
0x00,0x00,0x00,0x00,0x3a,0x00,0x10,0x00,0x00,0x00,0x00,0x00,0x01,0x40,0x00,0x00,
0x00,0x00,0xc8,0x3f,0x01,0x40,0x00,0x00,0x00,0x00,0x10,0xbf,0x32,0x00,0x00,0x09,
0x12,0x00,0x10,0x00,0x03,0x00,0x00,0x00,0x2a,0x00,0x10,0x00,0x0e,0x00,0x00,0x00,
0x1a,0x00,0x10,0x00,0x00,0x00,0x00,0x00,0x01,0x40,0x00,0x00,0x00,0x00,0x80,0xbf,
0x32,0x00,0x00,0x09,0x22,0x00,0x10,0x00,0x00,0x00,0x00,0x00,0x1a,0x00,0x10,0x00,
0x00,0x00,0x00,0x00,0x01,0x40,0x00,0x00,0xcd,0xcc,0xcc,0x3e,0x01,0x40,0x00,0x00,
0x00,0x00,0x80,0xbf,0x38,0x00,0x00,0x07,0x22,0x00,0x10,0x00,0x00,0x00,0x00,0x00,
0x1a,0x00,0x10,0x00,0x00,0x00,0x00,0x00,0x1a,0x00,0x10,0x00,0x00,0x00,0x00,0x00,
0x32,0x00,0x00,0x09,0x22,0x00,0x10,0x00,0x00,0x00,0x00,0x00,0x1a,0x00,0x10,0x00,
0x00,0x00,0x00,0x00,0x01,0x40,0x00,0x00,0x00,0x00,0xc8,0x3f,0x01,0x40,0x00,0x00,
0x00,0x00,0x10,0xbf,0x38,0x00,0x00,0x07,0x12,0x00,0x10,0x00,0x03,0x00,0x00,0x00,
0x0a,0x00,0x10,0x00,0x03,0x00,0x00,0x00,0x0a,0x00,0x10,0x00,0x03,0x00,0x00,0x00,
0x38,0x00,0x00,0x07,0x22,0x00,0x10,0x00,0x03,0x00,0x00,0x00,0x2a,0x00,0x10,0x00,
0x00,0x00,0x00,0x00,0x3a,0x00,0x10,0x00,0x00,0x00,0x00,0x00,0x32,0x00,0x00,0x09,
0x12,0x00,0x10,0x00,0x00,0x00,0x00,0x00,0x3a,0x00,0x10,0x00,0x00,0x00,0x00,0x00,
0x2a,0x00,0x10,0x00,0x00,0x00,0x00,0x00,0x0a,0x00,0x10,0x00,0x00,0x00,0x00,0x00,
0x32,0x00,0x00,0x09,0x12,0x00,0x10,0x00,0x00,0x00,0x00,0x00,0x1a,0x00,0x10,0x00,
0x00,0x00,0x00,0x00,0x0a,0x00,0x10,0x00,0x03,0x00,0x00,0x00,0x0a,0x00,0x10,0x00,
0x00,0x00,0x00,0x00,0x38,0x00,0x00,0x07,0x22,0x00,0x10,0x00,0x00,0x00,0x00,0x00,
0x1a,0x00,0x10,0x00,0x00,0x00,0x00,0x00,0x0a,0x00,0x10,0x00,0x03,0x00,0x00,0x00,
0x81,0x00,0x00,0x05,0x12,0x00,0x10,0x00,0x00,0x00,0x00,0x00,0x0a,0x00,0x10,0x00,
0x00,0x00,0x00,0x00,0x32,0x00,0x00,0x09,0x72,0x00,0x10,0x00,0x01,0x00,0x00,0x00,
0x46,0x02,0x10,0x00,0x11,0x00,0x00,0x00,0x56,0x05,0x10,0x00,0x03,0x00,0x00,0x00,
0x46,0x02,0x10,0x00,0x01,0x00,0x00,0x00,0x32,0x00,0x00,0x09,0xe2,0x00,0x10,0x00,
0x00,0x00,0x00,0x00,0x06,0x09,0x10,0x00,0x12,0x00,0x00,0x00,0x56,0x05,0x10,0x00,
0x00,0x00,0x00,0x00,0x06,0x09,0x10,0x00,0x01,0x00,0x00,0x00,0x38,0x00,0x00,0x07,
0x72,0x00,0x10,0x00,0x00,0x00,0x00,0x00,0x06,0x00,0x10,0x00,0x00,0x00,0x00,0x00,
0x96,0x07,0x10,0x00,0x00,0x00,0x00,0x00,0x33,0x00,0x00,0x07,0x72,0x00,0x10,0x00,
0x01,0x00,0x00,0x00,0x46,0x02,0x10,0x00,0x09,0x00,0x00,0x00,0x46,0x02,0x10,0x00,
0x06,0x00,0x00,0x00,0x34,0x00,0x00,0x07,0x72,0x00,0x10,0x00,0x03,0x00,0x00,0x00,
0x46,0x02,0x10,0x00,0x09,0x00,0x00,0x00,0x46,0x02,0x10,0x00,0x06,0x00,0x00,0x00,
0x34,0x00,0x00,0x07,0x72,0x00,0x10,0x00,0x03,0x00,0x00,0x00,0x46,0x02,0x10,0x00,
0x03,0x00,0x00,0x00,0x46,0x02,0x10,0x00,0x05,0x00,0x00,0x00,0x33,0x00,0x00,0x07,
0x72,0x00,0x10,0x00,0x01,0x00,0x00,0x00,0x46,0x02,0x10,0x00,0x01,0x00,0x00,0x00,
0x46,0x02,0x10,0x00,0x05,0x00,0x00,0x00,0x33,0x00,0x00,0x07,0x72,0x00,0x10,0x00,
0x01,0x00,0x00,0x00,0x46,0x02,0x10,0x00,0x0a,0x00,0x00,0x00,0x46,0x02,0x10,0x00,
0x01,0x00,0x00,0x00,0x34,0x00,0x00,0x07,0x72,0x00,0x10,0x00,0x03,0x00,0x00,0x00,
0x46,0x02,0x10,0x00,0x0a,0x00,0x00,0x00,0x46,0x02,0x10,0x00,0x03,0x00,0x00,0x00,
0x34,0x00,0x00,0x07,0x72,0x00,0x10,0x00,0x00,0x00,0x00,0x00,0x46,0x02,0x10,0x00,
0x00,0x00,0x00,0x00,0x46,0x02,0x10,0x00,0x01,0x00,0x00,0x00,0x33,0x00,0x00,0x07,
0x72,0x00,0x10,0x00,0x00,0x00,0x00,0x00,0x46,0x02,0x10,0x00,0x00,0x00,0x00,0x00,
0x46,0x02,0x10,0x00,0x03,0x00,0x00,0x00,0x38,0x00,0x00,0x07,0x72,0x00,0x10,0x00,
0x01,0x00,0x00,0x00,0x46,0x02,0x10,0x00,0x00,0x00,0x00,0x00,0x46,0x02,0x10,0x00,
0x00,0x00,0x00,0x00,0x37,0x00,0x00,0x09,0x72,0x00,0x10,0x00,0x00,0x00,0x00,0x00,
0xf6,0x0f,0x10,0x00,0x01,0x00,0x00,0x00,0x46,0x02,0x10,0x00,0x01,0x00,0x00,0x00,
0x46,0x02,0x10,0x00,0x00,0x00,0x00,0x00,0x2f,0x00,0x00,0x05,0x72,0x00,0x10,0x00,
0x00,0x00,0x00,0x00,0x46,0x02,0x10,0x00,0x00,0x00,0x00,0x00,0x38,0x00,0x00,0x0a,
0x72,0x00,0x10,0x00,0x00,0x00,0x00,0x00,0x46,0x02,0x10,0x00,0x00,0x00,0x00,0x00,
0x02,0x40,0x00,0x00,0x2f,0xba,0xe8,0x3e,0x2f,0xba,0xe8,0x3e,0x2f,0xba,0xe8,0x3e,
0x00,0x00,0x00,0x00,0x19,0x00,0x00,0x05,0x72,0x00,0x10,0x00,0x00,0x00,0x00,0x00,
0x46,0x02,0x10,0x00,0x00,0x00,0x00,0x00,0x36,0x00,0x00,0x05,0x82,0x00,0x10,0x00,
0x00,0x00,0x00,0x00,0x01,0x40,0x00,0x00,0x00,0x00,0x80,0x3f,0xa4,0x00,0x00,0x07,
0xf2,0xe0,0x11,0x00,0x00,0x00,0x00,0x00,0x46,0x0e,0x10,0x00,0x02,0x00,0x00,0x00,
0x46,0x0e,0x10,0x00,0x00,0x00,0x00,0x00,0x3e,0x00,0x00,0x01,0x53,0x54,0x41,0x54,
0x94,0x00,0x00,0x00,0xb1,0x04,0x00,0x00,0x15,0x00,0x00,0x00,0x00,0x00,0x00,0x00,
0x02,0x00,0x00,0x00,0xc1,0x03,0x00,0x00,0x28,0x00,0x00,0x00,0x05,0x00,0x00,0x00,
0x01,0x00,0x00,0x00,0x00,0x00,0x00,0x00,0x00,0x00,0x00,0x00,0x00,0x00,0x00,0x00,
0x00,0x00,0x00,0x00,0x00,0x00,0x00,0x00,0x00,0x00,0x00,0x00,0x00,0x00,0x00,0x00,
0x00,0x00,0x00,0x00,0x00,0x00,0x00,0x00,0x00,0x00,0x00,0x00,0x00,0x00,0x00,0x00,
0x78,0x00,0x00,0x00,0x0c,0x00,0x00,0x00,0x07,0x00,0x00,0x00,0x00,0x00,0x00,0x00,
0x00,0x00,0x00,0x00,0x00,0x00,0x00,0x00,0x00,0x00,0x00,0x00,0x30,0x00,0x00,0x00,
0x00,0x00,0x00,0x00,0x00,0x00,0x00,0x00,0x00,0x00,0x00,0x00,0x00,0x00,0x00,0x00,
0x00,0x00,0x00,0x00,0x00,0x00,0x00,0x00,0x00,0x00,0x00,0x00,0x00,0x00,0x00,0x00,
0x00,0x00,0x00,0x00,0x04,0x00,0x00,0x00
};

